Date,Momentum_excess_momentum,Momentum_excess_volatility,Momentum_excess_kurtosis,Momentum_excess_skewness,Value_excess_momentum,Value_excess_volatility,Value_excess_kurtosis,Value_excess_skewness,Quality_excess_momentum,Quality_excess_volatility,Quality_excess_kurtosis,Quality_excess_skewness,Momentum_relative_volatility,Momentum_relative_kurtosis,Momentum_relative_skewness,Value_relative_volatility,Value_relative_kurtosis,Value_relative_skewness,Quality_relative_volatility,Quality_relative_kurtosis,Quality_relative_skewness,Momentum_momentum_1M,Momentum_momentum_3M,Momentum_momentum_6M,Momentum_momentum_12M,Momentum_momentum_24M,Value_momentum_1M,Value_momentum_3M,Value_momentum_6M,Value_momentum_12M,Value_momentum_24M,Quality_momentum_1M,Quality_momentum_3M,Quality_momentum_6M,Quality_momentum_12M,Quality_momentum_24M
2004-02-01,,,,,,,,,,,,,,,,,,,,,,,,,,,,,,,,,,,,
2004-03-01,,,,,,,,,,,,,,,,,,,,,,0.02,,,,,0.01,,,,,,,,,
2004-04-01,,,,,,,,,,,,,,,,,,,,,,0.01,0.01,,,,0.01,0.03,,,,,,,,
2004-05-01,,,,,,,,,,,,,,,,,,,,,,-0.02,-0.01,,,,0.01,0.02,,,,,,,,
2004-06-01,,,,,,,,,,,,,,,,,,,,,,0,-0.02,,,,0,0.02,,,,,,,,
2004-07-01,0,0.018973666,-1.777777778,0,0.03,0.018708287,0.142040816,-1.204539519,,,,,0.661437828,2.190915076,-0.758019072,0.197642354,-6.606451613,-2.089143435,,,,0,0.01,0.02,,,0.01,0.02,0.05,,,,,,,
2004-08-01,0.08,0.028047579,-0.565354783,0.520755644,0.11,0.017224014,0.076505492,1.048087791,,,,,2.6179493,-0.448121972,-2.56374093,1.847872871,-0.96978438,-3.367771877,,,,0.01,0.08,0.07,,,0.01,0.08,0.1,,,,,,,
2004-09-01,0.06,0.029664794,-0.70661157,0.704978539,0.1,0.018618987,-0.221893491,0.935323106,,,,,1.091320958,-2.900930952,0.367318274,0.93417292,-2.349296951,0.571773906,,,,0.07,0.15,0.13,,,0.06,0.15,0.17,,,,,,,
2004-10-01,0.07,0.02786874,-0.561771261,0.845753786,0.08,0.021602469,-0.607346939,0.705100121,,,,,0.852802865,1.420648286,0.179687426,0.8238003,1.224324105,0.436396338,,,,0.07,0.19,0.2,,,0.08,0.19,0.21,,,,,,,
2004-11-01,0.15,0.045934736,-0.970732913,0.759514751,0.12,0.028982753,-1.469387755,0.431959398,,,,,1.286231291,0.853165138,0.338939319,0.929528194,1.297406245,-0.589505196,,,,0.05,0.24,0.32,,,0.05,0.21,0.29,,,,,,,
2004-12-01,0.11,0.05419102,-1.035581535,0.347539727,0.07,0.04070217,-1.048067074,-0.248378412,,,,,0.906049421,0.302873471,-25.41008645,0.653115117,0.503932335,36.79210679,,,,0.12,0.21,0.36,,,0.08,0.17,0.32,,,,,,,
2005-01-01,0.06,0.057619441,-1.090434025,0.639068913,0.03,0.042308392,-1.288911083,0.208292469,,,,,1.199037101,0.292165554,0.920591932,0.802730901,0.498182765,-4.307805528,,,,0.04,0.16,0.35,0.37,,0.04,0.13,0.32,0.37,,,,,,
2005-02-01,0.03,0.053572381,-0.302079666,0.936188158,0.02,0.040331956,-1.137194303,0.215207921,,,,,1.202833534,0.206051003,4.059840271,0.797030965,0.535336777,-2.747872388,,,,0,0.08,0.32,0.39,,0.01,0.1,0.31,0.41,,,,,,
2005-03-01,-0.05,0.066458007,-0.691757067,0.522903158,-0.07,0.055647701,-1.164924957,-0.040119431,,,,,1.819763298,0.533195134,0.466329785,1.41557273,0.448601169,-1.634615768,,,,0.04,0,0.21,0.34,,0.05,0.02,0.19,0.36,,,,,,
2005-04-01,-0.05,0.066458007,-0.691757067,0.522903158,-0.08,0.05573748,-1.175486747,0.05763947,,,,,1.571320343,1.118666836,1.66267389,1.316561177,2.373127028,-0.294300329,,,,-0.04,-0.03,0.13,0.33,,-0.04,-0.03,0.1,0.31,,,,,,
2005-05-01,-0.02,0.076594169,-0.357520661,0.797441438,-0.05,0.064316924,-0.945468453,0.365252209,,,,,1.040833,1.103746123,1.296353737,0.900561994,1.498504198,-2.136590098,,,,-0.03,0.02,0.1,0.42,,-0.04,-0.03,0.07,0.36,,,,,,
2005-06-01,-0.03,0.077910205,-0.424487514,0.790808089,-0.04,0.063140056,-0.862003781,0.334610312,,,,,1.080253546,0.741547897,14.94470446,0.958673901,1.330392995,-12.8090328,,,,0.09,0.08,0.08,0.44,,0.05,0.05,0.07,0.39,,,,,,
2005-07-01,0.05,0.079603183,-0.981110471,0.263837115,0.04,0.068019605,-1.316911527,-0.178530161,,,,,1.220952549,1.244933647,-3.110103756,1.196538008,1.137498442,-11.2578701,,,,0.02,0.19,0.16,0.51,,0.04,0.18,0.15,0.47,,,,,,
2005-08-01,-0.03,0.08191459,-0.831807854,0.699542266,-0.07,0.071949056,-1.360214677,0.421432318,,,,,1.066170132,1.028862091,-4.68E-16,1.026345661,0.927365622,-0.054811952,,,,0.08,0.13,0.15,0.47,,0.09,0.14,0.11,0.42,,,,,,
2005-09-01,0.13,0.074408781,-1.311214783,0.245986885,0.08,0.065012819,-1.635283464,-0.090538231,,,,,0.974714049,0.782052136,8.980671839,0.964274111,0.561451081,9.853848038,,,,0.03,0.2,0.28,0.49,,0.01,0.18,0.23,0.42,,,,,,
2005-10-01,0.01,0.097245394,-1.334406899,-0.026073973,-0.02,0.085009803,-1.552940456,-0.218413905,,,,,1.032065683,1.090685733,0.943044317,0.893237001,1.188058023,0.641750688,,,,0.09,0.08,0.27,0.4,,0.08,0.06,0.24,0.34,,,,,,
2005-11-01,-0.06,0.081731267,-1.418193553,-0.339489454,-0.06,0.077459667,-1.5256,-0.316783838,,,,,1,0.722643554,0.636363636,0.962777565,1.119014278,0.152799062,,,,-0.04,0.08,0.21,0.31,,-0.03,0.07,0.21,0.28,,,,,,
2005-12-01,0.05,0.080601902,-0.694858449,-0.97425209,0.04,0.080415587,-1.164774152,-0.820052994,,,,,1.128926714,0.633976885,4.508660331,1.155709451,1.575490289,1.813053229,,,,0.03,0.07,0.27,0.35,,0.02,0.08,0.26,0.33,,,,,,
2006-01-01,0.02,0.07840068,-0.719364204,-0.880877039,-0.02,0.076070143,-1.241977957,-0.609420423,,,,,1.130667542,0.727954957,1.104116478,1.041742421,1.313661943,0.617389528,,,,0.08,0.22,0.3,0.46,0.83,0.09,0.2,0.26,0.41,0.78,,,,,
2006-02-01,-0.05,0.091960136,-1.502288324,-0.612026855,-0.04,0.079916623,-1.452399528,-0.540662902,,,,,1.278350071,1.355477818,0.530135955,1.039281872,1.356488441,0.512918409,,,,0.11,0.16,0.24,0.39,0.78,0.09,0.18,0.25,0.36,0.77,,,,,
2006-03-01,-0.02,0.097707045,-1.469558534,-0.492879161,-0.02,0.083586283,-1.455749956,-0.470616355,,,,,1.100635709,0.925513862,0.812488692,0.873916798,0.877170753,0.539351685,,,,-0.03,0.16,0.23,0.51,0.85,0,0.15,0.23,0.46,0.82,,,,,
2006-04-01,0.06,0.080993827,-0.919765021,-0.616049284,0.05,0.067354782,-1.348778101,-0.409801707,,,,,0.950440513,0.669080979,1.170261478,0.721205997,1.02121457,-0.323549426,,,,0.08,0.07,0.29,0.56,0.89,0.06,0.08,0.28,0.52,0.83,,,,,
2006-05-01,-0.07,0.082320512,-1.314953053,0.052015189,-0.1,0.076070143,-1.56421882,0.173424905,,,,,1.457968878,1.559164683,0.355360695,1.433755661,0.805630022,1.276885189,,,,0.02,0.06,0.22,0.43,0.85,0.02,0.01,0.19,0.4,0.76,,,,,
2006-06-01,-0.04,0.087559504,-1.485259735,0.030171129,-0.14,0.069474216,-1.221437075,0.281959265,,,,,1.051000719,0.895908619,-0.229742947,1.012474495,0.656479235,0.215980157,,,,-0.04,0.02,0.18,0.45,0.89,-0.07,-0.07,0.08,0.34,0.73,,,,,
2006-07-01,-0.1,0.087330789,-1.365158443,0.390270637,-0.16,0.06860515,-1.055268881,0.444041173,,,,,0.931234597,0.898962646,3.65328E+15,0.860062693,0.340473041,-1.78359E+15,,,,0.04,-0.02,0.05,0.35,0.86,-0.02,-0.09,-0.01,0.25,0.72,,,,,
2006-08-01,0.08,0.074744008,-1.821042259,0.033812475,-0.01,0.068239773,-1.248726564,-0.193431306,,,,,1.130959667,1.265082766,-0.525819681,1.209546243,0.910832296,-1.26849036,,,,-0.02,0.07,0.13,0.37,0.84,0,0.03,0.04,0.29,0.71,,,,,
2006-09-01,-0.04,0.061860057,-1.409365174,0.529813492,-0.12,0.055497748,-0.841963232,0.046142067,,,,,0.889756521,1.192069024,1.822782211,1.036822068,0.483841891,2.093457213,,,,0.05,0.06,0.08,0.31,0.8,0.05,0.07,-1.73E-17,0.23,0.65,,,,,
2006-10-01,0.04,0.059217115,-1.495120647,-0.013129688,-0.01,0.06145459,-0.923639604,-0.472508822,,,,,1.213314117,1.683712027,1.190441372,1.659547637,1.187043976,0.342005963,,,,0.03,0.13,0.11,0.4,0.8,0.02,0.15,0.06,0.34,0.68,,,,,
2006-11-01,0.09,0.048887626,-1.56499361,0.219386363,0.07,0.041190614,-1.670651264,0.283884007,,,,,0.743535829,-0.411067774,2.736823691,1.014795693,0.950388693,-0.434146675,,,,0.05,0.11,0.18,0.4,0.71,0.08,0.13,0.16,0.35,0.63,,,,,
2006-12-01,0.04,0.038815804,-1.473568799,0.140691882,0.08,0.041793141,-1.776120273,0.15740012,,,,,1.330483497,0.173198072,1.397172139,1.321113778,1.656766393,0.054211241,,,,0.03,0.15,0.21,0.39,0.74,0.03,0.18,0.25,0.33,0.66,,,,,
2007-01-01,0.06,0.034641016,-1.5,0.316227766,0.08,0.041793141,-1.776120273,0.15740012,,,,,0.585904072,1.469121691,-0.621484731,0.894983254,2.596805719,-0.241100599,,,,0.07,0.14,0.27,0.32,0.78,0.07,0.14,0.29,0.28,0.69,,,,,
2007-02-01,-0.01,0.024832774,-1.513805698,0.635861295,0.01,0.035449495,-0.919741925,0.824041924,,,,,1.215287241,0.569801942,-2.256411002,1.754116039,1.227385943,-1.68603441,,,,0.04,0.13,0.24,0.37,0.76,0.04,0.13,0.26,0.3,0.66,,,,,
2007-03-01,0.07,0.033115958,-1.420552286,0.311016998,0.07,0.033115958,-1.420552286,0.311016998,,,,,1.104104895,1.140862542,-6.8222E+13,1.249761882,1.024165153,-7.72811E+14,,,,0.02,0.13,0.28,0.36,0.87,0.02,0.1,0.28,0.28,0.74,0.03,,,,
2007-04-01,0.03,0.032710854,-0.814918333,0.901379018,0.02,0.023380904,-1.684711481,0.179028459,,,,,1.064304168,1.64971744,-0.063112142,1.068453518,1.609032865,-0.481214863,,,,0.07,0.14,0.28,0.39,0.95,0.04,0.13,0.27,0.33,0.85,0.05,0.13,,,
2007-05-01,-0.01,0.041673333,-0.838082677,0.182979445,-0.02,0.034448028,-0.802928923,-0.5919314,,,,,1.596456253,1.033021447,0.937666117,1.576935529,1.05559358,0.692963511,,,,0.05,0.11,0.24,0.42,0.85,0.07,0.1,0.23,0.39,0.79,0.05,0.1,,,
2007-06-01,-0.06,0.038987177,0.145429363,0.798562639,-0.07,0.03060501,-0.619673003,-0.241167539,,,,,1.354924683,0.900934389,0.402026367,1.30822123,0.801383806,0.140608503,,,,-0.01,0.02,0.15,0.36,0.81,-0.01,0.04,0.14,0.39,0.73,0,0.04,,,
2007-07-01,-0.01,0.041673333,-0.838082677,0.182979445,-0.03,0.032710854,-0.663988121,-0.676034263,-0.01,0.03060501,-0.619673003,-0.241167539,1.131874017,0.93900051,-9.309781692,1.106435397,0.769622994,-15.20859295,0.876745843,1.283466305,-4.006292161,-0.02,-0.02,0.12,0.39,0.74,-0.02,-0.03,0.1,0.39,0.64,-0.01,-0.01,0.12,,
2007-08-01,0.01,0.041673333,-0.85718075,-0.07399904,2.78E-17,0.034058773,-0.456599287,-0.998173739,0.01,0.031885211,-0.78295082,-0.48961851,1.11045401,0.913032263,1.096804846,1.078036253,0.769411817,1.227050184,0.840286309,1.173504045,0.804995241,0.01,1.73E-18,0.11,0.35,0.72,0,3.47E-18,0.1,0.36,0.65,0,0.01,0.11,,
2007-09-01,-0.03,0.032710854,-0.663988121,-0.676034263,-0.04,0.030767949,-0.533227534,-0.839104778,-0.02,0.026583203,-0.418654325,-0.868222433,0.815806681,0.784523178,0.635689687,1.026671347,-0.072740007,2.792903308,0.687730305,0.452494127,1.674802401,0.01,0.05,0.07,0.35,0.66,0.02,0.02,0.06,0.34,0.57,0.02,0.04,0.08,,
2007-10-01,0.03,0.039370039,-0.723995838,-0.64624259,-0.01,0.036009258,-0.837226822,-0.528135104,0.03,0.031464265,-0.354453627,-0.844012877,1.433197144,0.266533449,2.312080544,1.298647946,-0.107533439,2.982558944,1.157817145,-0.080800124,2.888904449,0.03,0.12,0.1,0.38,0.78,0,0.09,0.06,0.33,0.67,0.02,0.11,0.1,,
2007-11-01,-0.01,0.053447794,-0.000743414,-1.112869349,-0.09,0.06503845,0.437704341,-1.354610324,-0.04,0.057850382,0.660179997,-1.484186999,1.249915822,1.503293405,0.778586915,1.463357148,1.181125804,0,1.261979632,1.328826393,0.134524708,0.08,0.08,0.08,0.32,0.72,0.07,0,-1.39E-17,0.23,0.58,0.07,0.04,0.05,,
2007-12-01,0.01,0.052694086,0.519273256,-1.360295847,-0.07,0.065243135,0.714045068,-1.507217145,-0.03,0.057879185,0.845854311,-1.576259132,1.133734332,0.921513928,0.938648586,1.295875353,0.830904517,0.126872563,1.164500153,1.179012827,0.345413984,-0.03,0.02,0.07,0.22,0.61,-0.07,-0.03,-0.01,0.13,0.46,-0.05,-0.01,0.03,,
2008-01-01,-0.04,0.051251016,0.019789224,-0.992033798,-0.17,0.068239773,-0.890130144,-0.737337157,-0.09,0.057879185,-0.154992203,-1.067788444,1.254500096,1.017970719,1.183479766,1.670010307,1.071171085,-0.393075658,1.361803289,1.29635757,0.258900231,-0.03,-0.12,-2.08E-17,0.12,0.44,-0.03,-0.22,-0.13,-0.03,0.25,-0.03,-0.16,-0.05,0.07,
2008-02-01,0.15,0.099548983,-0.099431717,0.736196367,-0.03,0.103101891,-0.644338031,0.340036107,0.07,0.099280747,-0.254833541,0.530732462,1.438207587,1.095048662,1.957149723,1.574511814,1.120473135,-0.079703566,1.431140186,1.166262601,1.206823069,-0.06,0.04,0.12,0.23,0.6,-0.12,-0.06,-0.06,0.04,0.34,-0.08,1.39E-17,0.04,0.15,
2008-03-01,-0.01,0.120402104,-0.577846938,0.594400458,-0.17,0.119065808,-1.014987664,0.479017273,-0.09,0.119289564,-0.737172513,0.509941431,1.088337832,0.802095497,2.974659615,1.163314904,0.939031971,0.942663381,1.075755469,0.885354733,2.465725397,0.13,0.04,0.06,0.13,0.49,0.09,-0.07,-0.1,-0.04,0.24,0.11,-0.01,-0.02,0.06,
2008-04-01,0.03,0.124859922,-0.963767254,0.428483717,-0.15,0.121614144,-1.187324367,0.404517424,-0.05,0.124002688,-1.09349016,0.356489617,1.024421634,0.616472048,1.3556424,1.043547522,0.745943074,0.483937926,1.008859894,0.761824411,1.115400934,-0.03,0.16,0.04,0.14,0.53,-0.04,0.08,-0.14,-0.08,0.25,-0.04,0.12,-0.04,0.06,
2008-05-01,0.14,0.113959057,-0.567399196,0.200805725,-0.07,0.110347935,-0.914689141,0.383083258,0.06,0.11171392,-0.65625,0.161230092,1.088765509,1.939049899,0.443304721,1.066554262,0.993898203,0.05144523,1.048953741,1.843854352,0.297098162,0.06,0.08,0.12,0.2,0.62,0.03,-0.03,-0.09,-0.09,0.3,0.05,0.04,0.04,0.09,
2008-06-01,0.06,0.121655251,-0.899737034,0.394251229,-0.18,0.116961532,-0.9170514,0.71147659,-0.04,0.120609563,-0.992780696,0.41963539,1.141788501,1.277052262,0.883739798,1.145811257,0.994342022,0.623775708,1.143130993,1.342314798,0.684544747,0.05,0.06,0.1,0.17,0.53,-0.02,-0.07,-0.14,-0.15,0.24,0.03,0.01,-1.39E-17,0.03,
2008-07-01,0.02,0.124686273,-0.975552313,0.506390774,4.16E-17,0.124418648,-1.563848326,0.044363805,0.05,0.121229809,-1.150855837,0.031042606,1.306391166,0.906179678,-0.35339112,0.850375077,0.87364013,0.300236805,0.928562374,0.932523774,0.874761318,-0.05,-0.13,0.03,0.03,0.42,-0.08,-0.07,0.01,-0.12,0.27,-0.07,-0.06,0.06,0.01,
2008-08-01,-0.1,0.092231593,-1.446934484,-0.021098321,-0.07,0.108704492,-1.704297875,-0.153428533,-0.07,0.094109865,-1.352316808,-0.51612912,1.078935848,0.860313852,-1.421637296,0.71201103,1.169377143,-1.106048501,0.667398865,1.180409811,-0.330959607,-0.13,-0.15,-0.07,0.05,0.4,0.03,-0.01,-0.04,-0.1,0.26,-0.02,-0.08,-0.04,-1.21E-17,
2008-09-01,-0.08,0.087101473,-1.565006286,0.105284352,4.16E-17,0.093594872,-1.814974667,-0.030462764,-0.01,0.078336879,-1.595033873,-0.329756755,1.856416169,1.064583858,2.254651818,1.190180207,1.038188348,3.445123742,1.183914225,0.953907145,1.938271081,0.03,-0.21,-0.15,-0.09,0.26,0.04,0,-0.07,-0.17,0.17,0.01,-0.09,-0.08,-0.1,
2008-10-01,-0.14,0.075542483,-1.35820814,0.080071983,-0.07,0.088863191,-1.525601635,0.331087535,-0.1,0.067428975,-1.473877934,-0.161188656,1.263965807,0.895042105,-1.960298488,1.064175794,0.967146721,-0.930265767,0.953082648,0.935306788,-0.377695906,-0.11,-0.15,-0.28,-0.24,0.14,-0.07,-0.14,-0.21,-0.35,-0.02,-0.08,-0.18,-0.24,-0.28,
2008-11-01,-0.05,0.090866202,-1.627817585,0.034620665,0.12,0.101192885,-1.631744385,-0.219466399,0.05,0.09325592,-1.280003867,0.071437431,0.985380019,0.755782498,0.989413288,1.075780354,1.238470861,-0.248612657,0.883154883,1.108566844,-0.08961369,-0.07,-0.2,-0.35,-0.23,0.09,-0.11,-0.17,-0.18,-0.27,-0.04,-0.11,-0.17,-0.25,-0.21,
2008-12-01,0.07,0.084950966,-1.108927777,-0.576593398,0.27,0.078676553,-1.003489395,-0.561434673,0.18,0.076681158,-0.519783424,-0.206997085,1.351668942,1.048670264,0.450547285,1.204993331,0.818468537,-4.935091122,1.089724736,0.90221375,-3.370898796,-0.02,-0.04,-0.25,-0.15,0.07,0.01,-0.05,-0.05,-0.19,-0.06,0.02,-0.05,-0.14,-0.14,
2009-01-01,0.1,0.080663912,-0.629039573,-0.754062582,0.08,0.089591666,-1.470795024,0.039132095,0.06,0.085556999,-1.059930126,0.283360308,0.960768923,0.748273875,1.270195371,1.039359206,0.999998993,0.309070346,0.948507012,0.918828677,0.997251143,0.05,0.03,-0.12,-0.09,0.03,0.05,-6.94E-18,-0.14,-0.13,-0.16,0.04,0.02,-0.16,-0.1,-0.03
2009-02-01,-2.08E-17,0.075099933,-0.64825713,-0.347593171,-0.08,0.085945719,-0.823671624,0.74802843,-0.04,0.083586283,-0.393748907,0.875788274,0.916223162,0.679391971,-0.916137965,1.064790714,0.779382094,-1.599623617,0.974593647,0.934734171,-1.241228687,0,-0.02,-0.22,-0.29,-0.06,-0.06,-0.13,-0.3,-0.34,-0.3,-0.04,-0.09,-0.26,-0.3,-0.15
2009-03-01,0.29,0.075740786,-0.915571768,0.571015768,0.2,0.113959057,-1.281194001,0.366016463,0.24,0.103537433,-1.329499889,0.474923942,1.000440044,0.928736191,0.590574487,1.496474731,0.945671536,0.599026219,1.314866244,0.902517681,0.30983252,-0.07,0.01,-0.03,-0.18,-0.05,-0.12,-0.07,-0.12,-0.19,-0.23,-0.09,-0.03,-0.08,-0.16,-0.1
2009-04-01,0.14,0.102891529,-1.00628454,0.086978534,0.15,0.119457105,-1.387635299,0.453433116,0.18,0.111892806,-1.429431759,0.482312475,0.62621706,0.876880991,0.36715773,0.983935633,0.944322013,-1.39669323,0.78936347,0.824127113,-1.154483888,0.08,-5.20E-18,0.03,-0.25,-0.11,0.11,0.04,0.04,-0.17,-0.25,0.1,0.05,0.07,-0.17,-0.11
2009-05-01,0.11,0.099079093,-0.732961568,0.184809261,0.09,0.111130554,-0.818629383,0.689610601,0.1,0.10033278,-0.562122714,0.82592067,0.884412295,1.486403742,-3.453803641,1.305200774,1.467151675,-6.261180221,1.051558806,1.446811375,-5.258064093,-0.01,0.16,0.14,-0.21,-0.01,0.05,0.25,0.12,-0.06,-0.15,0.04,0.22,0.13,-0.12,-0.03
2009-06-01,-0.04,0.110754985,-0.945645085,0.546748254,-0.04,0.117756812,-0.529387944,1.035063897,-0.02,0.108750479,-0.407448692,1.054013553,0.796460313,0.97529328,-0.929359333,1.151417289,0.972901001,1.693059362,0.935895441,0.97091786,1.145275638,0.09,0.06,0.07,-0.18,-0.01,0.09,0.14,0.07,0.02,-0.13,0.08,0.12,0.09,-0.05,-0.02
2009-07-01,0.09,0.117770964,-1.4825491,0.006437944,0.16,0.117756812,-1.398100962,0.365693755,0.15,0.110045445,-1.284030709,0.37877986,0.882364734,1.148072105,-4.204671241,1.120659417,0.162092522,-17.08496371,0.925904461,0.350113605,-14.7096212,-0.02,0.16,0.16,0.04,0.07,0,0.19,0.23,0.09,-0.03,0,0.17,0.22,0.06,0.07
2009-08-01,0.07,0.119233664,-1.542132986,0.082144306,0.21,0.111130554,-1.254814208,0.316071526,0.12,0.114192819,-1.367891151,0.397253741,0.651260221,1.614647441,0.779608158,0.526778673,0.555616172,1.333268029,0.531574935,1.644383438,0.324375869,0.09,0.12,0.28,0.06,0.11,0.1,0.17,0.42,0.12,0.02,0.09,0.11,0.33,0.07,0.07
2009-09-01,-0.14,0.090921211,-1.41557232,0.328089186,-0.02,0.077373553,-1.250827129,0.46993215,-0.1,0.07840068,-1.31698985,0.608501251,1.061012961,1.192207029,-0.662298287,0.875481048,1.038347778,0.928746419,0.792932857,1.032988852,-1.450633673,0.05,0.14,0.2,0.17,0.08,0.07,0.18,0.32,0.2,0.03,0.02,0.12,0.24,0.16,0.06
2009-10-01,0.03,0.080684571,-1.377519166,-0.200212124,0.08,0.073393914,-1.205874424,-0.06514538,0.01,0.076267075,-1.544206041,0.017559689,1.043853884,0.889855665,-1.151500517,0.95689157,1.028078865,-0.41411144,0.859149046,0.97097885,1.412898787,0,0.1,0.26,0.29,0.05,0.01,0.12,0.31,0.35,1.39E-17,0.01,0.07,0.24,0.31,0.03
2009-11-01,,,,,-0.05,0.072502874,-0.799277342,0.618283716,-0.09,0.0717635,-0.961425205,0.640226329,,,,1.066590211,0.849430849,7.652838278,0.808214705,0.045380749,26.00429619,0.05,,,,,0.04,0.03,0.2,0.32,0.05,0.04,0.05,0.16,0.29,0.08
2009-12-01,,,,,0.08,0.061860057,-1.000279231,0.396537427,0.04,0.063770422,-1.266498253,0.241242249,,,,1.123246297,1.258131868,-5.57E-16,0.848307826,0.387264405,1.245547745,,,,,,-0.02,0.06,0.24,0.31,0.12,0,0.08,0.2,0.29,0.15
2010-01-01,,,,,-0.09,0.045497253,-1.512707414,0.341965612,-0.12,0.048579831,-1.496121804,0.447165688,,,,1.090499514,2.194873361,0.114240422,0.703914409,1.815473823,-0.530941502,0.05,,,,,0.04,-1.04E-17,0.12,0.35,0.22,0.04,0.02,0.09,0.31,0.21
2010-02-01,,,,,-0.02,0.052408651,-1.846121218,-0.104171732,-0.01,0.04665476,-1.813399811,-0.130643174,,,,0.920186554,1.186983225,0.438994741,0.79268688,0.903289326,0.061236497,-0.03,0.03,,,,-0.02,0.04,0.07,0.49,0.15,-0.02,0.03,0.08,0.41,0.11
2010-03-01,,,,,0.07,0.056005952,-1.495776872,-0.650318502,0.06,0.046904158,-1.338842975,-0.764344418,,,,1.341985814,1.258353886,0.670456365,1.027402334,1.322641785,2.305251774,0.01,0.06,,,,0.02,0.07,0.13,0.45,0.26,0.01,0.04,0.12,0.36,0.2
2010-04-01,,,,,-0.03,0.060580525,-1.956640854,0.032518871,-0.04,0.051639778,-1.932,-0.056568542,,,,0.987991559,1.067154767,-2.780799189,0.730175663,1.139455489,-1.261011403,0.08,0.09,,,,0.07,0.1,0.1,0.41,0.24,0.05,0.07,0.09,0.33,0.16
2010-05-01,-0.04,0.0665332,-1.899277834,0.055378053,-0.02,0.058878406,-1.940147929,0.023137249,-0.05,0.053072278,-1.982409579,-0.013841841,1.410235457,1.584555604,0.780563798,1.156321172,1.442542342,0.139846896,0.995777603,1.664254428,-0.555266559,0,0.03,0.06,,,0.01,0.04,0.08,0.28,0.22,0.01,0.02,0.05,0.21,0.09
2010-06-01,-0.08,0.061535897,-1.627876413,0.260966601,-0.05,0.055647701,-1.729551667,0.223199649,-0.08,0.048853523,-1.829905434,0.11942259,1.11716696,0.160100991,5.864585806,0.981416474,0.609719428,4.144485687,0.80212895,0.79923227,2.998119908,-0.05,-0.08,-0.02,,,-0.04,-0.06,0.01,0.25,0.27,-0.04,-0.06,-0.02,0.18,0.13
2010-07-01,0.1,0.071460945,-1.387261485,-0.074711915,0.13,0.069113433,-1.241470492,0.076687406,0.1,0.0665332,-0.931212803,0.283833184,1.327508561,2.84428714,0.285555994,1.266153,2.734455447,0.230378925,1.186863261,2.059750798,0.459514322,-0.03,0,0.09,,,-0.03,0.02,0.12,0.24,0.33,-0.03,0.02,0.09,0.18,0.24
2010-08-01,-0.05,0.086351993,-1.436319597,0.245172071,-0.02,0.082623645,-1.198219299,0.367277753,-0.03,0.077653075,-0.929135417,0.550239764,1.16305748,1.046548454,2.219435377,1.100368489,0.996552914,2.237959381,1.006062703,0.735582366,2.55740777,0.08,0.02,0.05,,,0.09,0.04,0.08,0.15,0.27,0.09,0.05,0.07,0.15,0.22
2010-09-01,0.02,0.102306728,-1.492091363,0.340138012,0.03,0.092249661,-1.525258872,0.30140471,0.04,0.090037029,-1.552442218,0.353458598,1.237140425,0.861641038,1.34698752,1.066453911,0.974725965,1.066958398,1.045895173,0.95657539,0.98703369,-0.03,0.16,0.08,,,-0.02,0.15,0.09,0.22,0.42,-0.01,0.16,0.1,0.22,0.38
2010-10-01,0.01,0.103810725,-1.515482207,0.342235404,0.01,0.095376447,-1.572281539,0.301902674,0.03,0.091596943,-1.572474752,0.351512484,1.128112492,0.89241459,1.087216977,0.97659621,0.984003217,0.983149947,0.956227002,0.992542372,0.709971784,0.11,0.09,0.09,,,0.08,0.07,0.09,0.19,0.54,0.08,0.09,0.11,0.2,0.51
2010-11-01,0.04,0.100929018,-1.442178805,0.252635505,0.03,0.093541435,-1.521353143,0.231271588,0.05,0.08953584,-1.522544249,0.291632096,1.021403203,0.820743092,1.560178101,0.895745434,0.927857683,1.367392059,0.866734738,0.933061851,1.114109725,0.01,0.11,0.13,0.19,,0.01,0.08,0.12,0.2,0.52,0.02,0.09,0.14,0.19,0.48
2010-12-01,0.1,0.104243305,-1.648754564,-0.037994073,0.09,0.097313925,-1.735239053,-0.068468078,0.11,0.09304121,-1.755305469,-0.031160953,1.025146783,0.962478247,0.2355245,0.887803156,1.119148484,4.98E-16,0.828457961,1.091314568,-0.07206598,-0.01,0.06,0.22,0.2,,-0.01,0.06,0.21,0.22,0.53,-0.01,0.07,0.23,0.21,0.5
2011-01-01,-0.11,0.101865925,-1.174670245,0.644099143,-0.13,0.09108604,-1.403008916,0.548641045,-0.11,0.088185411,-1.372400944,0.559250384,1.173554038,0.622023195,-3.812545432,0.957247999,0.869270391,-2.332894595,0.931096673,0.855386545,-1.49119786,0.06,0.01,0.1,0.19,,0.06,0.01,0.08,0.2,0.55,0.06,0.01,0.1,0.19,0.5
2011-02-01,0.06,0.094657277,-1.447265625,0.106944621,0.01,0.084715209,-1.536727827,0.007047038,0.03,0.083845095,-1.551898084,-0.036797882,1.070488648,0.651868488,0.853760508,0.895182301,0.886225336,0.464262378,0.886078515,0.85308109,-0.064879122,-0.04,0.05,0.16,0.21,,-0.04,0.03,0.11,0.19,0.68,-0.04,0.04,0.13,0.2,0.61
2011-03-01,-0.08,0.070332543,-1.495194019,0.014833547,-0.1,0.0665332,-1.393689215,0.001818384,-0.06,0.0678233,-1.486275992,-0.139042978,0.776800363,0.68713086,-0.561882416,0.749928772,0.418242222,0.448839955,0.807020478,0.824185795,-1.321246481,0.03,0.01,0.07,0.15,,0.01,-0.01,0.05,0.14,0.59,0.02,0.02,0.09,0.19,0.55
2011-04-01,0.01,0.062423286,-0.767733017,-0.50839578,-0.01,0.059132619,-0.574715944,-0.563232789,0.02,0.061210021,-0.609414774,-0.704608329,1.13986656,1.16338978,-6.716548638,1.114880149,1.07881056,-2.430758567,1.174853902,1.330832909,-7.627156732,0.02,0.08,0.09,0.18,,0.02,0.06,0.07,0.16,0.57,0.04,0.09,0.1,0.21,0.54
2011-05-01,-3.47E-17,0.063560994,-0.948142339,-0.430010547,-0.01,0.059132619,-0.574715944,-0.563232789,0.01,0.062423286,-0.830957418,-0.616479922,1.114640858,0.927970802,5.054674159,1.057281948,0.524516924,3.353108155,1.148853916,1.061530798,5.739970648,0.03,0.04,0.09,0.22,,0.03,0.05,0.08,0.2,0.48,0.03,0.06,0.1,0.24,0.45
2011-06-01,-0.06,0.054405882,-0.513878744,-0.538738779,-0.08,0.04802777,-0.070567009,-0.9620034,-0.05,0.053447794,-0.527767074,-0.815679024,0.87038828,0.98892973,7.582822693,0.789237368,0.684865928,7.53378665,0.935639287,1.086735967,5.539199112,-0.01,0.02,0.03,0.25,,0,0.02,0.01,0.22,0.47,-0.01,0.02,0.04,0.27,0.45
2011-07-01,0.05,0.031885211,-0.077076055,0.1652087,0.03,0.02258318,-0.228373702,-2.52E-18,0.07,0.029268869,0.0396978,-0.702908625,0.764057448,1.067558768,2.70E-15,0.657595949,0.819684967,-2.313550716,0.791850382,0.891113264,-1.537039435,0,-0.02,0.06,0.16,,-0.01,-0.02,0.04,0.12,0.36,0,-0.01,0.08,0.18,0.36
2011-08-01,0.01,0.021369761,0.615376419,-1.44679545,-0.01,0.014719601,0.484260355,-1.343391587,0.04,0.023380904,0.885187388,-1.618874361,0.787499231,0.792179849,-1.0744E+15,0.844498842,0.737232956,-2.57876E+15,0.935932152,0.744744326,-1.79202E+15,-0.01,-3.47E-18,0.04,0.2,,-0.01,-0.03,0.02,0.13,0.28,0,0.01,0.07,0.2,0.35
2011-09-01,-0.02,0.025033311,-1.347215935,-0.67656528,-0.05,0.021369761,-1.318024402,-0.638585578,-1.73E-17,0.024494897,-0.96,-0.804984472,1.051757905,0.529948567,0.521847414,1.159798579,0.119803558,0.512793215,0.887474292,0.450380638,1.062766751,0.01,-0.03,-0.01,0.06,,-0.01,-0.06,-0.04,0.01,0.23,0.01,-0.01,0.01,0.1,0.32
2011-10-01,0.08,0.053166405,-0.028168387,0.977398164,0.04,0.049665548,0.2517458,1.183099422,0.1,0.051639778,-0.02985,0.925249223,1.854049622,-2.454214876,1.528555418,1.785357107,-2.48599174,1.408038752,1.732050808,-3.64516129,1.709701765,-0.03,0.06,0.04,0.13,,-0.04,0.02,0,0.07,0.26,-0.02,0.07,0.06,0.16,0.36
2011-11-01,0.07,0.055287129,-0.149291999,0.835620053,0.01,0.055287129,-0.149291999,0.835620053,0.09,0.053944416,-0.143054522,0.753659009,0.964485644,-0.472255128,0.523171951,0.95124265,-0.310125335,0.566666943,0.882050274,-0.15262959,0.660945534,0.08,0.08,0.08,0.17,0.36,0.07,0.05,0.02,0.1,0.3,0.08,0.09,0.1,0.2,0.39
2011-12-01,0.04,0.056803756,-0.080015026,1.022675097,-0.01,0.056005952,-0.05558335,0.987048517,0.05,0.057067212,-0.256128415,0.915315975,0.961441495,30.1360124,0.71098079,0.935975651,21.43829253,0.678468971,0.908641982,18.94978439,0.889869852,0.03,0.11,0.08,0.11,0.31,0.02,0.09,0.03,0.04,0.26,0.03,0.1,0.09,0.13,0.34
2012-01-01,0.07,0.05845226,-0.684455443,0.697220619,0.05,0.063377178,-1.319361581,0.472874306,0.07,0.05845226,-0.684455443,0.697220619,0.953250213,-5.716871897,0.322770901,1.092595039,-15.48579827,0.070318131,0.924788545,-7.147770739,0.530248004,0,0.06,0.12,0.18,0.37,0,0.08,0.1,0.14,0.34,-0.01,0.05,0.12,0.2,0.39
2012-02-01,0.03,0.059581876,-0.438912914,0.994372997,0.03,0.064420494,-1.299428074,0.602331828,0.03,0.059581876,-0.438912914,0.994372997,0.901597063,0.475216423,0.202233268,0.990904308,0.832865665,-0.954377444,0.874406956,0.674435072,0.774585137,0.03,0.06,0.14,0.18,0.39,0.06,0.09,0.14,0.16,0.35,0.03,0.05,0.14,0.21,0.41
2012-03-01,0.05,0.057763887,-0.395466671,0.946251637,0.04,0.063140056,-1.270321361,0.594948739,0.03,0.059581876,-0.438912914,0.994372997,0.662627822,-0.189959814,21.9728302,0.74472938,1.343491736,7.003764366,0.751748662,0.18026152,14.2703216,0.03,0.08,0.19,0.18,0.33,0.03,0.09,0.18,0.14,0.28,0.03,0.07,0.17,0.18,0.37
2012-04-01,-0.02,0.036147845,-1.320074969,0.239138153,-0.03,0.046797436,-0.859072997,0.590015646,-0.04,0.037771241,-1.423355752,0.424641262,0.416235846,0.051216176,-2.431221943,0.679710291,0.772510651,1.13728794,0.554067578,0.576970646,-2.185579238,0.02,0.09,0.15,0.19,0.37,0,0.06,0.14,0.14,0.3,0.01,0.08,0.13,0.19,0.4
2012-05-01,-0.03,0.038858718,-1.162843735,0.033604521,-0.03,0.046797436,-0.859072997,0.590015646,-0.06,0.042895221,-1.18241966,0.066620076,1.181453907,0.459790599,7.276640144,1.436140662,0.837465565,0,1.38443731,0.766225583,5.652900928,0.04,0.03,0.09,0.17,0.39,0.03,-1.39E-17,0.09,0.11,0.31,0.04,0.01,0.06,0.16,0.4
2012-06-01,0.05,0.045789373,-1.269438708,-0.334448166,0.04,0.050859283,-1.494260814,-0.027386033,0.04,0.052025635,-1.227110583,-0.24962791,0.844840013,-0.587281065,12.24078127,1.022061478,0.487142672,2.641436696,1.022061478,-0.227387098,10.64660709,-0.03,0.04,0.12,0.2,0.45,-0.03,0.02,0.11,0.14,0.36,-0.04,0.04,0.11,0.2,0.47
2012-07-01,0.06,0.047328638,-1.34502551,-0.334783161,-0.03,0.040373258,-1.171365125,0.079900676,0.03,0.050892043,-1.133704029,-0.199458348,1.164445019,0.118045587,0.96749508,0.825956046,0.440878371,1.664562462,1.180706482,-0.10222196,1.889655767,0.03,0.07,0.16,0.28,0.44,0.02,0.01,0.07,0.17,0.29,0.04,0.05,0.13,0.25,0.43
2012-08-01,0.08,0.045460606,-0.96,-0.558626088,-0.01,0.039707262,-1.034832319,-0.180420657,0.06,0.049396356,-0.754635851,-0.52351408,1.348399725,0.207804348,0.57730248,0.956437519,0.776110691,0.993241265,1.398050591,-0.216239095,1.176210308,0.07,0.13,0.16,0.3,0.5,0.02,0.07,0.07,0.21,0.34,0.05,0.13,0.14,0.28,0.48
2012-09-01,0.06,0.048166378,-1.385850178,-0.376434891,0.01,0.037638633,-0.53876263,-0.412710033,0.05,0.050760877,-0.993802811,-0.436449095,1.422226168,2.099831488,0.2876401,0.932372341,-2.465994684,1.489976154,1.440091537,1.291309015,0.979363053,0.03,0.1,0.14,0.33,0.39,0.03,0.07,0.09,0.27,0.28,0.04,0.09,0.13,0.3,0.4
2012-10-01,0.04,0.046332134,-1.270321361,-0.243286256,0.01,0.037638633,-0.53876263,-0.412710033,0.04,0.049665548,-0.907932798,-0.394234003,1.437590577,-1.651030397,0.138973922,1.032795559,1.430224868,0.968743905,1.487320144,-1.227683008,0.763391703,0,0.06,0.13,0.28,0.41,0.02,0.09,0.1,0.24,0.31,0,0.08,0.13,0.26,0.42
2012-11-01,0.09,0.035071356,-1.390838786,0.121891717,0.05,0.026394444,-1.021267828,0.624859764,0.11,0.033714487,-0.633792279,0.122598662,0.97234487,3.55E-15,-0.483455495,0.440385506,-1.750578704,-0.353342682,0.746709955,0.968183955,0.935696461,0.03,0.05,0.18,0.27,0.44,0.04,0.07,0.14,0.23,0.33,0.04,0.07,0.2,0.26,0.46
2012-12-01,0.05,0.02786874,-0.880067785,0.12596333,0.02,0.018618987,-1.180473373,0.286631274,0.06,0.022803509,-0.426035503,-0.886863621,2.837252192,0.357576868,-0.663000727,1.483239697,1.446280992,0.087558424,2.144761059,-0.378071834,2.056144142,0.02,0.09,0.19,0.31,0.42,0.01,0.09,0.16,0.27,0.31,0.03,0.11,0.2,0.31,0.44
2013-01-01,-0.04,0.025033311,-1.444997737,-0.161382544,2.08E-17,0.020976177,-1.388429752,0.427281519,-0.01,0.02786874,-1.389342224,-0.359895228,1.620185175,2.239067055,0.577134608,1.17260394,2.115702479,0.112767321,1.912132318,2.326289096,1.228811588,0.04,0.06,0.12,0.28,0.46,0.04,0.07,0.16,0.23,0.37,0.04,0.07,0.15,0.28,0.48
2013-02-01,-0.08,0.028047579,-1.620224074,0.313336023,-0.03,0.024289916,-1.356506751,0.55035777,-0.05,0.029268869,-1.608533059,0.24077533,2.124888589,1.320383861,-1.39211E+14,1.809068067,0.943469786,-4.97216E+14,2.14617348,1.909644263,-1.10294E+13,0,0.02,0.07,0.23,0.41,0.02,0.05,0.12,0.19,0.35,0,0.03,0.1,0.24,0.45
2013-03-01,-0.01,0.033714487,-1.555146585,-0.117516853,-0.01,0.024832774,-1.665273923,0.120813646,0.01,0.03060501,-1.516926077,-0.400813656,1.306853155,1.560084119,1.41305847,1.199250702,2.504104634,-0.078048534,1.217844845,2.402304951,0.862394123,-0.02,0.01,0.1,0.24,0.42,-0.01,0.01,0.1,0.19,0.33,-0.01,0.01,0.12,0.25,0.43
2013-04-01,-0.04,0.03204164,-1.242705347,0.309321565,-0.07,0.021369761,-1.318024402,0.638585578,-0.02,0.027325202,-1.34502551,-0.19805967,1.293892307,2.152404609,0.217504551,1.254206406,1.66102228,-0.682319295,1.086174609,2.194922299,-8.94E-18,0.03,0.01,0.07,0.2,0.39,0,-0.03,0.04,0.14,0.28,0.02,0.02,0.09,0.22,0.41
2013-05-01,0.05,0.047504386,-1.188809785,0.346295487,0.03,0.042308392,-0.372085765,0.937316112,0.05,0.04070217,-1.048067074,0.248378412,1.366768289,1.170649014,-1.008176009,1.406828585,1.145854109,-2.693628581,1.057381462,1.193986858,-1.754402296,0,0.09,0.11,0.29,0.46,-0.02,0.04,0.09,0.23,0.34,0.01,0.08,0.11,0.31,0.47
2013-06-01,-0.09,0.069785385,-0.845245374,-0.106368031,-0.12,0.068117545,-0.243906064,-0.21211192,-0.06,0.056213877,-0.946002243,0.037000812,1.156454071,0.880648739,0.344276963,1.214151611,0.593467578,0.321979988,0.749873343,0.621433408,1.539981606,0.06,0.01,0.02,0.21,0.41,0.06,-0.02,-0.01,0.15,0.29,0.05,0.04,0.05,0.25,0.45
2013-07-01,0.01,0.074408781,-0.85837688,-0.605956164,-0.03,0.07739509,-0.800583053,-0.44659329,0.02,0.057154761,-0.769279467,-0.56977359,1.012394839,1.904418298,-0.197587804,1.081696828,1.611980381,0.084653819,0.647689072,1.192607743,0.973662608,-0.05,0.03,0.04,0.16,0.44,-0.06,0.03,-1.73E-17,0.16,0.33,-0.02,0.03,0.05,0.2,0.45
2013-08-01,0.04,0.072018516,-0.360822358,-0.855417247,-0.01,0.076528862,-0.601636709,-0.597603954,0.02,0.057154761,-0.769279467,-0.56977359,0.933107526,0.277702392,-1.300410762,1.063703679,0.996292628,-0.616311677,0.601721668,0.484259249,1.167316516,0.02,-0.01,0.08,0.15,0.45,0.03,-0.01,0.03,0.15,0.36,0,-0.02,0.06,0.16,0.44
2013-09-01,0.04,0.072018516,-0.360822358,-0.855417247,0.01,0.077567175,-0.602240314,-0.701093213,0.03,0.058223707,-0.832171666,-0.599397367,1.064720757,0.76544278,-4.207229713,1.175094177,1.065634438,-4.776212928,0.811937659,1.532983304,3.129296802,0.02,0.1,0.11,0.21,0.54,0.02,0.1,0.08,0.18,0.45,0,0.06,0.1,0.22,0.52
2013-10-01,0.03,0.072594766,-0.520975483,-0.767950935,0.02,0.076854842,-0.446616288,-0.781632798,0.01,0.059132619,-1.077223667,-0.403116445,0.942495556,0.010699313,4.419404883,0.996447591,-0.361062068,5.677576482,0.749704433,1.210234433,0.19629966,0.06,0.12,0.15,0.22,0.5,0.05,0.11,0.14,0.18,0.42,0.06,0.1,0.13,0.22,0.48
2013-11-01,-0.1,0.064704456,-0.807720394,-0.410489098,-0.12,0.069856997,-0.774388605,-0.347044084,-0.12,0.052535702,-1.345935728,0.036263376,0.995604374,4.633485236,0.585285624,1.076055174,5.22107438,0.859923076,0.84292723,7.869647425,-0.636063451,0.04,0.09,0.08,0.19,0.46,0.04,0.07,0.06,0.15,0.38,0.04,0.08,0.06,0.17,0.43
2013-12-01,0.08,0.046332134,-1.561976776,-0.179650012,0.06,0.048579831,-1.247917265,-0.171986803,0.02,0.045898439,-1.595177055,-0.234639047,0.635030238,0.560670599,0.889682642,0.642329676,-0.109074879,2.7442479,0.791858338,1.082345748,-0.314191632,-0.01,0.07,0.17,0.19,0.5,-0.02,0.05,0.15,0.14,0.41,-0.02,0.05,0.11,0.16,0.47
2014-01-01,-0.08,0.058537737,-1.053399749,-0.168688361,-0.06,0.043358967,-1.347215935,0.241894701,-0.12,0.057619441,-1.24720569,-0.020615126,1.610205012,4.638437283,0.960483983,1.026790457,11.27565031,0.418104742,1.621406573,8.349921287,0.485455163,0.04,-0.03,0.09,0.13,0.41,0.03,-1.56E-17,0.11,0.11,0.34,0.03,-0.05,0.05,0.1,0.38
2014-02-01,0.02,0.072295689,-1.322534881,-0.223547789,0.03,0.056833089,-1.538690105,0.085930894,-0.02,0.067724934,-1.422880611,-0.326162792,1.319227007,0.452324709,2.568437484,0.854445505,1.009461067,1.582109662,1.263487645,0.611055143,2.195381436,-0.06,0.04,0.13,0.21,0.44,-0.01,0.07,0.14,0.17,0.36,-0.06,0.01,0.09,0.15,0.39
2014-03-01,-0.04,0.070332543,-1.170348951,0.189197689,2.08E-17,0.055497748,-1.315567549,0.369136535,-0.05,0.064935866,-1.284460623,-0.17958728,1.15207323,0.36194748,1.515348606,0.803401858,1.003117718,0.936660879,1.188008264,0.607215336,1.29973791,0.06,0.03,0.1,0.21,0.45,0.05,0.09,0.14,0.22,0.41,0.04,0.04,0.09,0.19,0.44
2014-04-01,-0.04,0.070332543,-1.170348951,0.189197689,2.08E-17,0.055497748,-1.315567549,0.369136535,-0.04,0.064704456,-1.234918252,-0.264912842,1.242541488,0.430404502,1.066609847,0.87294883,1.091174115,0.18935274,1.282923361,0.595935455,1.055092544,0.03,0.1,0.07,0.22,0.42,0.05,0.11,0.11,0.25,0.39,0.06,0.12,0.07,0.2,0.42
2014-05-01,-1.91E-17,0.067230945,-0.898425875,-0.051909335,0.06,0.047328638,-1.069515306,0.334783161,0.02,0.059217115,-0.295970738,-0.746516543,1.264171998,0.021262015,2.144882958,0.716950969,0.809529136,0.565314851,1.259233807,-0.289223728,2.758369342,0.01,0.05,0.09,0.17,0.46,0.01,0.08,0.15,0.21,0.44,0.02,0.1,0.11,0.17,0.48
2014-06-01,-0.04,0.061860057,-0.315846981,0.096666282,0.02,0.043204938,-0.04255102,0.778145596,-0.02,0.055015149,0.047041472,-0.663723312,1.483818297,-0.217814047,0.88065361,0.841519166,-8.293043736,0.232108966,1.47802211,2.962889068,1.132541013,0.01,0.06,0.09,0.26,0.47,0.02,0.06,0.15,0.3,0.45,0.02,0.07,0.11,0.22,0.47
2014-07-01,0.05,0.042622373,0.346253682,1.382047347,0.06,0.035777088,0.662109375,1.463952854,0.06,0.031622777,0.3456,1.247076581,0.723289809,-3.158211293,-0.562816786,0.623609564,-5.289795918,-0.257716198,0.666666667,-2.3625,-0.6328125,0.04,0.07,0.17,0.26,0.42,0.03,0.07,0.18,0.29,0.45,0.03,0.06,0.18,0.23,0.43
2014-08-01,-0.03,0.016431677,-1.209876543,0.592592593,-0.01,0.011690452,-1.010113028,-0.487566866,-0.01,0.011690452,-1.010113028,-0.487566866,0.855653468,2.538232737,0.751185716,1.008889064,0.12529299,1.546623482,1.369306394,-0.356923077,1.855812901,0.02,0.08,0.13,0.26,0.41,0.02,0.07,0.15,0.29,0.44,0.01,0.05,0.15,0.24,0.4
2014-09-01,-0.03,0.016431677,-1.209876543,0.592592593,-0.05,0.019407902,-0.877280915,-0.612717309,-0.04,0.012110601,-1.388429752,0.054820244,1.837117307,0.279835391,0,2.389211864,-0.410250946,3.71903E+15,1.527525232,0.265306122,1.66844E+15,0.02,0.03,0.09,0.19,0.4,0.02,0.01,0.07,0.21,0.39,0.01,0.01,0.08,0.17,0.39
2014-10-01,0.06,0.032863353,-0.098765432,1.074074074,0.01,0.026394444,-0.42787482,-0.195930604,0.02,0.025819889,-0.1176,0.972978931,1.240695709,-12.41424057,0.095200991,1.254206406,12.80420287,1.566675992,0.880500368,-9.932939041,0.539353762,-0.01,0.06,0.13,0.2,0.42,-0.03,0.01,0.08,0.19,0.37,-0.01,0.03,0.09,0.16,0.38
2014-11-01,0.05,0.034302575,-0.247060806,1.001165836,-0.02,0.029439203,-1.113372781,0.150749908,-0.01,0.029268869,-0.378900513,0.912616171,1.147740255,4.280240823,0.10667864,1.176696811,0.563333333,1.202792909,0.860456051,5.887778715,-0.031646978,0.05,0.05,0.13,0.22,0.41,0.02,-0.01,0.06,0.21,0.36,0.03,0.02,0.07,0.18,0.35
2014-12-01,0.03,0.03391165,0.390623819,1.348295546,-0.05,0.029268869,-0.771336432,0.660190422,-0.02,0.028751812,0.073361082,1.138904365,1.071687852,0.509188925,-0.73352364,1.125756072,2.613695594,0.921206288,0.724398009,1.018138314,-0.466006422,0.01,0.07,0.1,0.19,0.38,0,0.01,0.02,0.17,0.31,0,0.04,0.05,0.16,0.32
2015-01-01,0.1,0.039327683,-1.463882283,0.466639578,2.08E-17,0.035213634,-1.648283039,0.150525246,0.05,0.034302575,-1.467389996,0.349804931,1.62788206,4.436866463,-0.951218203,1.532970972,3.697791332,0.536028938,1.327591805,2.92582974,-1.790542326,0.01,0.08,0.14,0.31,0.44,-0.01,0.03,0.04,0.22,0.33,0.01,0.06,0.09,0.27,0.37
2015-02-01,0.05,0.045789373,-1.452877735,0.487092439,-0.01,0.034880749,-1.549754175,0.306884163,0.03,0.036193922,-1.5338267,0.499042382,1.323565192,1.437208852,-5.240108339,1.323565192,1.437208852,1.74670278,1.010889613,1.010784248,-3.388104848,0.06,0.07,0.12,0.25,0.46,0.04,0.07,0.06,0.21,0.38,0.05,0.08,0.1,0.25,0.4
2015-03-01,0.06,0.04472136,-1.4136,0.440908154,2.08E-17,0.032863353,-1.580246914,0.407407407,0.02,0.037771241,-1.555419687,0.473429832,1.075575541,1.217485873,-1.205503584,0.95998366,1.450489106,-0.423876896,0.859396353,0.787373243,-1.34209591,0,0.08,0.15,0.24,0.45,0.04,0.08,0.09,0.16,0.38,0.02,0.07,0.11,0.19,0.38
2015-04-01,0.02,0.036147845,-0.937734277,0.484460914,0.03,0.041352146,-1.133271776,0.669237401,0.01,0.035449495,-1.503324445,0.469944333,1.240695709,0.127776273,51.31333421,1.823689309,0.804337219,17.97107023,1.217844845,0.832028451,22.42224721,0.02,0.05,0.13,0.26,0.48,0,0.11,0.14,0.22,0.47,0,0.06,0.12,0.21,0.41
2015-05-01,-0.06,0.05585696,-0.707100592,-0.43748984,-0.05,0.062423286,-0.62611036,-0.421928466,-0.04,0.04802777,-1.001570383,-0.248301471,2.108185107,0.082265625,1.32E+16,2.612292877,0.399325302,1.03E+16,1.688742684,0.350649351,1.05E+16,0.03,-0.01,0.06,0.19,0.36,0.07,0,0.07,0.13,0.34,0.04,-6.94E-18,0.08,0.15,0.32
2015-06-01,-2.08E-17,0.062928531,-1.021120294,-0.532783129,0.02,0.066231916,-0.59888582,-0.788434793,0.03,0.057532599,-1.301357235,-0.303726409,1.154700538,0.270833333,0.874352571,1.41027972,0.904396797,0.830864885,0.926462807,0.908034059,0.894776176,-0.06,-0.02,0.06,0.16,0.42,-0.07,-6.94E-18,0.08,0.1,0.4,-0.04,0.02,0.09,0.14,0.36
2015-07-01,-0.05,0.056361926,-0.724240786,-0.514483876,-0.06,0.065421709,-0.970565115,-0.239428802,-0.02,0.053166405,-0.970140619,0.002267745,0.952111118,-2.159134458,1.416853804,1.444928613,3.877812214,0.043931438,0.791241002,0.498728035,0.859775318,0.01,-0.03,0.02,0.16,0.42,0,-0.1,0.01,0.05,0.34,0.02,-0.01,0.05,0.14,0.37
2015-08-01,-0.04,0.055377492,-0.503705104,-0.613510527,-0.09,0.06565059,-1.036267031,0.006968627,-0.04,0.055015149,-1.172776495,0.142685893,1.126658897,3.110555764,1.084820105,1.490711985,1.046459627,-0.788213962,1.033121516,4.641806473,0.239779825,0.02,-6.94E-18,-0.01,0.11,0.37,-0.03,-0.06,-0.06,0,0.29,0.01,-0.01,-0.01,0.09,0.33
2015-09-01,-1.73E-17,0.057271284,-0.4256395,-0.881721942,-0.07,0.065243135,-0.970796497,-0.158216164,0.02,0.055377492,-1.116181474,-0.381293926,1.077782984,1.036918675,7.987410987,1.526422723,0.079883027,-11.39797064,1.033121516,1.553702375,2.158018426,-0.03,-0.01,-0.03,0.12,0.31,-0.03,-0.1,-0.1,-0.01,0.2,-0.04,-0.03,-0.01,0.1,0.27
2015-10-01,0.06,0.0678233,-0.773081285,-0.526677948,-0.07,0.065243135,-0.970796497,-0.158216164,0.06,0.062609903,-1.29758434,-0.257089302,1.515683772,0.659718733,3.795053392,1.415407496,0.260998808,9.509210185,1.315191898,0.903217792,4.890267825,0,0.05,0.02,0.15,0.35,-0.04,-0.01,-0.11,0.03,0.22,0,0.03,0.02,0.14,0.3
2015-11-01,0.09,0.058566202,-1.121318498,-0.206130019,-0.09,0.071484264,-0.744551377,-0.390454342,0.06,0.062609903,-1.29758434,-0.257089302,0.89090581,-0.308267702,1.274848414,1.0261799,0.360630061,1.412985796,0.887591828,1.055385566,0.713337975,0.08,0.08,0.08,0.14,0.36,0.06,-0.04,-0.1,-0.03,0.18,0.07,0.06,0.05,0.13,0.31
2015-12-01,0.04,0.054283208,-0.653917815,0.125403254,-0.16,0.064083279,-0.133264463,-0.164465832,-1.04E-17,0.055497748,-0.841963232,-0.046142067,1.056514439,-1.654888492,0.964176024,1.165484239,38.18898062,1.369737304,1.014423822,-0.1612265,0.886446346,0,0.06,0.05,0.11,0.3,-0.06,-0.05,-0.15,-0.07,0.1,-0.01,0.04,0.01,0.1,0.26
2016-01-01,0.03,0.054313902,-0.635610457,0.225616854,-0.09,0.067453688,-0.319120879,-0.584638519,0.01,0.055647701,-0.852578267,-0.142960788,1.067273558,1.029414725,0.987083737,1.139303842,-0.462436304,0.75735472,0.985546766,0.982062475,0.934762872,-0.02,-0.05,-3.82E-17,0.02,0.33,-0.05,-0.11,-0.12,-0.11,0.11,-0.02,-0.05,-0.02,0.03,0.3
2016-02-01,0.08,0.051639778,-0.20265,-0.199757666,-0.02,0.070332543,-0.144026852,-0.959982357,0.07,0.051929439,0.053731124,-0.695339979,0.991285237,0.591262859,0.83079614,1.190162132,-1.332037773,0.27697095,0.863830947,0.803188416,0.928435857,-0.03,-0.05,0.03,0.02,0.27,0,-0.03,-0.07,-0.13,0.08,-0.02,-0.04,0.02,0.01,0.26
2016-03-01,0.1,0.053541261,-0.469356409,-0.320378736,0.09,0.081670068,-0.273870561,-0.921820753,0.12,0.058991525,-0.504161712,-0.608312315,1.168816805,-9.135556457,0.443890086,1.703408885,-7.990483708,0.225903894,1.277332747,-9.388490384,0.550872971,0,0.03,0.09,0.06,0.3,0.02,0.13,0.08,-0.02,0.14,0,0.07,0.11,0.1,0.29
2016-04-01,-0.04,0.045018515,-1.217191828,-0.311102265,-0.03,0.080187281,-0.820613909,-0.321237291,-0.04,0.062503333,-1.192885182,-0.098298183,0.664446658,0.587769083,1.169868426,1.233939376,0.446736914,1.040719146,0.834750568,-0.573021891,3.306707664,0.06,0.09,0.04,0.06,0.32,0.11,0.16,0.05,-0.06,0.16,0.09,0.09,0.04,0.06,0.27
2016-05-01,-0.01,0.037638633,-1.20843737,-0.080350626,0.06,0.057271284,-1.068114218,0.461854351,0.04,0.051251016,-0.030302249,-0.414100874,0.827821624,2.642463525,0.75321719,1.292436096,0.782628156,0.77200749,0.973580234,-0.833835129,1.386508334,0.03,0.07,0.02,0.1,0.29,0.03,0.12,0.09,-0.01,0.12,0,0.11,0.07,0.12,0.27
2016-06-01,-0.05,0.038686776,-1.235559347,0.406973224,0.08,0.05573748,-0.980530126,0.337120608,0.02,0.051639778,-0.20265,-0.199757666,0.937755813,6.883810222,0.710044765,1.17727011,-1.780635466,1.324111863,1.021694499,-2.899260817,1.475090379,-0.02,-0.02,0.01,0.06,0.22,-0.02,0.01,0.14,-0.01,0.09,0.02,0.01,0.08,0.09,0.23
2016-07-01,0.01,0.04792355,-1.712572227,0.150397311,0.09,0.056480085,-1.112430106,0.244416574,0.04,0.052788888,-0.349991987,-0.367038919,1.047553541,-8.452358085,0,1.249210277,0.568692127,0.857128975,1.020835571,2.451208629,1.153649014,-0.03,-1.39E-17,0.09,0.09,0.25,0,0.01,0.17,0.05,0.1,-0.01,0.03,0.12,0.1,0.24
2016-08-01,-0.08,0.054650404,-1.447265625,0.528258548,0.01,0.058793424,-0.814397663,0.781098955,-0.03,0.056833089,-0.942422529,0.171861789,1.45143607,-4.840998816,-0.008075162,1.541644144,-0.426028851,0.812044092,1.307669683,-0.087277567,0.775153877,0.05,-0.03,0.04,0.07,0.18,0.03,0.01,0.13,0.06,0.06,0.02,-0.02,0.09,0.11,0.2
2016-09-01,-0.08,0.054650404,-1.447265625,0.528258548,-0.04,0.043665394,-1.61024989,0.338005512,-0.11,0.039707262,-0.95759602,-0.491490756,1.128257896,29.50726468,-0.070098714,0.696824443,32.2991955,-0.215841919,0.579618845,26.46592661,0.037504073,-0.05,0.03,0.01,0.1,0.22,-0.02,0.04,0.05,0.13,0.12,-0.03,-0.03,-0.02,0.09,0.19
2016-10-01,-0.04,0.051639778,-1.39065,0.277539412,0.02,0.038297084,-1.48214876,-0.045072777,-0.05,0.026394444,-0.42787482,-0.195930604,2.288688541,0.826453168,1.841290913,1.345185418,1.020833333,0.852074974,1.38443731,1.050252048,1.479524687,0.03,-0.04,-0.04,5.20E-17,0.15,0.03,0.01,0.02,0.07,0.1,-0.02,-0.08,-0.05,-0.01,0.13
2016-11-01,0.02,0.049665548,-1.212447042,-0.260305718,0.08,0.03204164,-0.623376623,-0.569802882,-0.07,0.026394444,-0.42787482,0.195930604,2.195501018,2.105316702,0.809549551,1.203926161,2.442349554,0.595101248,1.37391428,0.688561532,1.201248223,-0.02,-1.56E-17,-0.03,-0.01,0.13,0,0.02,0.03,0.12,0.09,-0.03,-0.1,-0.12,-0.05,0.08
2016-12-01,0.09,0.048476799,-0.454033499,-0.923124043,0.13,0.034302575,-0.247060806,-1.001165836,-0.01,0.036560452,-1.144283929,0.199252337,2.130569371,-15.43759348,-0.175776933,1.323936928,-22.27476712,-0.211543257,1.823689309,-17.54410786,0.401688642,-0.01,-0.01,0.02,0.03,0.14,-0.01,0.02,0.06,0.2,0.13,-0.05,-0.05,-0.08,3.47E-18,0.1
2017-01-01,0.02,0.043665394,-0.649029292,-0.640923946,0.09,0.03391165,-0.785330813,-0.471903441,-0.05,0.033115958,-0.07954472,0.745368322,1.362770288,0.644736842,-1.052229052,0.989227693,1.070682586,-0.381770435,1.365388485,0.717119605,1.095294318,0.02,0.02,-0.02,0.07,0.09,0.03,0.04,0.05,0.22,0.11,0.03,-0.01,-0.09,0.03,0.06
2017-02-01,0.06,0.031622777,-1.4976,0.083138439,0.09,0.03391165,-0.785330813,-0.471903441,-0.03,0.028809721,0.359703876,1.319368078,0.91025899,0.996620564,0.417941253,0.989227693,1.070682586,-0.381770435,1.322875656,0.682800752,0.410830949,0.01,0.02,0.02,0.06,0.08,0.02,0.03,0.05,0.18,0.05,0.01,0.03,-0.07,0.02,0.03
2017-03-01,0.03,0.025884358,-1.287146358,3.48E-16,0.07,0.03060501,-0.422715011,-0.584236855,-0.01,0.03060501,-0.750978331,0.859371653,0.747087368,1.062643678,-8.46E-17,0.948274647,1.051271748,-0.629798787,1.419684428,0.815909134,-1.035501581,-0.01,0.01,-4.34E-17,0.01,0.07,-0.02,0.02,0.04,0.09,0.07,-0.01,0.01,-0.04,-0.06,0.04
2017-04-01,0.05,0.024832774,-0.907932798,-0.394234003,0.07,0.03060501,-0.422715011,-0.584236855,0.03,0.030166206,-1.219417945,0.287316807,0.702559424,0.766637853,0.133504855,0.937125994,0.773424041,2.880197417,1.407398036,0.287733292,3.318111006,0.01,0.03,0.05,0.01,0.07,0.02,0.03,0.07,0.09,0.03,0.01,0.04,0.03,-0.02,0.04
2017-05-01,-0.02,0.0332666,-1.215851357,-0.145470706,-0.01,0.041673333,-1.258240281,-0.252942174,0.02,0.03204164,-1.315567549,0.22940116,0.718873093,1.120305656,0.085726218,1.06184593,1.28626883,1.723696651,0.790038653,0.787019846,-0.348753915,0.03,0.03,0.05,0.02,0.12,0.03,0.03,0.06,0.09,0.08,0.04,0.06,0.09,-0.03,0.09
2017-06-01,-0.09,0.026645825,-1.336639556,0.104225888,-0.09,0.03391165,-1.351531191,4.76E-18,-0.05,0.023166067,-1.543227499,0.415104115,1.221220418,0.555951993,2.229173454,1.453295897,1.321172283,0.970854441,1.192649904,0.470365174,0.318313331,-0.01,-0.02,-0.01,0.01,0.07,-0.02,-0.03,-0.01,0.05,0.04,0.01,0.02,0.03,-0.05,0.04
2017-07-01,0.01,0.050760877,-0.464583309,0.828415745,0.01,0.05845226,-0.684455443,0.697220619,0.04,0.042739521,-0.618892855,0.790124929,1.116229252,0.983631465,-0.234840578,1.315233329,1.238767675,-1.004900266,0.958829932,1.139183299,0.741034767,-0.04,-1.39E-17,0.03,0.01,0.1,-0.04,0,0.03,0.08,0.13,-0.03,0.02,0.06,-0.03,0.07
2017-08-01,0.02,0.049665548,-0.391994156,0.812710217,0.03,0.056124861,-0.542947846,0.669188621,0.05,0.041190614,-0.510118457,0.844685542,0.947637587,0.690740089,4.773825486,1.069801814,0.849936096,3.239162718,0.774962304,0.318404907,8.179380308,0.05,0.04,0.07,0.09,0.16,0.06,0.05,0.08,0.13,0.19,0.04,0.04,0.1,0.03,0.14
2017-09-01,-0.04,0.051639778,0.12135,1.232133566,-0.05,0.05845226,0.047451755,1.157971308,-0.03,0.048887626,-0.385182332,0.826917831,0.994185997,1.421973723,0.27608381,1.144615624,1.608712842,-0.208695909,0.969087424,1.725174627,0.604329531,0.03,0.07,0.05,0.05,0.15,0.03,0.07,0.04,0.08,0.21,0.03,0.04,0.06,0.02,0.11
2017-10-01,0.03,0.062849025,-1.477417081,0.635415013,0.01,0.06675827,-1.33109603,0.63001894,0.01,0.055287129,-1.326788672,0.508920125,1.075689189,0.91743538,0.62847736,1.147479076,1.06243545,-0.432343574,0.898877105,0.990362712,3.297872094,-0.01,0.08,0.08,0.13,0.13,-0.02,0.06,0.06,0.13,0.2,-0.03,0.04,0.06,0.09,0.08
2017-11-01,0.06,0.058651513,-1.470795024,0.664560275,0.05,0.06112828,-1.279501465,0.675679636,0.02,0.054283208,-1.290759812,0.466305303,0.986393924,0.621870022,6.512216829,1.032141131,0.786309241,5.591483761,0.880212914,0.920026882,7.06018985,0.06,0.08,0.12,0.17,0.16,0.05,0.06,0.11,0.17,0.29,0.04,0.04,0.08,0.17,0.12
2017-12-01,0.08,0.056450568,-1.460058472,0.619240238,0.04,0.062503333,-1.301075144,0.66894605,0.07,0.05382069,-1.404948084,0.009212603,0.687329661,0.811401222,0.527536746,0.920066727,1.130710781,0.689519039,0.771183649,-0.57611524,2.987889425,0.03,0.1,0.17,0.16,0.19,0.03,0.06,0.13,0.12,0.32,0.03,0.12,0.16,0.19,0.19
2018-01-01,-0.03,0.042778499,0.859446385,1.570026003,-0.06,0.042895221,0.144612476,1.165851336,-0.04,0.043665394,-1.018729522,0.46431899,1.021005793,1.342840391,-0.607263807,1.081578162,1.797720819,0.269879843,1.251414294,1.74812606,1.080270544,0.01,0.03,0.11,0.14,0.21,-0.02,0.02,0.08,0.11,0.33,0.05,0.06,0.1,0.16,0.19
2018-02-01,-0.01,0.042150524,0.563759948,1.390949825,-0.05,0.042622373,0.032098308,1.062629671,-0.02,0.043204938,-1.056428571,0.23241742,1.124960765,0.762994739,6.51E+16,1.183693349,1.482661994,3.67E+16,1.36336241,1.87435084," -9,524,475,361,198,500.00 ",-0.01,-1.39E-17,0.08,0.15,0.21,0.01,-0.02,0.04,0.12,0.3,-0.02,0.03,0.07,0.17,0.19
2018-03-01,-2.08E-17,0.040496913,0.756692445,1.54383435,-0.03,0.039370039,0.354880333,1.29248518,0.02,0.035023801,-0.983223062,0.706002608,1.381342864,1.256460083,0.242814998,1.339624796,2.009683797,0.228777419,1.33355854,2.66468517,-0.193964199,0,-0.05,0.05,0.1,0.11,-0.01,-0.04,0.02,0.06,0.15,0,-0.05,0.07,0.13,0.07
2018-04-01,-0.01,0.036560452,0.661077978,1.49040748,-0.01,0.04708149,0.591404828,1.436839424,0.04,0.041793141,-0.479692326,0.959073613,0.881224589,1.353427475,#NAME?,1.102777047,2.048934695,inf,1.097783314,2.716728822,0,-0.04,-0.01,0.02,0.1,0.11,-0.04,0,0.02,0.08,0.17,-0.03,0.01,0.07,0.13,0.11
2018-05-01,-0.08,0.051639778,-0.20265,0.199757666,-0.07,0.057067212,-0.071476089,0.830438363,-0.05,0.063691967,-0.518970838,-0.268326836,1.110019305,1.935727788,0.445288811,1.255345712,0.947017127,-2.386810678,1.648863245,1.772040088,0.271712402,0.03,-0.06,-0.06,0.06,0.08,0.05,-0.03,-0.05,0.06,0.15,0.04,-0.06,-0.03,0.05,0.02
2018-06-01,-0.02,0.057850382,-0.985508167,-0.145350743,0.01,0.05845226,-0.768336942,0.183812709,-0.04,0.065012819,-0.642219546,-0.29145869,0.883829743,0.999985969,-0.331067161,1.022542275,0.601728065,6.760964567,1.092945047,0.392701359, -0.00 ,-0.05,-0.02,-0.07,0.1,0.11,-0.04,1.73E-18,-0.04,0.09,0.14,-0.07,-0.04,-0.09,0.07,0.02
2018-07-01,-1.39E-17,0.057271284,-0.843248067,-0.335894073,0.01,0.05845226,-0.768336942,0.183812709,-1.21E-17,0.064187226,-0.312187765,-0.631291244,0.924177117,1.175895309,-3.293879558,1.022542275,0.601728065,6.760964567,1.168221572,0.711972929,-4.372664105,0,-0.04,-0.05,0.06,0.07,-0.01,-0.04,-0.04,0.04,0.12,-0.01,-0.06,-0.05,0.05,0.02
2018-08-01,0.01,0.057416606,-0.816457269,-0.427619207,-3.47E-18,0.058991525,-0.818073722,0.262534788,-1.21E-17,0.064187226,-0.312187765,-0.631291244,0.965991478,1.146694579,10.57173354,1,0.527868852,-14.88235294,1.161394511,0.664257422,11.9597254,0.01,0.03,-0.03,0.05,0.14,0.01,-0.01,-0.04,-1.21E-17,0.13,0.02,0.02,-0.04,0.03,0.06
2018-09-01,-1.39E-17,0.058651513,-1.003515414,-0.351826028,0.01,0.058109093,-0.727429887,0.20160402,-0.03,0.067156534,-0.852473685,-0.390615584,0.89317009,0.928504445,1.538302988,0.869262893,0.172512194,-1.985702744,1.181552968,0.871714772,1.208153513,0.02,-1.39E-17,-0.02,0.03,0.08,-0.01,-0.01,-0.01,0.01,0.09,0.01,-0.01,-0.05,0.02,0.04
2018-10-01,-0.08,0.047609523,-0.595640138,-0.4069426,-0.07,0.040207794,-0.320654692,-0.574851625,-0.1,0.054283208,-0.553305624,-0.856820776,0.89317009,1.334490195,0.079911844,0.511112468,0.724665669,0.359813971,0.971504104,0.888270036,0.733536224,-0.03,-0.06,-0.1,-0.08,0.05,-0.01,-0.05,-0.09,-0.07,0.06,-0.04,-0.06,-0.12,-0.05,0.04
2018-11-01,-2.08E-17,0.029664794,-0.260330579,0.503556099,0.04,0.025033311,-1.444997737,0.161382544,0.06,0.035213634,-0.449531738,-0.632206033,1.059654139,0.825840473,3.155944278,0.425308561,0.204615544,-8.223434544,0.741274615,0.688096857,5.611572253,-0.05,-0.14,-0.11,-0.17,1.39E-17,-0.03,-0.06,-0.07,-0.12,0.05,-0.03,-0.07,-0.05,-0.08,0.09
2018-12-01,-2.08E-17,0.029664794,-0.260330579,0.503556099,0.06,0.030983867,-0.90625,0.57452426,0.05,0.033714487,-0.247417893,-0.666352315,1.401529776,1.046791886,0.291652115,0.916125381,0.28828721,-2.544189644,0.88891989,0.837073036,1.683474628,-0.06,-0.08,-0.08,-0.15,0.01,-0.02,-0.01,-0.02,-0.06,0.06,0,-0.02,-0.03,-0.12,0.07
2019-01-01,-2.08E-17,0.029664794,-0.260330579,0.503556099,0.08,0.030767949,-1.047411228,0.244042425,0.01,0.037103459,-1.19694669,-0.143450283,1.311487705,1.196072721,1.551584291,1.051982256,0.937484879,-6.903522207,0.675771164,0.88009108,7.680990734,0.03,-1.39E-17,-0.06,-0.11,0.03,0.04,0.07,0.02,-0.02,0.09,0.01,0.01,-0.05,-0.1,0.06
2019-02-01,-0.02,0.029439203,0.164733728,0.872059595,0.07,0.033115958,-1.085300394,0.093841336,-0.02,0.039327683,-1.483947681,0.185695338,1.184134246,1.087748797,1.440893521,0.93396071,0.86148386,-5.034218929,0.571040241,0.765148515,7.341698123,0.03,0.08,-0.06,-0.09,0.06,0.05,0.09,0.03,-0.01,0.11,0,0.01,-0.06,-0.1,0.07
2019-03-01,0.03,0.023452079,0.374876033,1.375819952,0.09,0.030166206,-0.593406593,-3.38E-18,0.02,0.032659863,-1.365,0.279508497,1.1898575,0.880055002,7.694634731,0.910386922,0.85898425,-1.84538745,0.390094749,-0.427561123,15.77953918,0.02,0.07,-0.01,-0.03,0.07,0,0.06,0.05,0.04,0.1,0,0,-0.02,-0.07,0.06
2019-04-01,0.05,0.02228602,0.157019954,1.176614973,0.13,0.033115958,-0.973549764,-0.412901876,0.06,0.037947332,-1.777777778,-5.43E-17,1.107110855,-0.951535852,2.792358649,0.944648671,1.630588784,0.493440493,0.645497224,-0.993103448,-2.86004924,0.02,0.05,0.05,-0.05,0.05,0.01,0.06,0.13,0.04,0.12,0,0.05,0.06,-0.06,0.07
2019-05-01,-0.03,0.046368092,0.190676041,-0.969173472,0.02,0.052408651,-0.945188048,-0.498536147,-0.08,0.049665548,-0.857443389,-0.222551453,1.05437286,-0.607505929,8.531341856,1.288244724,1.120131306,2.706212315,1.148542092,0.090346316,-1.084323957,0.01,-0.01,0.07,-0.04,0.02,0.05,0.03,0.12,0.05,0.11,0.05,0.01,0.02,-0.03,0.02
2019-06-01,0.03,0.063796552,-0.05806253,0.250602532,0.03,0.054680892,-0.967707296,-0.385928031,-0.05,0.056005952,-1.08986867,-0.059170254,0.936329178,0.278775402,0.716200795,0.882089673,3.942514574,0.282313331,0.824288818,0.358388272,-0.218004946,-0.04,0.03,0.1,0.02,0.12,-0.03,0.04,0.1,0.08,0.17,-0.04,0.02,0.02,-0.01,0.06
2019-07-01,-0.03,0.069209826,-0.527691215,0.49367138,-0.07,0.063691967,-1.502506602,0.115697105,-0.09,0.061237244,-1.458304,0.100175845,1.052069064,3.967368954,-0.02849207,1.025697224,3.85962779,0.099619469,0.970806754,3.227642442,-0.362625537,0.06,-0.01,0.04,-0.02,0.04,0.02,-0.06,-2.08E-17,0.02,0.06,0.01,-0.07,-0.02,-0.07,-0.02
2019-08-01,0.01,0.070545494,-0.834638449,0.18131844,-0.06,0.063245553,-1.4706,0.036373067,-0.07,0.060800219,-1.418103052,-0.074624579,0.974244601,0.72706863,-2.213146655,1.110155629,1.211875371,-1.585605303,0.993928298,0.819559356,-4.385037773,-0.03,0.03,0.02,-0.04,0.01,-0.05,-0.08,-0.05,-0.02,-0.02,-0.04,-0.07,-0.06,-0.12,-0.09
2019-09-01,0.02,0.070898989,-0.891246684,0.104781193,-0.02,0.0665332,-1.656281754,-0.207130448,-2.78E-17,0.067527772,-1.594182825,-0.36713269,0.912266179,0.273003411,2.368515169,1.06000958,1.062720758,0.700199907,1.038975552,1.191724458,0.860882833,0,-0.04,-0.01,-0.02,0.01,-0.05,-0.09,-0.05,-1.91E-17,0.01,-0.04,-0.05,-0.03,-0.05,-0.03
2019-10-01,0.07,0.074677083,-1.207376822,-0.183312523,-0.05,0.062742861,-1.505062158,-0.107722223,-0.04,0.063456022,-1.462106925,-0.201973993,1.175357612,0.982897385,2.346681808,0.915621138,1.187508769,-0.115111429,0.850962943,1.253207172,0.566585021,-0.01,0.06,0.05,0.1,0.02,0.01,-0.01,-0.07,0.06,-0.01,0.03,0.01,-0.06,1.04E-17,-0.05
2019-11-01,0.1,0.067131711,-1.244756836,-0.003218511,-0.02,0.056803756,-1.337716003,-0.081814008,-3.47E-17,0.054405882,-1.46055515,-0.048976253,1.160034057,0.899911724,8.351542215,0.949333749,0.96088555,-4.631943483,0.821020142,0.971703646,-2.891069599,0.07,0.04,0.07,0.14,-0.03,0.03,0.03,-0.05,0.07,-0.05,0.02,0.04,-0.03,-0.01,-0.09
2019-12-01,0.05,0.055287129,-1.507625858,-0.454470137,-0.07,0.04665476,-1.323053688,-0.376587937,-0.03,0.048887626,-1.262477898,-0.08437937,1.35240389,0.835095131,4.999475964,1.117618285,0.944468434,-2.362283166,1.048986057,1.065559659,-2.169169061,-0.02,0.1,0.06,0.16,0.01,-0.01,0.03,-0.06,0.04,-0.02,-0.01,0.03,-0.02,1.04E-17,-0.12
2020-01-01,0.08,0.048853523,-1.22992416,-0.502744051,-0.06,0.043817805,-1.4765625,-0.265625,-0.02,0.046332134,-1.31198642,0.021048911,1.208704489,0.791721308,5.602389512,1.043656711,0.892481726,-2.14213273,0.977440706,1.03390592,-2.027258454,0.05,0.03,0.09,0.13,0.02,0.01,-0.04,-0.05,-0.05,-0.07,0.02,-0.02,-0.01,-0.03,-0.13
2020-02-01,-0.01,0.056005952,-1.708488381,0.074136032,-0.12,0.052535702,-1.799621928,-0.036263376,-0.06,0.050199602,-1.560090703,0.280565859,1.889119698,0.481469839,-2.751417837,1.695171362,0.125747432,-8.764612155,1.391690689,0.391382266,-7.046134281,0,-0.04,-2.78E-17,0.02,-0.07,-0.04,-0.14,-0.11,-0.16,-0.17,-0.03,-0.09,-0.05,-0.11,-0.21
2020-03-01,-0.02,0.055377492,-1.638827977,0.164558431,-0.31,0.064935866,-1.015578434,-0.19487887,-0.12,0.037947332,-1.680555556,0.168393829,1.328195228,4.264363899,0.052514492,2.047199463,0.678669461,1.188518069,0.992277877,4.121749127,0.398038984,-0.09,-0.18,-0.08,-0.09,-0.12,-0.11,-0.4,-0.37,-0.42,-0.38,-0.08,-0.21,-0.18,-0.21,-0.28
2020-04-01,0.22,0.136918467,0.417172694,1.378633693,5.55E-17,0.170645832,0.519966641,1.392782139,0.1,0.110211917,0.489877952,1.417852695,1.046674952,1.001187784,-0.692863827,1.678413885,0.503138254,0.200714152,0.743535829,1.27745214,-0.046993955,-0.09,-0.05,-0.02,0.03,-0.02,-0.25,-0.2,-0.24,-0.31,-0.27,-0.1,-0.12,-0.14,-0.2,-0.26
2020-05-01,0.16,0.147196014,0.124979503,1.13112045,-0.09,0.179638526,0.40443523,1.370105917,0.01,0.126081984,-0.014827096,0.952263696,0.793056213,1.410760373,1.134539903,1.276412892,0.675063233,-0.998554703,0.568781375,1.700615456,-0.315404171,0.13,0.06,0.02,0.09,0.05,0.16,-0.09,-0.23,-0.28,-0.23,0.06,-0.04,-0.13,-0.16,-0.19
2020-06-01,0.17,0.14770466,0.028728746,1.085405041,-0.04,0.182720187,-0.057859182,1.172456978,0.01,0.126081984,-0.014827096,0.952263696,0.814481854,1.575023069,0.958768994,1.331314312,0.997817608,-2.552075044,0.580938144,1.733810305,-0.681746184,0.02,0.22,0.04,0.1,0.12,0,0.23,-0.17,-0.23,-0.15,0,0.09,-0.12,-0.14,-0.15
2020-07-01,0.21,0.145430396,0.000511041,1.000051047,-0.03,0.182071415,-0.064524477,1.158665837,-4.16E-17,0.127121989,-0.046576316,0.95792528,0.820701186,1.343817267,-1.17989E+15,1.277905355,0.676596852,-1.98887E+15,0.557282639,1.222839549,-1.40463E+15,0.07,0.17,0.12,0.21,0.19,0.07,0.08,-0.12,-0.17,-0.15,0.03,0.03,-0.09,-0.1,-0.17
2020-08-01,0.24,0.141985915,0.101119615,1.003431011,-0.01,0.180600849,-0.06714318,1.136039642,-4.16E-17,0.127121989,-0.046576316,0.95792528,0.676403307,0.615996754,1.774069739,1.208783993,0.049617678,2.878865595,0.479510012,0.197362583,2.682465304,0.08,0.15,0.21,0.21,0.17,0.01,0.05,-0.04,-0.15,-0.17,0,0.01,-0.03,-0.08,-0.2
2020-09-01,0.2,0.144591378,0.098965112,1.078907985,0.16,0.165368276,0.001928398,1.068712235,0.05,0.128750405,-0.422623126,0.721804128,0.59322904,5.608316205,-0.065048975,0.66137928,1.151981867,-1.545921345,0.288675135,6.446022727,-0.187723245,0,0.04,0.26,0.18,0.16,-0.03,-0.01,0.22,-0.15,-0.15,-0.02,0.02,0.11,-0.07,-0.12
2020-10-01,-0.14,0.062503333,-0.412911041,-0.05243899,-0.22,0.072846871,-0.831835055,0.149872639,-0.2,0.069474216,-0.984081682,-0.282540026,0.916681069,2.828708039,0.103037761,0.739951699,1.01675431,0.283657656,0.461440957,2.536923798,0.211505475,-0.04,-0.09,0.08,0.06,0.16,0.01,-0.08,-6.94E-18,-0.24,-0.18,0.04,-0.01,0.02,-0.12,-0.12
2020-11-01,0.06,0.05329165,-1.561594922,0.442960025,0.12,0.102567051,-0.480215125,0.931986657,0.1,0.083825215,-0.563167692,0.739291764,1.445997611,2.568671307,-0.137024186,2.053821272,0.922358498,1.194352443,1.427012136,0.524565899,1.465483511,-0.05,-0.05,0.1,0.12,0.26,-0.06,0.11,0.16,-0.07,2.78E-17,-0.03,0.13,0.14,0.01,0
2020-12-01,-0.05,0.04708149,0.099058172,1.283825355,1.39E-17,0.102567051,0.553427113,1.487523801,0.02,0.087559504,-0.335437429,1.056279627,1.000581226,1.191036728,-0.280204199,1.435432031,0.159392537,2.766438597,1.041019179,0.547850109,2.075551814,0.04,0.05,0.09,0.13,0.29,0.16,0.15,0.14,-0.03,0.01,0.12,0.14,0.16,0.04,0.04
2021-01-01,-0.1,0.047609523,1.123391003,1.746875551,0.05,0.098674549,0.530621439,1.44129468,0.05,0.083286654,-0.19983785,1.148455023,0.853912564,1.45827856,-0.009252978,1.517690817,0.451871383,1.483720857,1.085534623,0.725749716,1.344742,0.06,0.11,0.02,0.14,0.27,0.05,0.25,0.17,0.05,1.39E-17,0.05,0.18,0.17,0.08,0.05
2021-02-01,-0.02,0.053913511,-1.231840754,0.787888041,0.14,0.092879851,0.332071217,1.281990677,0.09,0.079183332,-0.115794052,1.143811094,1.050793351,1.601220312,-0.416399189,1.417891627,0.295341871,0.587857931,0.99018622,0.334027736,1.236034554,0.01,0.15,0.1,0.31,0.33,0.04,0.15,0.26,0.22,0.06,0.01,0.08,0.21,0.18,0.07
2021-03-01,0.02,0.052408651,-1.413469696,0.469449235,0.1,0.094586821,0.512792038,1.424859651,0.03,0.077653075,0.900522264,1.611416452,0.955284411,0.393004288,10.79125314,1.423840723,0.117147749,-1.728943415,1.014242833,0.32976593,-6.469607449,0.08,0.15,0.2,0.46,0.37,0.06,0.13,0.28,0.5,0.08,0.02,0.07,0.21,0.32,0.11
2021-04-01,0.02,0.052408651,-1.413469696,0.469449235,0.13,0.09108604,0.642936595,1.48653634,0.01,0.079351539,0.88418895,1.615183198,0.689114246,34.05422102,0.444709543,1.124358272,-16.57883994,-2.599742363,0.956086024,-0.532927548,-1.94496321,0.06,0.14,0.25,0.33,0.36,0.03,0.11,0.36,0.36,0.05,0.04,0.06,0.24,0.26,0.06
2021-05-01,-0.05,0.037638633,-1.227570934,0.474799153,-0.04,0.031411251,-1.223886048,0.087971186,-0.11,0.033115958,-0.398832235,0.890152097,1.079556009,18.75419765,0.060651947,0.469668218,11.04238806,-5.03E-16,0.709701677,18.3375477,-0.216664073,0,0.08,0.23,0.33,0.42,0.02,0.09,0.24,0.4,0.12,0,0.09,0.17,0.31,0.15
2021-06-01,-0.06,0.039496835,-1.278106509,0.405357836,-0.03,0.028809721,-1.396138772,0.32984202,-0.1,0.031411251,-0.237764792,1.021094124,2.493469732,1.601189855,-0.709545717,1.560378995,0.523682607,1.052857766,1.527525232,1.767590618,-0.387942916,0.02,1.39E-17,0.15,0.24,0.34,0.04,0.05,0.18,0.32,0.09,0.05,0.04,0.11,0.27,0.13
2021-07-01,0.04,0.045018515,-1.44156856,-0.121132443,0.03,0.036193922,-1.634520133,1.25E-16,-0.02,0.036147845,-1.5,0.29479962,1.298350602,7.821328661,-0.139622148,0.818161204,3.451842567,0.174250879,0.810643483,8.777236421,-0.213448007,-0.02,0.03,0.17,0.19,0.4,-0.01,0.05,0.16,0.33,0.16,-0.01,0.05,0.11,0.28,0.18
2021-08-01,-2.78E-17,0.04,-0.95625,0.10269798,0.01,0.034302575,-1.342583602,0.236419884,0.01,0.037103459,-1.673094173,-0.117715016,1,6.643370346,0.177664975,0.651528814,1.449940867,0.910362936,0.93021832,11.27759774,0.108469479,0.03,0.05,0.13,0.23,0.44,0.02,0.05,0.14,0.4,0.25,0.01,0.05,0.14,0.35,0.27
2021-09-01,-0.03,0.040373258,-0.867853513,0.479404056,2.78E-17,0.035777088,-1.447265625,0.258344621,-0.03,0.042778499,-1.875302338,0.058771027,0.890254566,-10.40905917,0.091377624,0.899172196,-12.55113636,0.202710303,1.298526169,-11.48436034,-0.154442709,0.04,0.07,0.07,0.27,0.45,0.04,0.05,0.1,0.38,0.23,0.05,0.03,0.07,0.28,0.21
2021-10-01,-0.01,0.037638633,-0.58659654,0.462016099,0.08,0.041311822,-1.496704102,-0.240996354,0.03,0.039874804,-1.44749021,-0.570175926,1.167973394,1.45447377,0.254489578,1.099132606,1.53125469,0.52819809,1.334296377,1.270091424,-0.046132842,0,0.01,0.04,0.29,0.35,-0.01,0.08,0.13,0.49,0.25,-0.03,0.03,0.08,0.32,0.2
2021-11-01,-0.05,0.038686776,-0.301278267,0.906440364,0.01,0.045350487,-1.634010964,0.318413942,-0.05,0.03920034,-1.803577058,0.082036031,1.066328203,1.333719021,-0.239772456,1.066328203,1.606913244,-0.395768993,1.066328203,0.394613878,-0.785760337,-0.03,-0.03,0.02,0.25,0.37,0.05,0.03,0.08,0.32,0.25,0.01,-0.03,0.02,0.19,0.2
2021-12-01,0.03,0.035071356,-1.124330756,0.548512725,0.09,0.042308392,-1.558565588,-0.312438704,0.05,0.044007575,-1.387180391,-0.356174027,1.167973394,1.152854785,0.674053476,1.167973394,1.575121364,0.488344865,1.550685099,1.147612148,-0.446724605,0,0.01,0.08,0.23,0.36,-0.01,0.09,0.14,0.32,0.29,-0.01,0.07,0.1,0.21,0.25
2022-01-01,-0.04,0.022509257,-0.90166205,0.700113502,0.04,0.038815804,-1.321325084,0.140691882,-0.02,0.043204938,-1.365,0.297615034,1.444991349,1.905814894,1.789773273,1.466969666,2.217471116,2.701815447,1.817690843,1.760050069,-0.58964078,0.04,0.08,0.09,0.26,0.4,0.05,0.09,0.17,0.33,0.38,0.07,0.08,0.11,0.22,0.3
2022-02-01,-0.03,0.024289916,-1.356506751,0.55035777,0.06,0.04,-1.49625,-0.10269798,-0.04,0.041793141,-1.008332848,0.553568219,1.47478812,2.400140926,-1.56423E+15,1.549193338,2.777777778,-2.54023E+15,1.693123347,0.776696112,1.79276E+15,0.04,0.12,0.09,0.22,0.53,0.05,0.15,0.18,0.32,0.54,0.02,0.11,0.08,0.22,0.4
2022-03-01,-0.02,0.023380904,-1.299226651,0.438048357,0.09,0.035637059,-0.947485895,-0.304968923,0.01,0.036009258,-0.757290792,0.471828498,1.4,1.113989771,3.417081118,1.186591758,-0.583318945,5.858688644,1.302305648,0.163325151,-2.993495558,0.04,0.1,0.11,0.18,0.64,0.05,0.13,0.22,0.32,0.82,0.02,0.07,0.14,0.21,0.53
2022-04-01,-0.05,0.029944393,-1.197578806,-0.028105626,-0.01,0.033714487,-1.451122711,-0.04891242,-0.05,0.038166303,-0.280349167,0.971617074,2.112763147,0.56862676,-1.7489162,2.309401077,1.671641791,-1.186775553,2.271435733,0.948937926,0.318141675,0.02,0.02,0.1,0.14,0.47,0.03,0.05,0.14,0.27,0.63,0.03,0.02,0.1,0.18,0.44
2022-05-01,,,,,0.08,0.0332666,-0.93366236,-0.497245322,0.04,0.040824829,-1.430016,0.262603823,,,,1.064120736,4.970378333,1.262813522,1.071008321,2.552327122,2.47E-17,-0.04,,,,,-0.03,0.01,0.16,0.24,0.64,-0.03,0.01,0.12,0.14,0.45
2022-06-01,,,,,-0.08,0.060553007,-0.328780165,-0.880632407,-0.09,0.041352146,-0.739304401,0.297438845,,,,2.047236301,3.815894489,1.290232057,1.177297504,10.57932005,1.052563138,,,,,,0.01,-0.13,0,0.14,0.46,0.01,-0.08,-0.01,0.09,0.36
2022-07-01,,,,,0.02,0.076594169,-0.716497934,-0.455170038,0.03,0.058223707,-1.077766466,0.213119064,,,,1.497123679,0.190391157,1.401657835,0.901387819,0.906670135,1.071304437,-0.1,,,,,-0.11,-0.07,-0.02,0.15,0.48,-0.06,-0.03,-0.01,0.1,0.38
2022-08-01,,,,,-0.06,0.077974355,-0.992815097,0.058228526,-0.01,0.06112828,-1.214872028,0.456989634,,,,1.292539625,0.208125312,1.364581289,0.828629439,0.967208642,0.715189466,0.03,-0.08,,,,0.03,-0.1,-0.09,0.09,0.49,0.02,-0.05,-0.04,0.04,0.39
2022-09-01,,,,,-0.06,0.077974355,-0.992815097,0.058228526,-0.04,0.062182527,-1.130154578,0.678340598,,,,1.302818699,-0.03414153,1.824116167,0.824855993,1.322553168,0.061601634,-0.01,-0.02,,,,-0.02,-1.73E-18,-0.13,0.09,0.47,-0.01,-0.03,-0.11,0.03,0.31
2022-10-01,,,,,0.1,0.091796877,-1.201354951,-0.321306957,0.09,0.070356236,-1.724370983,0.009436351,,,,1.712125156,0.241151174,-9.969768178,1.094773681,0.952249004,-1.524252625,-0.04,-0.01,,,,-0.01,0.05,-0.02,0.12,0.61,-0.04,0,-0.03,0.07,0.39
2022-11-01,0.02,0.079162281,-1.217410593,-0.095197369,0.09,0.091159201,-1.178198595,-0.275042369,0.07,0.068823446,-1.608969905,0.142851184,1.384890952,0.783173398,1.920297411,1.659448355,0.691099646,1.875693992,1.200223318,1.131695417,-0.416189313,0.04,0.07,-0.01,,,0.08,0.16,0.06,0.22,0.54,0.05,0.09,0.04,0.16,0.35
2022-12-01,-0.01,0.088185411,-0.934280673,-0.35798414,0.07,0.097245394,-1.00635057,-0.414880594,-2.78E-17,0.088543774,-0.971314036,-0.42606935,0.72805819,1.284494146,0.73823496,0.869984398,1.347087719,1.747993674,0.786483758,1.181317605,1.976502584,0.07,0.07,0.05,,,0.09,0.13,0.13,0.13,0.45,0.08,0.09,0.06,0.05,0.26
2023-01-01,-0.03,0.083845095,-0.868915783,-0.47391212,0.05,0.093897107,-0.904911861,-0.442104473,-0.01,0.086583293,-0.928449401,-0.465647754,0.895076975,1.533463654,-0.037317634,1.03485759,1.550005712,0.137253567,0.96508826,1.516772534,0.042306229,-0.04,0.08,0.07,,,-0.04,0.1,0.15,0.13,0.46,-0.04,0.09,0.09,0.08,0.3
2023-02-01,-0.06,0.087177979,-1.210138504,-0.309510993,-0.02,0.106144556,-1.454831413,-0.293935563,-0.06,0.093166518,-1.42351717,-0.250330059,0.815682932,1.000893564,-0.796981143,1.059955648,1.071539196,3.54E-16,0.912507163,1.085408627,0.557865365,0.05,0.01,0.08,,,0.05,-0.04,0.12,0.03,0.35,0.05,-0.01,0.08,0.04,0.26
2023-03-01,-0.06,0.087177979,-1.210138504,-0.309510993,-0.05,0.106661458,-1.527994211,-0.138923379,-0.04,0.092664269,-1.340500945,-0.370497555,0.838196803,0.94610132,-0.954628574,1.135273765,1.122342112,0.543562222,0.860642454,1.040967063,0.548628252,0,0,0.07,,,-0.05,-0.05,0.08,-0.05,0.27,-0.02,-3.47E-18,0.09,-0.02,0.19
2023-04-01,-0.08,0.083346666,-1.140667769,-0.368733854,-0.11,0.094322143,-1.578797177,-0.319421315,-0.08,0.085479042,-1.25814508,-0.468103808,0.894548576,0.95775852,-0.748501929,1.098809938,0.995906472,0.969649917,0.879862787,0.917838216,1.138229338,-0.05,-0.01,0.07,,,-0.05,-0.06,0.04,0.02,0.29,-0.03,-0.02,0.07,0.04,0.22
2023-05-01,-0.17,0.084241716,-1.28380121,0.155220612,-0.26,0.095638207,-1.602814304,0.333492162,-0.21,0.08871302,-1.542863786,0.173219826,0.805768082,1.122832084,0.788042507,0.986285065,0.988161684,1.179092289,0.830737539,0.848751517,0.725318968,0.04,-0.05,-0.04,-0.05,,0.04,-0.09,-0.13,-0.07,0.17,0.03,-0.07,-0.08,-0.04,0.1
2023-06-01,0.06,0.075099933,-1.825260299,-0.055863188,-0.03,0.095236548,-1.691999869,-0.24044626,0.05,0.090645831,-1.520375891,-0.11635488,0.904074996,1.814241157,-0.529543083,1.201217039,2.068087771,-0.137965469,1.095167189,1.629045728,-0.390460013,-0.04,0.03,0.03,0.08,,-0.08,-0.01,-0.06,0.07,0.21,-0.07,0.02,0.02,0.08,0.17
2023-07-01,-0.02,0.066833126,-1.412305636,0.334338701,-0.1,0.086641022,-1.490417044,-0.079349332,-0.02,0.083825215,-1.137137281,0.176887788,0.839763248,1.239601305,6.409323393,1.170445298,1.400469065,1.352018138,1.067112142,1.103158279,3.826385134,0.03,0.03,0.02,0.09,,0.03,-6.94E-18,-0.06,0.09,0.24,0.06,0.04,0.02,0.11,0.21
2023-08-01,-0.01,0.064935866,-1.392445437,0.371621203,-0.05,0.076528862,-1.342196382,-0.009504743,-0.02,0.083825215,-1.137137281,0.176887788,1.006852748,1.33293083,0.34449701,1.308878552,1.18385216,0.580793193,1.3422264,1.267155852,0.175035284,0.04,0.05,-3.82E-17,0.08,,0.05,0.05,-0.04,0.08,0.17,0.05,0.06,-0.01,0.07,0.11
2023-09-01,0.05,0.064316924,-1.439156772,-0.088568171,0.03,0.078930349,-1.318123614,-0.477175371,0.02,0.08477421,-1.23229646,-0.074638642,0.776432934,1.020331562,0.507267327,1.079879271,0.497581529,3.451734765,1.185353657,0.933502096,0.7331779,-0.02,0,0.03,0.1,,-0.03,0.02,0.01,0.09,0.18,-0.05,-0.02,6.94E-18,0.09,0.12
2023-10-01,-0.01,0.059132619,-0.939034043,0.301395473,-0.06,0.074833148,-1.268571429,4.43E-18,-0.03,0.081670068,-0.953590671,0.212356613,0.710863732,0.766420337,-5.593413254,1.087496392,0.77825104,-2.20E-16,1.138772872,0.782290321,-3.809001897,-0.02,-0.07,-0.04,0.03,,0,-0.09,-0.09,-0.05,0.07,-0.02,-0.1,-0.06,0.01,0.08
2023-11-01,0.19,0.068532231,-1.066667137,0.214788904,0.14,0.065319726,-1.365,-0.279508497,0.19,0.079854034,-0.980723686,-0.19983144,1.133785732,0.55638972,1.406409713,1.066185789,0.891113116,-0.668475706,1.294300458,1.111747483,0.157471861,-0.03,0.05,0.1,0.06,,-0.06,0,0.05,-0.08,0.14,-0.03,0.04,0.1,0.02,0.18
2023-12-01,0.03,0.072318739,-0.420174826,0.736809466,0.01,0.060138729,-1.224902631,0.33296789,0.01,0.073598007,-0.694951385,0.371264584,0.956404474,0.336866865,4.882327541,0.927535112,0.900870476,-1.997668304,1.026231962,0.792283445,2.074151055,0.1,0.08,0.08,0.11,,0.06,0.04,0.06,-5.55E-17,0.13,0.09,0.08,0.06,0.08,0.13
2024-01-01,-0.02,0.075806772,-0.441212095,0.919109376,-0.08,0.068313005,-1.228457143,0.587974732,-0.06,0.077459667,-0.7224,0.707106781,0.96857851,-0.458319437,5.574341897,0.96056255,1.040974245,1.051645456,1.007702296,0.104520078,4.072294871,0.01,0.09,0.02,0.04,,0.04,0.05,-0.04,-0.1,0.03,0.02,0.08,-0.02,-1.04E-17,0.08
2024-02-01,0.05,0.070545494,-0.397415221,0.706067178,-0.03,0.062849025,-1.089786893,0.47656126,0.05,0.06705719,-0.633969319,0.556158081,0.991189256,-0.949018696,1.639178598,1.03384037,2.302895948,0.376639559,0.932253086,-0.129340211,1.34706476,-0.02,-0.03,0.02,0.02,,-0.05,-0.06,-0.06,-0.1,-0.07,-0.03,-0.02,0.02,0.01,0.05
