Date,SA_NB_Level,SA_NB_Slope,SA_NB_Curvature,SA_NB_Level_QS,SA_NB_Slope_QS,SA_NB_Curvature_QS,SA_NB_Level_TS,SA_NB_Slope_TS,US_NB_Level,US_NB_Slope,US_NB_Curvature,US_NB_Level_QS,US_NB_Slope_QS,US_NB_Curvature_QS,US_NB_Level_TS,US_NB_Slope_TS,USDZARV1W.Curncy_QS,USDZARV2W.Curncy_QS,USDZARV3W.Curncy_QS,USDZARV1M.Curncy_QS,USDZARV2M.Curncy_QS,USDZARV3M.Curncy_QS,USDZARV6M.Curncy_QS,USDZARV9M.Curncy_QS,USDZARV1Y.Curncy_QS,USDZARV18M.Curncy_QS,USDZAR_Vol_Level.1
2004-02-01,NA,NA,NA,NA,NA,NA,NA,NA,5.101201716,-3.460284905,-7.738035139,0.213,0.238,0.345,-11.50422505,-17.33136899,NA,NA,NA,NA,NA,NA,NA,NA,NA,NA,NA
2004-03-01,NA,NA,NA,NA,NA,NA,NA,NA,4.956406247,-3.128409891,-8.250724059,0.116,0.325,0.257,-15.52269037,-15.68192569,NA,NA,NA,NA,NA,NA,NA,NA,NA,NA,NA
2004-04-01,NA,NA,NA,NA,NA,NA,NA,NA,4.825120977,-2.936677289,-8.347253945,0.095,0.367,0.25,-21.71436454,20.67548175,NA,NA,NA,NA,NA,NA,NA,NA,NA,NA,NA
2004-05-01,NA,NA,NA,NA,NA,NA,NA,NA,5.424778411,-4.013025206,-6.569956147,0.473,0.074,0.475,-11.27589428,-9.77352885,NA,NA,NA,NA,NA,NA,NA,NA,NA,NA,NA
2004-06-01,NA,NA,NA,NA,NA,NA,NA,NA,5.471694291,-4.076416919,-5.67679114,0.515,0.07,0.537,17.09591079,-17.92701588,NA,NA,NA,NA,NA,NA,NA,NA,NA,NA,NA
2004-07-01,NA,NA,NA,NA,NA,NA,NA,NA,5.387193464,-3.714835789,-5.270494232,0.447,0.198,0.576,13.87307485,-12.03279235,NA,NA,NA,NA,NA,NA,NA,NA,NA,NA,NA
2004-08-01,NA,NA,NA,NA,NA,NA,NA,NA,5.265044756,-3.413387471,-5.314238023,0.37,0.328,0.582,-10.19145337,16.3909605,NA,NA,NA,NA,NA,NA,NA,NA,NA,NA,NA
2004-09-01,NA,NA,NA,NA,NA,NA,NA,NA,4.921651563,-2.717074747,-5.988033143,0.121,0.564,0.515,-27.92630526,43.61710754,NA,NA,NA,NA,NA,NA,NA,NA,NA,NA,NA
2004-10-01,NA,NA,NA,NA,NA,NA,NA,NA,4.850683352,-2.620333701,-5.117314717,0.107,0.608,0.645,-40.46502766,64.4209175,NA,NA,NA,NA,NA,NA,NA,NA,NA,NA,NA
2004-11-01,NA,NA,NA,NA,NA,NA,NA,NA,4.746590254,-2.20830693,-5.397160839,0.081,0.738,0.61,-43.83383537,63.75516901,NA,NA,NA,NA,NA,NA,NA,NA,NA,NA,NA
2004-12-01,NA,NA,NA,NA,NA,NA,NA,NA,4.996726291,-2.334672759,-4.522469916,0.22,0.721,0.783,-32.840978,59.45515357,NA,NA,NA,NA,NA,NA,NA,NA,NA,NA,NA
2005-01-01,NA,NA,NA,NA,NA,NA,NA,NA,4.768658237,-2.156571614,-3.684162706,0.099,0.776,0.921,-29.65123337,52.12865512,NA,NA,NA,NA,NA,NA,NA,NA,NA,NA,NA
2005-02-01,7.748418199,-0.446874469,-1.004418086,NA,NA,NA,NA,NA,4.559952149,-1.834796921,-2.575240636,0.031,0.888,0.998,-32.60904944,49.73439737,NA,NA,NA,NA,NA,NA,NA,NA,NA,NA,NA
2005-03-01,7.429918314,-0.097189777,-1.095733419,NA,NA,NA,NA,NA,4.718582319,-1.875394102,-2.000711092,0.093,0.884,0.996,-36.86342181,52.97375692,NA,NA,NA,NA,NA,NA,NA,NA,NA,NA,NA
2005-04-01,8.515146974,-1.285314497,-1.71247597,NA,NA,NA,NA,NA,4.798306892,-2.052734023,-1.295291872,0.167,0.834,0.997,-27.58091676,44.04025985,NA,NA,NA,NA,NA,NA,NA,NA,NA,NA,NA
2005-05-01,8.457636212,-1.556308289,-3.257481112,NA,NA,NA,NA,NA,4.498775365,-1.533923748,-1.434229851,0.038,0.992,0.99,-27.8303727,44.01097238,NA,NA,NA,NA,NA,NA,NA,NA,NA,NA,NA
2005-06-01,8.649803134,-1.775573993,-3.11890354,NA,NA,NA,NA,NA,4.287916788,-1.229650746,-1.289412618,0.007,1,0.989,-27.35202261,42.78765173,NA,NA,NA,NA,NA,NA,NA,NA,NA,NA,NA
2005-07-01,8.089614134,-1.220085466,-2.274190301,NA,NA,NA,NA,NA,4.139110908,-0.958600559,-0.823052471,0.001,0.999,0.999,-28.61311538,46.34155405,NA,NA,NA,NA,NA,NA,NA,NA,NA,NA,NA
2005-08-01,8.047586554,-1.204845478,-2.382830967,NA,NA,NA,NA,NA,4.429873279,-1.041548615,-0.34717835,0.081,0.99,1,-25.72017924,51.32447375,NA,NA,NA,NA,NA,NA,NA,NA,NA,NA,NA
2005-09-01,8.186042096,-1.407137696,-2.106186981,NA,NA,NA,NA,NA,4.17121998,-0.540578472,-0.652080991,0.007,1,0.97,-21.80977271,54.34952434,NA,NA,NA,NA,NA,NA,NA,NA,NA,NA,NA
2005-10-01,8.278297965,-1.497054198,-1.68827849,NA,NA,NA,NA,NA,4.466400612,-0.928427562,-0.035738326,0.123,0.967,1,-20.56098703,53.76170989,NA,NA,NA,NA,NA,NA,NA,NA,NA,NA,NA
2005-11-01,8.10470479,-1.386795171,-0.302769751,NA,NA,NA,NA,NA,4.699203241,-0.671644016,-0.316135967,0.22,0.993,0.979,-13.73336772,53.4896377,NA,NA,NA,NA,NA,NA,NA,NA,NA,NA,NA
2005-12-01,7.706037074,-0.871780263,-0.56578844,NA,NA,NA,NA,NA,4.622034113,-0.642682121,0.012405107,0.186,0.985,0.997,15.33743435,53.91277622,NA,NA,NA,NA,NA,NA,NA,NA,NA,NA,NA
2006-01-01,7.39899248,-0.639728448,-0.421591136,NA,NA,NA,NA,NA,4.461009523,-0.360114181,0.215089779,0.12,1,0.996,14.45042201,51.30715331,NA,NA,NA,NA,NA,NA,NA,NA,NA,NA,NA
2006-02-01,7.365673341,-0.630958359,-0.687414176,NA,NA,NA,-32.00692625,26.79577631,4.619808073,-0.035281268,-0.326532039,0.215,0.99,0.931,12.70382682,50.5306886,NA,NA,NA,NA,NA,NA,NA,NA,NA,NA,NA
2006-03-01,7.353671591,-0.676086469,-0.834191374,NA,NA,NA,-36.11108981,28.22710906,4.548281616,0.048112398,0.496254468,0.177,0.996,0.995,13.63752196,54.89564927,NA,NA,NA,NA,NA,NA,NA,NA,NA,NA,NA
2006-04-01,7.589451079,-0.920571528,-1.069874639,NA,NA,NA,-28.07957157,19.69253219,4.921231648,-0.257073707,-0.019999065,0.497,0.94,0.947,18.34713673,51.15454324,NA,NA,NA,NA,NA,NA,NA,NA,NA,NA,NA
2006-05-01,7.380494566,-0.595112158,-0.735324887,NA,NA,NA,-27.22505652,20.42330623,5.175297771,-0.236888253,-0.819507476,0.727,0.933,0.806,23.6321133,41.18921143,NA,NA,NA,NA,NA,NA,NA,NA,NA,NA,NA
2006-06-01,7.737816688,-0.970007202,-0.26195794,NA,NA,NA,-20.54995593,16.4984453,5.197758032,-0.23679915,-0.253873396,0.75,0.921,0.901,32.71275465,31.46723395,NA,NA,NA,NA,NA,NA,NA,NA,NA,NA,NA
2006-07-01,8.59274367,-1.672527572,1.235788704,NA,NA,NA,15.34622846,-11.65712734,5.173464673,-0.096547882,0.112913762,0.744,0.953,0.95,28.88626962,25.63678105,NA,NA,NA,NA,NA,NA,NA,NA,NA,NA,NA
2006-08-01,8.482157372,-1.204888565,1.572139582,NA,NA,NA,23.31705057,-16.20561519,5.040476359,0.255211677,-0.543165188,0.615,1,0.783,29.09201183,24.45014676,NA,NA,NA,NA,NA,NA,NA,NA,NA,NA,NA
2006-09-01,8.654914713,-1.179898167,1.597170554,NA,NA,NA,28.46380968,-12.41440342,4.809247781,0.50405116,-0.656984081,0.421,1,0.744,22.97628179,24.89786459,NA,NA,NA,NA,NA,NA,NA,NA,NA,NA,NA
2006-10-01,8.321500491,-0.695391848,2.553743322,NA,NA,NA,28.07656205,-10.69029417,4.692760113,0.439897115,-0.452693988,0.292,0.983,0.795,-32.72566297,27.4274063,NA,NA,NA,NA,NA,NA,NA,NA,NA,NA,NA
2006-11-01,7.640851334,0.452868001,2.597510502,NA,NA,NA,20.47271248,17.35909906,4.651424587,0.726805844,-0.616317639,0.265,1,0.723,-22.26811821,33.52453411,NA,NA,NA,NA,NA,NA,NA,NA,NA,NA,NA
2006-12-01,7.550814318,0.417686931,3.202955665,NA,NA,NA,-29.43458024,29.28271432,4.488963148,0.844214914,-0.457425683,0.152,1,0.776,-30.53250698,43.32380558,NA,NA,NA,NA,NA,NA,NA,NA,NA,NA,NA
2007-01-01,7.365128816,1.104159868,2.484761655,NA,NA,NA,-31.44649027,37.78385753,4.7605098,0.456249967,-0.333607297,0.41,0.936,0.822,-33.06561204,38.49515321,NA,NA,NA,NA,NA,NA,NA,NA,NA,NA,NA
2007-02-01,7.436251431,1.387557509,1.704176804,NA,NA,NA,-28.22522077,49.96681647,4.882266586,0.412710284,-0.335879681,0.55,0.906,0.807,-22.01132763,29.48631275,NA,NA,NA,NA,NA,NA,NA,NA,NA,NA,NA
2007-03-01,7.399222598,1.175156224,0.836959223,NA,NA,NA,-31.90815282,54.52835544,4.622353794,0.892228841,-0.95549109,0.258,0.997,0.584,-20.00726869,29.21190559,NA,NA,NA,NA,NA,NA,NA,NA,NA,NA,NA
2007-04-01,7.665794612,0.720371355,0.846839424,NA,NA,NA,-27.74705852,37.28591906,4.76529249,0.697528859,-1.406466469,0.44,0.952,0.521,-22.00465221,33.61661399,NA,NA,NA,NA,NA,NA,NA,NA,NA,NA,NA
2007-05-01,7.403547626,1.074453804,1.071582619,NA,NA,NA,-25.90252458,32.44168203,4.715665615,0.561483716,-1.004199725,0.377,0.908,0.567,-17.96607353,24.07523241,NA,NA,NA,NA,NA,NA,NA,NA,NA,NA,NA
2007-06-01,7.693862092,0.968319461,1.510541851,NA,NA,NA,-25.95225492,32.7762263,4.962037604,-0.164815009,0.04394752,0.644,0.706,0.932,11.51293551,-25.07712472,NA,NA,NA,NA,NA,NA,NA,NA,NA,NA,NA
2007-07-01,8.13405377,0.935249799,2.440442758,NA,NA,NA,-17.12303424,28.26667027,5.114348291,-0.152494102,-0.662865417,0.735,0.71,0.595,18.49351741,-25.54411965,NA,NA,NA,NA,NA,NA,NA,NA,NA,NA,NA
2007-08-01,8.186893341,0.641346343,2.890622655,NA,NA,NA,22.71661187,20.27303214,4.881301717,0.502790847,-1.622451472,0.561,0.884,0.42,16.3769691,-13.10497915,NA,NA,NA,NA,NA,NA,NA,NA,NA,NA,NA
2007-09-01,8.151222256,1.234087457,2.589546721,NA,NA,NA,21.06257476,14.73260194,4.741767947,-0.409649544,-1.69081082,0.382,0.595,0.396,-13.03049051,-13.90991481,NA,NA,NA,NA,NA,NA,NA,NA,NA,NA,NA
2007-10-01,7.801418587,1.811076535,2.135622302,NA,NA,NA,23.8145776,11.84546062,4.793971678,-0.573690049,-2.152949871,0.474,0.563,0.349,-18.63988016,-16.51815784,NA,NA,NA,NA,NA,NA,NA,NA,NA,NA,NA
2007-11-01,7.467938873,2.765520789,2.269841127,NA,NA,NA,16.50321578,20.89615515,4.695165997,-0.324348966,-2.316311119,0.329,0.583,0.327,-18.25196979,-19.0017771,NA,NA,NA,NA,NA,NA,NA,NA,NA,NA,NA
2007-12-01,7.87714843,2.448806874,3.105806702,NA,NA,NA,14.57428564,25.94900835,4.311788815,-0.408912552,-3.980798756,0.034,0.559,0.263,-25.7891106,-20.40700294,NA,NA,NA,NA,NA,NA,NA,NA,NA,NA,NA
2008-01-01,7.80037346,2.946502518,2.736185317,NA,NA,NA,13.96621984,29.01932806,4.384406842,-0.164799059,-4.502542734,0.08,0.658,0.227,-28.01319,-21.59043314,NA,NA,NA,NA,NA,NA,NA,NA,NA,NA,NA
2008-02-01,8.194372027,2.520106182,1.636917981,NA,NA,NA,11.22588084,30.62467296,4.261299723,-1.435982244,-6.035078367,0.035,0.326,0.079,-36.36882179,-19.37149569,NA,NA,NA,NA,NA,NA,NA,NA,NA,NA,NA
2008-03-01,8.631127957,2.021928668,0.861396426,NA,NA,NA,14.60748793,26.18010162,4.287112345,-1.194346359,-8.141886548,0.05,0.33,0.022,-27.99755843,-21.49050892,NA,NA,NA,NA,NA,NA,NA,NA,NA,NA,NA
2008-04-01,8.95964572,1.561864352,0.605936143,NA,NA,NA,23.41527075,-22.96794863,4.193471225,-1.766306744,-7.358664138,0.022,0.27,0.037,-30.58962051,-21.00562931,NA,NA,NA,NA,NA,NA,NA,NA,NA,NA,NA
2008-05-01,9.068713386,1.862005999,1.827259492,NA,NA,NA,27.73175613,-16.75843996,4.423971052,-2.492910891,-5.061942894,0.164,0.118,0.187,-28.03963751,-29.20679348,NA,NA,NA,NA,NA,NA,NA,NA,NA,NA,NA
2008-06-01,9.507153414,1.915138313,3.949442837,NA,NA,NA,34.59690244,-17.7894591,4.690421165,-2.377728678,-4.747610185,0.462,0.115,0.208,-21.50242488,-26.94616843,NA,NA,NA,NA,NA,NA,NA,NA,NA,NA,NA
2008-07-01,10.20627617,1.300544153,3.200130394,NA,NA,NA,37.29462438,-21.02828399,4.514339656,-2.181051274,-4.181995365,0.248,0.151,0.225,17.25502097,-32.11381717,NA,NA,NA,NA,NA,NA,NA,NA,NA,NA,NA
2008-08-01,8.473415722,3.368971073,2.297363248,NA,NA,NA,31.40806857,-11.41417492,4.545641252,-2.467508963,-4.359044116,0.287,0.082,0.199,11.388169,-34.25334665,NA,NA,NA,NA,NA,NA,NA,NA,NA,NA,NA
2008-09-01,8.675056391,3.191173863,0.130746155,NA,NA,NA,20.55231943,13.48150483,4.397468644,-2.118489957,-4.805715729,0.155,0.171,0.16,9.021118583,-31.27576335,NA,NA,NA,NA,NA,NA,NA,NA,NA,NA,NA
2008-10-01,8.383848497,3.560023849,-0.555365342,NA,NA,NA,-16.9033754,16.59611604,4.366897356,-2.860657568,-4.791710954,0.143,0.012,0.15,-12.57168948,-28.47680451,NA,NA,NA,NA,NA,NA,NA,NA,NA,NA,NA
2008-11-01,8.881294195,2.707501575,-1.565595848,NA,NA,NA,12.08208477,12.95507971,4.590806172,-3.372953602,-6.688658509,0.412,0.008,0.04,-9.787244929,-26.23999459,NA,NA,NA,NA,NA,NA,NA,NA,NA,NA,NA
2008-12-01,8.34609443,3.883269586,-5.176244641,NA,NA,NA,-12.34801798,16.61248534,3.509070915,-2.89167883,-5.358047369,0.001,0.037,0.119,-11.16192356,-25.07067386,NA,NA,NA,NA,NA,NA,NA,NA,NA,NA,NA
2009-01-01,7.234024191,4.949544144,-6.015499115,NA,NA,NA,-17.30197312,21.83401879,2.856214907,-2.209150584,-5.124942053,0.01,0.138,0.143,-15.25348722,-17.41243886,NA,NA,NA,NA,NA,NA,NA,NA,NA,NA,NA
2009-02-01,8.093367522,3.774502928,-8.405889181,0.54,0.954,0.004,-19.17362585,25.66802115,3.651439035,-2.660570268,-6.87846676,0.044,0.054,0.043,-19.51325839,-11.96154625,NA,NA,NA,NA,NA,NA,NA,NA,NA,NA,NA
2009-03-01,9.118373781,1.297278841,-9.207328453,0.948,0.597,0.012,-13.03156564,12.98830941,3.829738254,-2.826282519,-6.782117491,0.066,0.047,0.056,-18.7750308,-7.946738717,NA,NA,NA,NA,NA,NA,NA,NA,NA,NA,NA
2009-04-01,9.502101035,-0.150745942,-9.240723638,0.968,0.387,0.025,22.02807319,-25.54587263,3.507242658,-2.44108141,-6.900704388,0.047,0.148,0.047,-18.84431049,-7.970194962,NA,NA,NA,NA,NA,NA,NA,NA,NA,NA,NA
2009-05-01,9.309163584,0.143432266,-9.243160002,0.946,0.387,0.032,20.05754777,-27.5987506,4.066373521,-3.079962493,-7.805394469,0.116,0.026,0.014,-17.44882395,-12.17508376,NA,NA,NA,NA,NA,NA,NA,NA,NA,NA,NA
2009-06-01,9.32746225,-1.888968124,-5.019344885,0.946,0.002,0.118,19.29865603,-35.86984703,4.431700544,-3.367667516,-8.59468794,0.34,0.011,0.006,20.60817447,-18.69401628,NA,NA,NA,NA,NA,NA,NA,NA,NA,NA,NA
2009-07-01,9.314258981,-1.752450233,-3.57005712,0.929,0.021,0.144,19.56239401,-46.28775494,4.440575581,-3.523448676,-7.730979536,0.327,0.025,0.056,28.26880735,-22.81612785,NA,NA,NA,NA,NA,NA,NA,NA,NA,NA,NA
2009-08-01,9.025892511,-1.950049253,-0.173065719,0.851,0.023,0.426,20.54101642,-49.0871959,4.433398525,-3.564626749,-7.777669008,0.309,0.031,0.074,30.8033402,-25.38379334,NA,NA,NA,NA,NA,NA,NA,NA,NA,NA,NA
2009-09-01,9.065782131,-2.016694422,-3.104475779,0.854,0.025,0.169,16.50979577,-44.23420867,4.298463637,-3.38929245,-7.928466405,0.206,0.067,0.069,29.75423498,-26.98563403,NA,NA,NA,NA,NA,NA,NA,NA,NA,NA,NA
2009-10-01,9.210653316,-2.23992055,-3.097304029,0.878,0.003,0.174,14.02869162,-40.07542116,4.165827245,-3.323153739,-7.652115453,0.141,0.09,0.121,24.66508461,-23.86536347,NA,NA,NA,NA,NA,NA,NA,NA,NA,NA,NA
2009-11-01,9.352933456,-2.264469423,-3.082308575,0.904,0.021,0.19,15.89010925,-40.94913226,4.326439036,-3.471423243,-8.200984732,0.243,0.075,0.042,21.98869477,-23.15937298,NA,NA,NA,NA,NA,NA,NA,NA,NA,NA,NA
2009-12-01,9.502662054,-2.344110865,-3.519537032,0.942,0.024,0.159,15.93283146,-36.33101124,4.181926773,-3.072791319,-9.091861113,0.153,0.163,0.002,21.22222205,-21.09515262,NA,NA,NA,NA,NA,NA,NA,NA,NA,NA,NA
2010-01-01,9.275687296,-2.21772068,-1.976140986,0.84,0.057,0.283,12.55615355,-28.20302087,4.777678074,-3.977586346,-8.379819604,0.728,0.006,0.067,18.70541609,-18.62931249,NA,NA,NA,NA,NA,NA,NA,NA,NA,NA,NA
2010-02-01,9.661445481,-2.414174827,-4.452652653,0.96,0.032,0.139,12.27586037,-25.46760984,4.585837167,-3.513805695,-9.393193471,0.487,0.093,0.003,16.79117955,-16.30919902,NA,NA,NA,NA,NA,NA,NA,NA,NA,NA,NA
2010-03-01,9.313469583,-2.148481657,-3.450696636,0.823,0.112,0.189,13.66423392,-21.84967187,4.591454961,-3.413277512,-9.599657717,0.487,0.147,0.009,14.79477502,-12.55137679,NA,NA,NA,NA,NA,NA,NA,NA,NA,NA,NA
2010-04-01,9.195050789,-2.471254147,-4.150544072,0.755,0.032,0.155,8.381894358,-16.98319779,4.790040093,-3.709789327,-9.22218334,0.736,0.048,0.045,16.42116206,-8.572753959,0.002,0.002,0.002,0.002,0.002,0.002,0.002,0.002,0.002,0.002,NA
2010-05-01,9.180810654,-2.39671284,-5.070576237,0.743,0.048,0.123,-22.68542208,-13.90466791,4.587290317,-3.51967072,-8.893981893,0.484,0.137,0.106,18.77736021,-8.059349433,0.084,0.066,0.062,0.062,0.048,0.046,0.03,0.028,0.028,0.014,NA
2010-06-01,9.318298321,-2.855346254,-3.328458297,0.806,0.011,0.26,-8.694233886,-15.85186829,4.213594808,-3.066666095,-8.840496788,0.173,0.285,0.122,-7.387577933,7.037779502,0.502,0.484,0.356,0.338,0.366,0.356,0.338,0.296,0.27,0.266,NA
2010-07-01,9.403073496,-2.953228075,-3.492543667,0.859,0.011,0.239,-7.201317193,-17.26721234,3.846533587,-2.615496338,-8.663238405,0.105,0.392,0.165,-24.70685795,21.88428547,0.232,0.224,0.264,0.252,0.234,0.224,0.162,0.142,0.114,0.108,NA
2010-08-01,8.713865305,-2.2628444,-3.081630745,0.506,0.16,0.34,-11.39799411,-15.34382796,3.82793442,-2.501403235,-9.144049964,0.107,0.456,0.065,-28.45750385,31.4075573,0.05,0.082,0.074,0.066,0.068,0.058,0.056,0.042,0.032,0.014,NA
2010-09-01,8.449690336,-1.835519191,-4.86247812,0.443,0.283,0.145,-18.11807612,17.60360858,3.298149586,-2.103409383,-8.018096013,0.035,0.582,0.284,-38.96293825,47.15057727,0.078,0.09,0.108,0.112,0.114,0.106,0.072,0.044,0.024,0.014,NA
2010-10-01,8.356164775,-2.19645541,-3.765609958,0.422,0.201,0.238,-27.16138631,16.61578264,3.415784122,-2.061056867,-8.728654685,0.046,0.608,0.184,-39.07382173,46.67483723,0.05,0.052,0.056,0.054,0.034,0.016,0.004,0.004,0.004,0.002,NA
2010-11-01,8.520264697,-2.349338651,-5.871027711,0.461,0.133,0.11,-26.45328095,12.05150784,3.626213836,-2.082318981,-9.917830785,0.111,0.608,0.002,-37.75797607,47.88064595,0.288,0.276,0.252,0.222,0.194,0.174,0.134,0.09,0.076,0.078,NA
2010-12-01,9.154689982,-3.378464433,-6.57710345,0.682,0.002,0.1,-23.51534303,-15.94289769,3.836477745,-2.327038453,-9.819077198,0.177,0.533,0.02,-30.47480187,39.0962448,0.262,0.264,0.246,0.244,0.22,0.184,0.136,0.106,0.112,0.088,NA
2011-01-01,8.84059487,-3.067250626,-5.589758619,0.523,0.028,0.154,-18.01403573,-25.79957945,4.285259265,-2.969749025,-9.798425107,0.357,0.33,0.042,27.3412563,22.00293416,0.012,0.01,0.03,0.036,0.036,0.054,0.048,0.048,0.05,0.072,NA
2011-02-01,9.450056996,-3.874899719,-5.471059905,0.88,0.002,0.171,20.45423041,-32.41205812,4.466262085,-2.973518245,-10.70620078,0.547,0.337,0.001,29.92723917,-21.969983,0.218,0.166,0.184,0.19,0.172,0.16,0.114,0.08,0.058,0.042,NA
2011-03-01,9.571277217,-3.90905245,-5.962664492,0.922,0.002,0.135,28.03789825,-41.67452156,4.438852447,-3.135326924,-9.920028712,0.52,0.294,0.057,32.23992963,-28.72072747,0.162,0.162,0.16,0.176,0.142,0.124,0.11,0.04,0.02,0.026,NA
2011-04-01,9.641062973,-4.022257186,-5.956222379,0.943,0.01,0.153,37.80700922,-50.3852704,4.472747282,-3.347760043,-9.386971662,0.572,0.232,0.147,26.75006648,-24.04841264,0.078,0.072,0.078,0.058,0.04,0.024,0.116,0.136,0.116,0.188,NA
2011-05-01,9.317010844,-3.749691166,-5.395917653,0.74,0.049,0.22,31.38279971,-40.61100969,4.308933498,-3.083745239,-9.874045827,0.38,0.346,0.08,24.61513464,-25.37458465,0.076,0.068,0.076,0.044,0.07,0.082,0.176,0.222,0.26,0.304,NA
2011-06-01,9.16428278,-3.62005752,-5.015996499,0.6,0.083,0.271,23.72297666,-32.50000015,4.039714357,-2.684600071,-10.00290361,0.226,0.505,0.058,17.08415926,-18.77449065,0.468,0.458,0.43,0.458,0.432,0.43,0.376,0.36,0.36,0.364,NA
2011-07-01,9.280662694,-3.716507139,-5.153859271,0.683,0.068,0.26,19.07661608,-27.51222427,4.216213918,-2.844036053,-10.40432847,0.339,0.461,0.012,-21.60801185,22.42487052,0.376,0.376,0.428,0.444,0.464,0.478,0.47,0.44,0.424,0.404,NA
2011-08-01,9.125994594,-3.501724648,-5.135444339,0.552,0.125,0.269,17.62943625,-25.07708611,3.820389061,-2.283699165,-10.23267562,0.172,0.71,0.049,-23.22547501,20.43185064,0.6,0.546,0.558,0.548,0.548,0.548,0.532,0.502,0.474,0.478,NA
2011-09-01,8.428691889,-2.688816166,-4.851663461,0.236,0.233,0.333,-18.04843424,16.51834155,3.190784734,-1.849291609,-9.135457667,0.038,0.859,0.285,-24.06495642,29.53958192,0.666,0.672,0.664,0.688,0.694,0.696,0.692,0.674,0.67,0.68,NA
2011-10-01,9.093085821,-3.3831667,-5.559909445,0.528,0.138,0.196,-17.35952901,17.15374191,2.666664412,-1.684175662,-7.015328515,0.005,0.889,0.65,-30.25160999,40.67620899,0.992,0.992,0.992,0.992,0.992,0.992,0.998,0.998,0.998,0.996,NA
2011-11-01,8.654195035,-2.886955691,-5.294217522,0.28,0.229,0.26,-16.36214703,18.10243671,2.925968189,-1.826460777,-7.842300101,0.035,0.88,0.589,-35.45179864,37.56596946,0.946,0.944,0.944,0.944,0.948,0.95,0.954,0.952,0.952,0.946,NA
2011-12-01,8.80811532,-3.065124489,-5.351523833,0.342,0.205,0.261,-15.90202866,17.94286025,2.817251729,-1.768316209,-7.503561177,0.036,0.893,0.648,-42.48740746,41.49451096,0.904,0.91,0.908,0.91,0.918,0.926,0.95,0.956,0.962,0.962,NA
2012-01-01,8.856657678,-3.095724425,-5.7954104,0.353,0.212,0.19,-14.35684099,16.75296592,2.597626762,-1.592304676,-7.01700569,0.007,0.956,0.7,-47.36556434,42.75458219,0.792,0.822,0.854,0.854,0.868,0.868,0.866,0.872,0.872,0.874,NA
2012-02-01,8.404434193,-2.633446139,-4.417487777,0.129,0.332,0.486,-15.15192171,18.27694716,2.57527402,-1.446280148,-7.32181287,0.007,0.981,0.686,-48.02802637,43.63686692,0.604,0.628,0.652,0.652,0.652,0.646,0.664,0.68,0.706,0.73,NA
2012-03-01,8.604008788,-2.76443883,-4.807165577,0.207,0.324,0.427,-15.77551882,19.5611258,2.73557087,-1.606374521,-7.347909623,0.054,0.971,0.685,-40.38098792,39.08059692,0.51,0.55,0.594,0.602,0.602,0.602,0.606,0.618,0.636,0.642,-50.60019577
2012-04-01,8.742255978,-2.830947424,-5.203219988,0.281,0.31,0.321,-11.43969986,15.98197664,3.033237142,-1.840941544,-7.965278321,0.149,0.871,0.552,-27.28306751,27.11741761,0.362,0.348,0.482,0.438,0.51,0.552,0.564,0.58,0.608,0.628,-46.2164976
2012-05-01,8.503009231,-2.550410614,-5.115692569,0.159,0.415,0.358,-8.989557039,14.34555492,2.725964728,-1.517494176,-7.542531864,0.053,0.992,0.675,-20.90358628,21.98508012,0.096,0.104,0.082,0.1,0.114,0.192,0.502,0.534,0.538,0.538,-43.80832939
2012-06-01,8.74323408,-2.688805186,-6.140288785,0.306,0.379,0.13,-6.845638805,13.2137434,2.258144389,-1.278456389,-6.148575104,0.001,1,0.868,-18.13663152,19.54260767,0.808,0.838,0.844,0.85,0.842,0.84,0.84,0.836,0.836,0.838,-62.40056975
2012-07-01,8.223998021,-2.078161675,-6.297991305,0.065,0.674,0.14,-8.871775057,17.40932877,2.354529204,-1.356252328,-6.229815026,0.021,0.979,0.872,-29.07055946,22.92288242,0.516,0.648,0.672,0.68,0.7,0.712,0.716,0.71,0.682,0.672,-49.21483049
2012-08-01,7.579159888,-2.101046697,-5.253544939,0.02,0.666,0.368,-14.54875426,22.15922057,2.175152083,-1.141540026,-6.169332648,0.01,0.995,0.883,-32.271978,29.52914182,0.706,0.686,0.668,0.644,0.658,0.66,0.634,0.61,0.624,0.65,-52.10343512
2012-09-01,7.755470243,-2.313585085,-5.678246251,0.04,0.558,0.252,-19.6742664,22.49596223,2.260691259,-1.194223329,-6.459065597,0.025,0.985,0.863,-15.73889183,20.62963342,0.384,0.534,0.66,0.678,0.678,0.666,0.648,0.624,0.66,0.686,-48.53013759
2012-10-01,7.677630466,-2.279179323,-5.595190872,0.042,0.59,0.276,-23.32966664,23.23321442,2.377827209,-1.248142246,-6.822132442,0.061,0.975,0.806,-15.48596427,21.84607665,0.336,0.356,0.414,0.44,0.448,0.408,0.432,0.434,0.438,0.432,-45.74690971
2012-11-01,8.055924235,-2.59322393,-6.382759398,0.102,0.42,0.147,-22.85092547,17.37869144,2.439823297,-1.345854428,-6.690734135,0.083,0.921,0.855,-13.05057842,18.44389315,0.152,0.242,0.24,0.252,0.252,0.264,0.38,0.4,0.416,0.44,-46.79577978
2012-12-01,7.878855913,-2.511360217,-5.495499979,0.078,0.48,0.356,-22.65403956,13.76519778,2.343751023,-1.27855884,-6.583855827,0.056,0.953,0.872,-13.14722153,17.18596751,0.012,0.02,0.002,0.002,0.002,0.002,0.002,0.174,0.242,0.28,-40.07031053
2013-01-01,7.475066803,-2.030760217,-4.754956597,0.016,0.789,0.62,-23.1139207,12.18336424,2.528132621,-1.449845984,-7.006413095,0.141,0.853,0.776,-11.82789374,13.28477701,0.016,0.02,0.03,0.038,0.042,0.042,0.072,0.194,0.29,0.312,-39.14668709
2013-02-01,7.594505604,-2.166020479,-4.945537647,0.049,0.73,0.533,-24.28365276,13.26396384,2.802522692,-1.630773997,-7.671140481,0.278,0.762,0.643,12.9044658,-11.48118113,0.162,0.164,0.148,0.13,0.092,0.066,0.02,0.034,0.096,0.168,-44.08549356
2013-03-01,7.574131103,-2.163542499,-4.827199792,0.058,0.736,0.562,-24.7199,13.21015081,2.686643375,-1.459406727,-7.598552778,0.206,0.846,0.679,19.91830789,-14.97968427,0.052,0.056,0.046,0.034,0.012,0.002,0.002,0.012,0.004,0.004,-39.67988507
2013-04-01,7.596205339,-2.192009737,-4.343863563,0.072,0.731,0.704,-20.33742679,-9.650448061,2.679252979,-1.504667585,-7.544091542,0.209,0.817,0.717,21.44497777,-17.70422085,0.03,0.078,0.07,0.068,0.046,0.038,0.052,0.06,0.032,0.02,-37.23754573
2013-05-01,6.948513339,-1.557337681,-3.652443049,0.002,0.978,0.786,-19.84823722,13.95381386,2.462011864,-1.382144626,-7.004645933,0.117,0.879,0.842,16.51959937,-14.21101359,0.204,0.162,0.136,0.134,0.104,0.078,0.06,0.09,0.048,0.064,-41.9650788
2013-06-01,8.025461909,-2.715976291,-4.408789903,0.21,0.375,0.662,-16.84585561,13.05225171,2.983415906,-1.876237293,-7.829993158,0.412,0.573,0.59,18.3352406,-16.75100825,0.712,0.728,0.72,0.72,0.704,0.668,0.528,0.372,0.338,0.328,-53.28241479
2013-07-01,8.498055288,-3.200858179,-4.424258014,0.332,0.189,0.65,8.641817042,-8.894033097,3.348914731,-2.234780553,-8.281623229,0.473,0.485,0.481,20.23706537,-18.9012582,0.684,0.696,0.7,0.72,0.704,0.7,0.69,0.666,0.612,0.638,-55.53144465
2013-08-01,8.758730671,-3.44185861,-5.035843502,0.481,0.148,0.422,16.31164936,-15.51995708,3.466184969,-2.248693346,-8.909194377,0.51,0.473,0.357,32.209514,-27.28916706,0.552,0.428,0.344,0.306,0.33,0.328,0.288,0.278,0.278,0.288,-48.23135231
2013-09-01,9.114299991,-4.01181215,-3.848565114,0.665,0.019,0.796,22.15371371,-21.9360324,3.632312902,-2.539242489,-8.704192088,0.56,0.391,0.435,37.72863918,-33.6327851,0.696,0.688,0.688,0.694,0.7,0.676,0.608,0.528,0.436,0.46,-51.58550027
2013-10-01,8.441877235,-3.331614819,-3.542997775,0.318,0.205,0.874,16.59759042,-18.09169545,3.519460427,-2.3332165,-8.982711475,0.533,0.434,0.349,31.62939829,-31.14542845,0.716,0.678,0.656,0.674,0.606,0.478,0.414,0.4,0.384,0.394,-51.62641263
2013-11-01,8.529992144,-3.297777382,-4.418637994,0.379,0.219,0.683,16.10845336,-17.74467572,3.43567188,-2.196464543,-8.95870283,0.51,0.482,0.37,31.21515587,-29.8110736,0.354,0.188,0.198,0.162,0.148,0.166,0.156,0.17,0.16,0.222,-41.85331948
2013-12-01,8.955862919,-3.742085955,-4.27974063,0.641,0.084,0.746,18.7018356,-20.45073739,3.649739176,-2.267588969,-9.672428912,0.607,0.435,0.188,30.92719675,-27.10401141,0.072,0.108,0.142,0.212,0.248,0.238,0.202,0.236,0.246,0.288,-39.49521979
2014-01-01,8.747230389,-3.453701254,-3.462323053,0.525,0.216,0.943,19.67658842,-21.27664034,3.930274985,-2.643134474,-9.665082303,0.704,0.277,0.199,30.71292788,-26.22113961,0.092,0.146,0.198,0.254,0.304,0.322,0.328,0.366,0.412,0.472,-41.96038567
2014-02-01,9.229268514,-3.92380017,-0.379099272,0.807,0.044,1,19.4749943,-20.55594737,3.511711803,-2.389444021,-8.694603275,0.544,0.375,0.485,28.36976467,-25.92988024,0.93,0.918,0.894,0.88,0.87,0.854,0.824,0.73,0.618,0.728,-55.20898231
2014-03-01,8.958525884,-3.426087019,-0.978700688,0.674,0.263,0.985,18.87946542,-18.51927123,3.492224492,-2.340546549,-8.659113932,0.535,0.393,0.493,23.90036467,-21.88524588,0.236,0.338,0.406,0.458,0.408,0.386,0.382,0.398,0.398,0.43,-43.26172195
2014-04-01,8.957255183,-3.389538198,-2.299107067,0.681,0.287,0.96,16.88486492,-14.17434437,3.542889361,-2.568613669,-8.040766934,0.576,0.268,0.561,18.3246378,-18.30365157,0.246,0.26,0.24,0.23,0.288,0.274,0.256,0.288,0.298,0.336,-41.91188042
2014-05-01,8.955702995,-3.286500531,-2.169934482,0.686,0.335,0.961,13.58842033,9.939565055,3.458360481,-2.53117205,-7.851174281,0.524,0.288,0.596,-14.01659194,-14.83834237,0.002,0.002,0.002,0.002,0.002,0.002,0.018,0.018,0.004,0.062,-35.67270603
2014-06-01,8.864196681,-3.225249816,-2.321173183,0.632,0.359,0.939,-10.08712999,15.79028528,3.26156969,-2.31942815,-7.618555214,0.467,0.398,0.672,-21.47302063,-9.377276672,0.228,0.128,0.066,0.046,0.04,0.032,0.028,0.024,0.024,0.014,-36.51017815
2014-07-01,8.821217339,-2.997526835,-2.386901048,0.608,0.501,0.921,-8.52543231,13.86773615,3.295699825,-2.432704087,-7.319391887,0.471,0.321,0.78,-22.89609762,-7.504780036,0.068,0.032,0.024,0.022,0.012,0.006,0.002,0.002,0.004,0.002,-33.98191957
2014-08-01,8.716100563,-2.726204249,-2.448778048,0.531,0.607,0.896,-11.86046761,20.30378641,3.326303208,-2.594945846,-6.8985717,0.494,0.183,0.855,-27.2235987,-8.803601884,0.116,0.084,0.058,0.03,0.022,0.016,0.012,0.012,0.01,0.012,-32.43102288
2014-09-01,8.262716798,-2.198664219,-2.264581914,0.261,0.842,0.933,-14.9506487,26.35824835,3.071399749,-2.38078411,-6.434709635,0.442,0.361,0.94,-34.79636826,-6.876491435,0.008,0.004,0.03,0.046,0.058,0.03,0.042,0.036,0.032,0.022,-31.32945962
2014-10-01,8.891821174,-3.177377006,-2.907463441,0.692,0.404,0.841,-15.98808084,23.15845969,3.235082051,-2.622644274,-6.364063706,0.492,0.173,0.952,-31.53933097,-9.313754089,0.29,0.244,0.192,0.208,0.188,0.188,0.172,0.156,0.156,0.142,-36.73869237
2014-11-01,8.38529581,-2.558814903,-3.079138324,0.278,0.718,0.811,-16.681112,23.05762009,3.049479345,-2.406191782,-6.253304941,0.453,0.366,0.961,-37.75415829,4.363232516,0.18,0.124,0.134,0.14,0.132,0.1,0.086,0.08,0.102,0.046,-33.99331683
2014-12-01,7.980877297,-2.105667092,-2.719090111,0.207,0.91,0.841,-20.9110672,25.71399968,2.838612095,-2.209506146,-5.846024187,0.375,0.508,0.998,-43.36296242,5.629248774,0.13,0.134,0.146,0.158,0.212,0.204,0.162,0.15,0.136,0.064,-34.57319425
2015-01-01,8.393991458,-2.686893517,-2.103562023,0.301,0.641,0.952,-22.95804707,23.54823705,2.730344359,-2.343080293,-4.509581438,0.28,0.42,0.996,-44.16649959,7.135571189,0.372,0.578,0.612,0.632,0.63,0.632,0.502,0.402,0.342,0.332,-42.08531836
2015-02-01,7.369355989,-1.594494164,-1.761551104,0.041,0.985,0.963,-24.54235355,25.0387208,2.185862177,-1.783063992,-4.064919419,0.014,0.603,0.996,-34.86038797,11.80889341,0.582,0.564,0.538,0.5,0.526,0.442,0.378,0.354,0.37,0.346,-41.05454957
2015-03-01,8.058159932,-2.316093734,-2.356210057,0.255,0.787,0.858,-24.70335433,23.53719211,2.570313394,-2.21635194,-4.333040286,0.204,0.476,0.976,-37.36419934,13.31138347,0.482,0.488,0.54,0.524,0.462,0.418,0.408,0.362,0.352,0.33,-40.43311021
2015-04-01,8.3450649,-2.637750151,-2.717158974,0.337,0.606,0.772,-18.80740699,15.88135417,2.476731748,-2.015180145,-4.453177494,0.153,0.52,0.948,-37.28393959,13.91170124,0.906,0.87,0.864,0.856,0.834,0.86,0.864,0.872,0.884,0.854,-51.94102004
2015-05-01,8.563062679,-2.800788351,-3.040001683,0.479,0.514,0.705,13.90280424,-12.95981705,2.658566944,-2.188766474,-4.926376343,0.292,0.463,0.907,-36.06113837,16.80626664,0.766,0.832,0.808,0.788,0.846,0.85,0.85,0.824,0.8,0.76,-47.90134077
2015-06-01,8.882286828,-3.149316788,-3.45611034,0.791,0.311,0.653,20.85715687,-19.33836884,2.779384106,-2.283374784,-5.166196987,0.414,0.388,0.895,-22.67753183,13.32151041,0.732,0.73,0.778,0.794,0.778,0.746,0.658,0.56,0.532,0.478,-46.23285038
2015-07-01,8.952423361,-3.291341222,-2.6652881,0.846,0.242,0.772,29.49459327,-28.2185981,3.028682469,-2.461378023,-5.666221121,0.583,0.191,0.865,20.82519178,-18.75815917,0.78,0.732,0.694,0.674,0.588,0.626,0.54,0.484,0.476,0.47,-46.28691652
2015-08-01,8.868175124,-3.090664998,-2.243201586,0.796,0.341,0.889,21.47398766,-23.03539444,2.811440874,-2.253473922,-5.069860326,0.447,0.413,0.895,17.79437902,-12.46548723,0.768,0.694,0.676,0.602,0.738,0.734,0.61,0.554,0.54,0.556,-43.74572172
2015-09-01,8.954828859,-3.136212645,-2.318451555,0.869,0.305,0.839,20.05877541,-18.36491288,2.811708042,-2.243400701,-4.823824798,0.468,0.434,0.89,12.48377537,13.13509246,0.976,0.964,0.984,0.988,0.994,0.996,1,1,1,1,-57.3510733
2015-10-01,8.936682468,-2.772168989,-2.052802384,0.842,0.542,0.92,21.5644827,-15.41191574,2.670261205,-2.20560095,-4.825097293,0.303,0.481,0.878,-12.51336742,10.74983385,0.958,0.96,0.968,0.978,0.978,0.98,0.98,0.98,0.978,0.978,-59.06996924
2015-11-01,8.798187659,-2.571037644,-2.31815383,0.707,0.648,0.812,17.90018911,14.04509634,2.76409513,-2.223643785,-4.761527381,0.422,0.473,0.892,-15.67037085,13.95994513,0.914,0.888,0.91,0.876,0.928,0.938,0.948,0.948,0.944,0.938,-52.35342018
2015-12-01,9.06938272,-2.595591282,-2.134284335,0.931,0.618,0.886,18.77032977,15.63078995,2.804559353,-2.189898926,-4.257150723,0.474,0.522,0.971,9.49166266,8.523002388,0.886,0.8,0.9,0.866,0.862,0.848,0.866,0.876,0.876,0.876,-52.1403281
2016-01-01,10.18109922,-3.725100501,-0.263517486,0.997,0.054,0.996,21.51974981,-8.838830653,2.830743481,-2.355878408,-3.649531829,0.5,0.323,0.996,9.111544871,9.722653823,0.854,0.936,0.948,0.954,0.948,0.96,0.966,0.968,0.966,0.968,-57.20480603
2016-02-01,9.671369253,-2.785815738,-1.505539446,0.968,0.5,0.939,22.95827417,-11.1776163,2.510882775,-1.646514732,-4.595001161,0.191,0.705,0.864,-11.4088696,13.4726265,0.946,0.94,0.936,0.908,0.916,0.92,0.94,0.922,0.918,0.926,-58.52907513
2016-03-01,9.984679641,-3.173160011,-1.642638569,0.981,0.293,0.933,21.78672539,-5.894521873,2.288317204,-1.471184642,-3.885163302,0.046,0.811,0.982,-20.19824569,18.8794419,0.986,0.972,0.976,0.974,0.978,0.976,0.98,0.982,0.986,0.986,-67.10064397
2016-04-01,9.578023759,-2.436821057,-1.721638076,0.928,0.733,0.923,21.35376599,9.201681807,2.308225326,-1.630814484,-3.876962899,0.061,0.712,0.962,-21.13250773,22.01891378,0.902,0.882,0.884,0.888,0.912,0.932,0.946,0.936,0.946,0.962,-64.96310053
2016-05-01,9.388276751,-2.155296721,-1.80963412,0.903,0.867,0.893,17.37300827,16.85069584,2.377147518,-1.699181372,-3.948011796,0.127,0.693,0.932,-25.46872988,25.50486296,0.774,0.75,0.752,0.754,0.772,0.772,0.774,0.778,0.778,0.778,-54.53361328
2016-06-01,9.818649518,-2.645437524,-1.819122311,0.94,0.572,0.886,17.28761725,13.7967992,2.361965684,-1.633934375,-3.5551498,0.128,0.731,0.985,-29.15135444,28.61076071,0.886,0.822,0.882,0.916,0.902,0.874,0.886,0.89,0.918,0.922,-62.89917002
2016-07-01,9.188822435,-1.786782307,-2.001875515,0.842,0.959,0.812,14.8430981,18.39767882,1.994430964,-1.251149491,-3.779764826,0.003,0.965,0.938,-30.17475125,29.38561303,0.8,0.874,0.916,0.922,0.934,0.928,0.93,0.944,0.946,0.926,-66.10498292
2016-08-01,9.018014467,-1.502224216,-2.309480359,0.745,0.995,0.64,-15.80361748,25.8411587,1.904906752,-1.249455401,-3.184773126,0.006,0.977,0.994,-31.86431358,30.43878694,0.772,0.69,0.656,0.632,0.638,0.642,0.648,0.648,0.656,0.658,-56.14980075
2016-09-01,9.471252348,-2.036640289,-2.18034278,0.875,0.887,0.696,-18.43736513,28.99597414,2.008149996,-1.371372878,-2.862410413,0.03,0.902,0.999,-37.05917981,33.28055299,0.964,0.956,0.952,0.968,0.946,0.946,0.848,0.804,0.782,0.74,-69.12452884
2016-10-01,9.117853799,-1.700535996,-2.26730216,0.797,0.929,0.622,-21.99206676,31.9648774,2.064762628,-1.40164122,-3.191220525,0.056,0.895,0.967,-33.63874865,28.20290828,0.822,0.774,0.734,0.67,0.71,0.664,0.628,0.6,0.584,0.58,-58.83922925
2016-11-01,9.112371652,-1.611225168,-1.941477371,0.775,0.952,0.805,-20.29923137,29.9398336,2.336488181,-1.579169498,-3.616535787,0.159,0.772,0.88,-24.69859818,21.14320772,0.758,0.85,0.808,0.784,0.798,0.71,0.68,0.648,0.626,0.612,-62.17987918
2016-12-01,9.620923897,-1.991695572,-2.521886678,0.899,0.843,0.475,-15.65482866,25.62381752,2.899708291,-2.060955107,-3.994712211,0.571,0.598,0.795,16.67210589,-17.07947208,0.924,0.902,0.868,0.84,0.766,0.802,0.816,0.82,0.762,0.698,-66.62713038
2017-01-01,9.383586349,-1.709309604,-1.77544259,0.825,0.914,0.874,-12.77328432,23.18488412,2.962376268,-2.154862028,-3.829601828,0.587,0.578,0.83,27.34267928,-23.90236514,0.466,0.462,0.48,0.502,0.472,0.496,0.516,0.506,0.474,0.454,-55.00333234
2017-02-01,9.428637583,-1.912218825,-2.734830991,0.836,0.836,0.36,-9.34461119,18.73150996,2.953081748,-2.113158876,-3.892035688,0.575,0.61,0.79,30.11675742,-30.19165389,0.594,0.43,0.382,0.378,0.38,0.358,0.372,0.35,0.338,0.328,-55.66752335
2017-03-01,9.465292031,-2.01423713,-3.250783407,0.848,0.793,0.266,8.537184064,13.61882231,2.855124256,-2.051214787,-3.474375115,0.486,0.657,0.916,31.13032023,-30.66675287,0.248,0.21,0.29,0.32,0.276,0.31,0.282,0.254,0.236,0.212,-52.06912315
2017-04-01,9.391956245,-1.832461945,-2.716718499,0.808,0.831,0.363,-8.708225712,9.602806052,2.896039303,-1.745411101,-3.7822953,0.502,0.773,0.813,31.56064296,-20.91685959,0.992,0.978,0.93,0.822,0.636,0.456,0.372,0.296,0.258,0.228,-64.95201946
2017-05-01,9.304157505,-1.574866761,-3.367825797,0.763,0.95,0.216,7.347266536,7.447151303,2.774532659,-1.550471858,-3.62884522,0.382,0.87,0.874,25.35149765,24.15416514,0.414,0.502,0.364,0.286,0.244,0.218,0.18,0.152,0.146,0.138,-52.91341909
2017-06-01,9.357112359,-1.628611605,-3.842659441,0.774,0.928,0.123,7.102965256,7.841553195,2.676318731,-1.243068388,-3.618772045,0.302,0.993,0.872,22.65530673,33.19259839,0.338,0.268,0.278,0.278,0.204,0.196,0.176,0.152,0.15,0.142,-51.94545974
2017-07-01,9.765504174,-1.987234486,-4.86345932,0.929,0.755,0.011,7.94286312,7.206421026,2.713550522,-1.313725287,-3.242636854,0.346,0.95,0.947,-17.92880345,44.33467737,0.118,0.082,0.07,0.1,0.072,0.068,0.06,0.054,0.058,0.038,-46.63476456
2017-08-01,9.608912328,-2.09548122,-4.767156519,0.881,0.714,0.015,9.575482393,-9.240556493,2.743023468,-1.236346661,-3.623838332,0.384,0.971,0.834,-17.0403804,44.05529415,0.012,0.01,0.02,0.024,0.018,0.016,0.034,0.048,0.086,0.054,-44.5678536
2017-09-01,9.672657657,-2.097677855,-5.35088919,0.903,0.699,0.002,9.536807547,-14.37262915,2.532164577,-1.157064057,-3.071742501,0.246,0.989,0.979,-21.71909535,43.64310492,0.004,0.012,0.01,0.012,0.01,0.014,0.066,0.13,0.192,0.188,-43.79622763
2017-10-01,9.578394681,-2.059508226,-4.700690782,0.847,0.694,0.048,10.18636203,-14.65118193,2.717345594,-1.327820594,-2.957924961,0.398,0.89,0.982,-24.07805921,38.91731777,0.1,0.062,0.076,0.074,0.086,0.368,0.348,0.32,0.328,0.286,-45.65480619
2017-11-01,9.881799397,-2.364241134,-3.076691047,0.949,0.579,0.265,14.09178254,-18.89464428,2.741071024,-1.330526478,-2.591080561,0.439,0.881,0.994,-19.97283449,30.36974038,0.41,0.366,0.406,0.446,0.782,0.484,0.41,0.378,0.374,0.36,-56.39491447
2017-12-01,10.27173076,-2.741507954,-3.256724023,0.988,0.398,0.217,18.77772097,-24.64385666,2.714491573,-1.298147598,-1.822140091,0.419,0.885,0.995,-20.3291577,29.44933683,0.16,0.308,0.654,0.856,0.518,0.436,0.36,0.328,0.34,0.308,-55.37151989
2018-01-01,9.476696438,-1.707768287,-3.849904507,0.722,0.866,0.106,17.07508167,-15.72345602,2.639779512,-1.192373332,-1.258966329,0.329,0.956,0.998,-17.19758837,24.06714585,0.106,0.12,0.13,0.12,0.068,0.036,0.014,0.002,0.002,0.002,-42.8367223
2018-02-01,9.281892739,-1.737415177,-3.845699354,0.582,0.839,0.115,-11.76637987,11.70995674,2.921993674,-1.514675929,-0.931744879,0.695,0.717,1,-9.469972158,15.90550993,0.092,0.09,0.134,0.136,0.078,0.038,0.02,0.022,0.02,0.022,-44.70242716
2018-03-01,8.879213004,-1.404823743,-4.112671626,0.336,0.981,0.093,-24.41605153,19.30258268,3.094220075,-1.423213259,-1.202392178,0.827,0.761,0.988,22.01526742,-12.09234033,0.094,0.082,0.102,0.09,0.016,0.016,0.028,0.042,0.048,0.034,-43.99688368
2018-04-01,8.623760292,-1.442402481,-3.171648792,0.184,0.957,0.262,-29.99718879,23.5062828,2.917553236,-1.187542883,-0.855307411,0.691,0.959,1,19.67903119,-8.405110951,0.048,0.046,0.014,0.006,0.004,0.004,0.002,0.004,0.002,0.004,-37.76816723
2018-05-01,8.815074275,-1.652888553,-2.763496232,0.306,0.849,0.394,-27.32374701,17.21732859,3.09934726,-1.324239223,-0.578706984,0.86,0.808,0.998,22.83145052,-7.698859706,0.108,0.078,0.028,0.034,0.024,0.016,0.016,0.016,0.016,0.016,-39.79766524
2018-06-01,9.269874254,-2.115118609,-2.925105312,0.569,0.563,0.355,-15.81766266,-13.77681747,2.977824626,-1.075532798,-0.709949935,0.747,0.994,0.971,26.7572694,-7.036751965,0.342,0.402,0.354,0.314,0.276,0.248,0.21,0.194,0.188,0.178,-48.62837305
2018-07-01,9.542409206,-2.405889198,-2.619513378,0.748,0.449,0.491,24.50792406,-24.21151524,2.955998525,-1.158189608,-0.126203645,0.732,0.974,0.999,25.41043459,8.868860423,0.648,0.644,0.622,0.614,0.586,0.526,0.504,0.452,0.448,0.386,-51.07024278
2018-08-01,9.250568668,-2.072793826,-2.288051677,0.514,0.583,0.637,13.96671562,-17.32477407,3.061274306,-1.202454522,0.033045837,0.867,0.91,0.989,22.73772541,12.38815447,0.388,0.344,0.334,0.366,0.314,0.262,0.248,0.25,0.258,0.25,-47.85169062
2018-09-01,9.700388752,-2.496138433,-2.373109926,0.845,0.375,0.594,17.41153333,-19.15643497,2.963372967,-0.949278448,-0.104721213,0.757,0.999,0.966,18.27149479,17.9335228,0.92,0.946,0.94,0.918,0.972,0.97,0.938,0.926,0.922,0.858,-64.16943751
2018-10-01,9.831086399,-2.610816348,-2.830774934,0.884,0.32,0.405,23.19991551,-24.11930297,3.150048335,-1.12415371,0.073001419,0.975,0.952,0.985,16.01775421,19.14533991,0.64,0.632,0.65,0.67,0.698,0.7,0.72,0.752,0.772,0.772,-51.44340068
2018-11-01,10.47710582,-2.718816687,-6.016819957,0.997,0.255,0.002,31.38836635,-25.62350552,3.300185758,-1.01451773,-0.436342143,0.991,0.977,0.904,17.13649077,20.03474668,0.86,0.858,0.832,0.844,0.778,0.818,0.87,0.878,0.892,0.886,-59.54108982
2018-12-01,9.712478437,-2.056714462,-3.187774995,0.788,0.59,0.289,27.83500035,-20.10834291,3.162057012,-0.788238726,-0.466156491,0.941,0.999,0.893,15.94018631,23.55895356,0.612,0.622,0.524,0.478,0.566,0.582,0.704,0.738,0.806,0.792,-50.08074174
2019-01-01,9.661373794,-1.791934043,-3.276924819,0.736,0.748,0.271,25.87156197,-16.07752291,2.83815965,-0.149236451,-1.086636037,0.586,1,0.805,-9.506101252,23.72623368,0.69,0.768,0.788,0.816,0.804,0.842,0.912,0.908,0.91,0.9,-54.8147134
2019-02-01,9.420045332,-1.679186813,-3.683587874,0.524,0.834,0.204,19.67957534,22.17611249,2.790931664,-0.166661561,-1.115439894,0.514,0.998,0.783,-20.51114033,26.94277817,0.144,0.148,0.192,0.196,0.2,0.216,0.286,0.312,0.322,0.312,-45.21240773
2019-03-01,9.445719154,-2.100532694,-2.745169022,0.53,0.545,0.491,-16.29457115,17.63051153,2.914489812,-0.242610294,-1.293067358,0.672,0.978,0.734,-21.77188714,31.61263666,0.252,0.31,0.404,0.464,0.424,0.492,0.394,0.354,0.372,0.362,-47.83289306
2019-04-01,9.431876313,-2.233134131,-2.707920994,0.506,0.463,0.517,-17.6558529,-12.84479291,2.593624679,0.135748026,-1.467379532,0.252,0.995,0.701,-24.49142054,37.87922274,0.84,0.758,0.668,0.574,0.704,0.668,0.624,0.598,0.6,0.56,-53.63437716
2019-05-01,9.411591966,-1.965123421,-3.087224187,0.475,0.628,0.365,-22.37943588,13.74630981,2.723120144,0.094162788,-1.877246801,0.383,0.994,0.644,-25.27788036,42.26480475,0.068,0.372,0.29,0.262,0.16,0.184,0.228,0.262,0.278,0.276,-43.64951816
2019-06-01,9.423759628,-2.030280685,-3.266292578,0.485,0.562,0.295,-23.60425207,15.4667071,2.348888595,0.503240505,-2.097943917,0.149,1,0.617,-30.6789488,47.04597476,0.364,0.344,0.34,0.292,0.292,0.268,0.342,0.37,0.386,0.364,-44.10166069
2019-07-01,9.139281956,-1.727723868,-3.521920581,0.235,0.798,0.231,-24.57856683,16.62880501,2.274917541,0.381541915,-2.533051191,0.109,0.985,0.596,-38.81882049,54.07606355,0.268,0.254,0.224,0.176,0.218,0.21,0.25,0.274,0.272,0.278,-43.49536223
2019-08-01,9.446545993,-2.209538655,-3.764293096,0.507,0.398,0.191,-28.57188601,18.34534961,2.268027282,0.20842212,-1.825571593,0.109,0.952,0.632,-47.24383992,51.71251328,0.33,0.202,0.13,0.134,0.112,0.134,0.18,0.196,0.222,0.234,-44.64166959
2019-09-01,9.36354087,-2.14524685,-3.634644111,0.385,0.427,0.231,-23.65262204,13.6929343,1.714529424,0.724999163,-1.790239829,0.003,0.998,0.631,-45.89700095,53.92366687,0.44,0.444,0.514,0.45,0.528,0.504,0.486,0.482,0.478,0.474,-45.7409457
2019-10-01,9.473657339,-2.453078416,-3.385616762,0.539,0.25,0.321,-21.43422267,-9.43849196,1.894912317,0.331796434,-1.576345569,0.027,0.94,0.662,-52.53136553,40.47931251,0.314,0.31,0.368,0.482,0.52,0.474,0.476,0.468,0.446,0.446,-47.17132555
2019-11-01,9.715461447,-2.544131204,-3.992007858,0.768,0.207,0.134,-15.657494,-10.79049542,1.950439416,-0.113851307,-1.637005306,0.046,0.838,0.649,-48.95672372,21.4729662,0.742,0.57,0.442,0.244,0.18,0.208,0.228,0.256,0.258,0.256,-47.7084868
2019-12-01,9.697226615,-2.395249449,-3.628200599,0.755,0.251,0.256,10.78194512,-14.07569105,2.027893309,-0.179623328,-1.487918886,0.099,0.821,0.684,-37.95585823,-20.3835459,0.008,0.022,0.01,0.004,0.018,0.032,0.078,0.118,0.182,0.18,-35.08067036
2020-01-01,9.448833671,-2.032982434,-3.484095397,0.474,0.52,0.329,10.3914978,-10.91874173,2.21280377,-0.334902392,-2.01154999,0.185,0.764,0.526,-28.09856752,-24.59879417,0.07,0.07,0.068,0.066,0.13,0.132,0.074,0.08,0.108,0.132,-38.55052476
2020-02-01,9.562946122,-2.613884941,-5.327575991,0.627,0.124,0.019,10.57623152,-12.31749666,1.770787923,0.189023426,-1.994167302,0.011,0.896,0.508,-23.88906009,-16.45155307,0.436,0.346,0.422,0.4,0.344,0.296,0.28,0.268,0.248,0.28,-43.10419402
2020-03-01,9.817672165,-2.898464285,-6.604518165,0.862,0.02,0.001,11.5619839,-16.42167919,1.438119322,0.33818887,-2.747831032,0.001,0.934,0.408,-22.99891392,11.94404939,0.838,0.766,0.764,0.74,0.666,0.596,0.514,0.4,0.32,0.308,-49.80591426
2020-04-01,12.3927554,-6.039210249,-10.77969936,0.991,0.008,0.012,9.125507533,-10.733392,1.104576323,-0.596724523,-2.705496149,0.006,0.685,0.392,-22.5413781,-15.52349238,0.972,0.958,0.956,0.95,0.938,0.922,0.77,0.73,0.656,0.582,-70.20017113
2020-05-01,12.4045523,-7.172091573,-14.30741868,0.982,0.007,0.002,13.43634859,-16.77343898,1.034132499,-0.575308513,-2.556110337,0.014,0.671,0.404,-31.07752645,-18.88936811,0.814,0.842,0.858,0.858,0.86,0.854,0.764,0.724,0.716,0.71,-58.52034566
2020-06-01,11.10763974,-6.087282308,-11.80997444,0.955,0.035,0.03,15.62403734,-18.03555755,1.114932361,-0.457486693,-3.17780288,0.035,0.693,0.277,-27.68022806,-21.3356562,0.556,0.618,0.614,0.588,0.606,0.58,0.622,0.62,0.598,0.542,-47.85493988
2020-07-01,11.28445063,-6.473594141,-12.42243523,0.953,0.028,0.025,16.98713058,-22.35413607,1.117862316,-0.429129962,-3.2605972,0.038,0.696,0.239,-25.0562457,-20.63256902,0.49,0.526,0.584,0.616,0.596,0.604,0.602,0.6,0.59,0.538,-50.11592853
2020-08-01,11.68319495,-6.884094448,-14.52306967,0.951,0.019,0.008,17.98394002,-26.52474324,0.936422804,-0.397366556,-2.805165606,0.002,0.701,0.355,-27.774689,-18.5036054,0.732,0.67,0.674,0.642,0.64,0.628,0.628,0.632,0.622,0.534,-49.62751013
2020-09-01,11.79596625,-7.300644658,-15.38246973,0.952,0.005,0.013,19.06491323,-30.57647917,1.192872269,-0.517855795,-3.55275255,0.106,0.62,0.165,-27.41490433,-14.7853743,0.628,0.634,0.634,0.664,0.644,0.666,0.654,0.644,0.634,0.552,-50.69051602
2020-10-01,11.90176,-7.329500366,-15.83174182,0.962,0.01,0.009,17.99624334,-32.76636163,1.160450751,-0.521627301,-3.431252948,0.109,0.599,0.191,-25.93706897,-11.07779781,0.782,0.786,0.812,0.838,0.896,0.886,0.804,0.804,0.808,0.776,-55.66945105
2020-11-01,11.98226412,-7.330876356,-16.28719983,0.957,0.025,0.008,16.50668666,-32.24149912,1.378839625,-0.685597463,-3.947049682,0.162,0.535,0.025,-20.22812651,-12.98129697,0.928,0.914,0.9,0.864,0.774,0.752,0.784,0.816,0.812,0.75,-55.15738061
2020-12-01,11.2350071,-6.662950003,-13.74126681,0.855,0.108,0.107,12.08155014,-25.23254366,1.319895798,-0.683537859,-3.722727446,0.159,0.531,0.105,20.37358898,-19.81759908,0.512,0.496,0.462,0.446,0.496,0.476,0.426,0.404,0.316,0.234,-47.47632999
2021-01-01,10.61033056,-6.020724135,-11.75260594,0.805,0.179,0.165,-21.56406674,21.2547887,1.404316249,-0.69270301,-4.112389312,0.186,0.524,0.013,27.79267528,-25.13616628,0.646,0.728,0.734,0.718,0.708,0.664,0.562,0.506,0.376,0.274,-48.38665534
2021-02-01,10.74948416,-6.258825181,-12.06061365,0.802,0.164,0.167,-20.59332351,21.52926916,1.636958046,-0.869934313,-4.746977121,0.23,0.464,0.002,35.13020813,-31.69544819,0.794,0.782,0.774,0.78,0.748,0.748,0.736,0.722,0.674,0.516,-50.51818898
2021-03-01,10.75346623,-6.541900984,-9.570785422,0.799,0.129,0.24,-20.33090133,17.8780387,2.055083465,-1.245540667,-5.567175256,0.345,0.215,0.006,34.13660431,-30.11354471,0.894,0.888,0.888,0.86,0.81,0.792,0.808,0.804,0.784,0.692,-55.02697158
2021-04-01,11.41958505,-7.076462424,-10.71440654,0.868,0.071,0.238,-13.82139339,-13.57783163,2.3539369,-1.483763849,-6.230711108,0.445,0.043,0.005,34.7695838,-29.91091348,0.34,0.542,0.614,0.652,0.718,0.77,0.82,0.844,0.834,0.826,-50.50394088
2021-05-01,11.31505909,-7.024240593,-11.42450285,0.851,0.079,0.203,-13.39598271,-10.89842396,2.234166596,-1.441783735,-5.872147556,0.414,0.043,0.03,43.55439847,-38.00753451,0.268,0.284,0.268,0.222,0.258,0.264,0.296,0.298,0.292,0.296,-42.86177347
2021-06-01,10.74395428,-6.604452621,-9.521844949,0.736,0.17,0.301,-14.44873703,-10.33257802,2.178373511,-1.362745347,-5.888812998,0.401,0.111,0.045,48.95989353,-44.1424305,0.114,0.132,0.13,0.138,0.162,0.2,0.214,0.21,0.184,0.1,-41.10255974
2021-07-01,10.61590706,-6.539911073,-8.342308393,0.705,0.194,0.325,-17.38225496,8.749073351,2.0077345,-1.354450667,-4.85522646,0.322,0.134,0.103,43.39152273,-46.01842471,0.25,0.204,0.182,0.182,0.176,0.206,0.198,0.2,0.182,0.098,-42.68144616
2021-08-01,10.56738017,-6.270404603,-8.783961981,0.684,0.272,0.313,-17.13323299,9.843683293,1.78260684,-1.118209838,-4.597812121,0.264,0.368,0.128,27.7704118,-34.12435535,0.396,0.33,0.308,0.258,0.272,0.268,0.256,0.258,0.264,0.226,-42.69092408
2021-09-01,10.46958457,-6.26289249,-8.683948614,0.644,0.292,0.33,-15.42783301,7.649934233,1.842118424,-1.212993812,-4.573753408,0.301,0.274,0.138,-24.62647672,-24.55354149,0.374,0.348,0.35,0.384,0.34,0.33,0.352,0.352,0.344,0.334,-45.46089736
2021-10-01,11.09859105,-7.01004143,-9.094552109,0.807,0.083,0.312,-11.79010253,5.594111201,2.065661325,-1.477685447,-4.704673598,0.419,0.021,0.115,-20.26101668,-19.85761954,0.656,0.662,0.602,0.544,0.544,0.518,0.48,0.49,0.506,0.51,-50.18730712
2021-11-01,11.28969278,-7.489201826,-7.385456729,0.839,0.011,0.414,11.88081991,-10.11801348,2.021529016,-1.675598864,-3.579547842,0.392,0.008,0.27,13.06839576,-19.22984231,0.674,0.594,0.572,0.524,0.478,0.46,0.424,0.396,0.394,0.406,-47.13308009
2021-12-01,11.24662756,-6.839075632,-9.19553334,0.821,0.159,0.311,14.00996283,-11.98958517,1.857069547,-1.618339285,-2.815724623,0.322,0.027,0.39,11.2761293,-24.57934289,0.584,0.588,0.604,0.628,0.608,0.58,0.554,0.548,0.53,0.528,-50.48702378
2022-01-01,10.83910947,-6.437817815,-8.377701229,0.695,0.316,0.401,10.09800247,12.54772415,1.926951722,-1.781863918,-2.211074615,0.375,0.012,0.498,-11.55370447,-27.02194019,0.232,0.27,0.36,0.356,0.416,0.482,0.49,0.51,0.49,0.486,-44.52107973
2022-02-01,10.86070617,-6.240382688,-8.64046854,0.697,0.399,0.385,-10.28648249,20.95679133,2.128993751,-2.026421328,-1.012780282,0.513,0.011,0.795,9.867833487,-36.9925479,0.498,0.476,0.48,0.484,0.536,0.468,0.438,0.384,0.436,0.414,-49.95393052
2022-03-01,10.92280105,-6.597144865,-6.914419761,0.715,0.245,0.482,-14.95400201,15.75737458,2.142431114,-2.018133058,-0.215055126,0.523,0.032,0.907,16.5853706,-46.79908835,0.77,0.688,0.694,0.72,0.616,0.558,0.528,0.53,0.602,0.594,-53.17511779
2022-04-01,10.83024447,-6.474943405,-5.150125672,0.655,0.329,0.546,6.01643771,7.190117015,2.464320925,-2.719593339,2.512312543,0.704,0.006,0.999,19.24264201,-43.292134,0.226,0.196,0.124,0.122,0.188,0.242,0.306,0.338,0.382,0.396,-47.07521746
2022-05-01,11.32089098,-6.928627843,-5.842885709,0.837,0.151,0.526,6.802074353,6.613205192,3.018113819,-2.953661506,2.416166886,0.889,0.005,0.992,24.84852279,-47.68577548,0.908,0.846,0.828,0.73,0.716,0.68,0.698,0.722,0.726,0.756,-51.25308013
2022-06-01,11.15225798,-6.36297327,-4.706437098,0.766,0.418,0.587,8.550919598,5.592639096,3.108377402,-2.351942843,0.758217089,0.937,0.054,0.948,33.28209238,-45.85709589,0.52,0.584,0.808,0.688,0.71,0.66,0.69,0.664,0.654,0.712,-51.12539765
2022-07-01,11.93206716,-6.924225248,-5.197754008,0.942,0.162,0.58,11.22609077,6.369721861,3.11162598,-1.662609153,1.630754341,0.919,0.165,0.956,42.56830508,-30.61961722,0.776,0.812,0.814,0.832,0.82,0.83,0.854,0.882,0.87,0.928,-53.58002173
2022-08-01,11.38543329,-5.649665763,-3.494391494,0.814,0.583,0.79,15.86298971,5.12300364,2.850295374,-0.394945523,0.656034706,0.793,0.696,0.909,34.48735798,22.82500286,0.506,0.478,0.752,0.426,0.488,0.484,0.572,0.618,0.674,0.702,-48.00166205
2022-09-01,11.5837167,-5.949597171,-3.882363823,0.852,0.572,0.67,11.96902349,9.800924194,3.231068438,-0.453627918,1.488345188,0.953,0.65,0.94,33.12521444,30.91366385,0.462,0.44,0.754,0.542,0.448,0.484,0.504,0.556,0.59,0.632,-49.59368963
2022-10-01,11.88137977,-5.765638175,-2.314084455,0.919,0.598,0.994,12.79640693,12.74901861,3.814156351,-0.897262833,2.694913274,0.999,0.402,0.99,35.76683873,26.39003424,0.924,0.94,0.954,0.9,0.93,0.916,0.892,0.876,0.876,0.888,-52.55641864
2022-11-01,11.88318994,-5.5639881,-3.505794836,0.917,0.629,0.781,15.46608152,15.07312367,4.138130126,-0.012239412,1.488349853,0.996,0.836,0.913,42.50426746,28.44006862,0.916,0.904,0.648,0.8,0.754,0.622,0.63,0.614,0.604,0.65,-53.31018904
2022-12-01,11.33487866,-4.683326549,-3.564254958,0.744,0.672,0.759,12.97586017,20.7672871,3.627099846,0.75957057,1.810881511,0.959,0.998,0.925,42.78677207,35.10207951,0.684,0.77,0.584,0.694,0.502,0.52,0.5,0.51,0.526,0.604,-51.43405388
2023-01-01,11.35879621,-4.312497335,-3.647258718,0.741,0.689,0.735,11.35462875,25.91364776,3.839565707,0.645423644,1.370787847,0.972,0.968,0.863,31.63623902,43.35841785,0.434,0.63,0.482,0.524,0.492,0.588,0.54,0.566,0.564,0.596,-46.44451207
2023-02-01,11.04969058,-3.881175443,-4.323594561,0.571,0.713,0.618,-11.60030006,34.23699905,3.839565707,0.645423644,1.370787847,0.972,0.968,0.863,31.63623902,43.35841785,0.79,0.796,0.6,0.658,0.74,0.72,0.708,0.73,0.76,0.796,-51.24382998
2023-03-01,11.53617843,-4.1776515,-5.450958754,0.799,0.708,0.562,-6.818634589,37.46728381,3.839565707,0.645423644,1.370787847,0.972,0.968,0.863,31.63623902,43.35841785,0.302,0.512,0.438,0.574,0.522,0.524,0.656,0.744,0.752,0.778,-48.59064107
2023-04-01,11.31041142,-3.500636961,-4.595258705,0.684,0.766,0.645,12.43816106,42.24198452,3.839565707,0.645423644,1.370787847,0.972,0.968,0.863,31.63623902,43.35841785,0.386,0.444,0.372,0.284,0.366,0.386,0.522,0.532,0.532,0.6,-46.45154681
2023-05-01,11.64102901,-3.216718124,-4.700510191,0.803,0.778,0.659,12.14901142,47.99703338,3.839565707,0.645423644,1.370787847,0.972,0.968,0.863,31.63623902,43.35841785,0.19,0.15,0.11,0.068,0.092,0.11,0.18,0.236,0.212,0.248,-43.28275284
2023-06-01,12.79835398,-4.225769008,-4.779430313,0.982,0.711,0.671,17.67318164,36.35771958,3.839565707,0.645423644,1.370787847,0.972,0.968,0.863,31.63623902,43.35841785,0.848,0.856,0.68,0.834,0.798,0.862,0.826,0.75,0.718,0.662,-52.91414195
2023-07-01,12.07059179,-2.914046044,-5.148849832,0.92,0.826,0.649,18.07757374,36.53476973,3.839565707,0.645423644,1.370787847,0.972,0.968,0.863,31.63623902,43.35841785,0.074,0.056,0.074,0.068,0.034,0.022,0.02,0.044,0.04,0.044,-43.05824549
2023-08-01,11.83246832,-2.656392821,-5.225939009,0.84,0.863,0.652,15.52376043,38.29989965,3.839565707,0.645423644,1.370787847,0.972,0.968,0.863,31.63623902,43.35841785,0.738,0.674,0.394,0.504,0.324,0.268,0.146,0.104,0.072,0.07,-49.51589122
2023-09-01,12.38219863,-3.245188005,-7.317325806,0.952,0.811,0.478,17.00691177,35.90911754,3.839565707,0.645423644,1.370787847,0.972,0.968,0.863,31.63623902,43.35841785,0.3,0.33,0.292,0.236,0.292,0.292,0.258,0.272,0.244,0.284,-48.69184756
2023-10-01,13.07418916,-4.001277011,-7.383612004,0.99,0.741,0.492,21.53081035,23.74492142,3.839565707,0.645423644,1.370787847,0.972,0.968,0.863,31.63623902,43.35841785,0.194,0.132,0.164,0.106,0.144,0.136,0.08,0.146,0.158,0.16,-44.31681945
2023-11-01,12.93041477,-3.563540641,-7.640007198,0.967,0.816,0.487,27.29237742,-15.00919682,3.839565707,0.645423644,1.370787847,0.972,0.968,0.863,31.63623902,43.35841785,0.526,0.352,0.208,0.168,0.102,0.07,0.096,0.21,0.282,0.258,-49.88610434
2023-12-01,11.96112925,-2.826249347,-6.006753693,0.8,0.925,0.617,20.18189481,11.88080988,3.839565707,0.645423644,1.370787847,0.972,0.968,0.863,31.63623902,43.35841785,0.266,0.368,0.188,0.052,0.076,0.05,0.074,0.072,0.08,0.084,-46.5685513
