Date,OEZAKLAF_YoY,USDZAR_Ent,PPP.ZA.Index_QS,LocalBonds_Ent,SA_CDS_Lambda_QS,XAULempZiev,US_RB_Lambda_QS,SA_RB_Lambda,SA_CDS_Lambda,US_NB_Lambda,SA_NB_Lambda_QS
2012-04-23,-0.0238,15.2,1.0,12.6,1.0,14.8,1.0,1.37,1.37,1.37,1.0
2012-04-30,0.0272,14.8,1.0,12.6,1.0,15.0,1.0,1.37,1.37,1.37,1.0
2012-05-07,0.0272,14.6,1.0,12.2,1.0,14.2,1.0,1.37,1.37,1.37,1.0
2012-05-14,0.0272,14.2,1.0,12.4,1.0,14.6,1.0,1.37,1.37,1.37,1.0
2012-05-21,0.0272,14.4,1.0,12.6,1.0,14.4,1.0,1.37,1.37,1.37,1.0
2012-05-28,0.1052,14.2,1.0,12.4,1.0,14.2,1.0,1.37,1.37,1.37,1.0
2012-06-04,0.1052,14.2,1.0,12.2,1.0,14.4,1.0,1.37,1.37,1.37,1.0
2012-06-11,0.1052,14.0,1.0,11.8,1.0,13.8,1.0,1.37,1.37,1.37,1.0
2012-06-18,0.1052,14.0,1.0,12.4,1.0,14.2,1.0,1.37,1.37,1.37,1.0
2012-06-25,0.1052,14.4,1.0,12.4,1.0,14.2,1.0,1.37,1.37,1.37,1.0
2012-07-02,0.2038,14.2,1.0,12.0,1.0,14.6,1.0,1.37,1.37,1.37,1.0
2012-07-09,0.2038,14.6,1.0,12.2,1.0,14.2,1.0,1.37,1.37,1.37,1.0
2012-07-16,0.2038,14.2,1.0,12.2,1.0,14.0,1.0,1.37,1.37,1.37,1.0
2012-07-23,0.2038,14.2,1.0,12.4,1.0,13.4,1.0,1.37,1.37,1.37,1.0
2012-07-30,0.3042,14.4,1.0,11.8,1.0,13.6,1.0,1.37,1.37,1.37,1.0
2012-08-06,0.3042,14.6,1.0,11.6,1.0,13.8,1.0,1.37,1.37,1.37,1.0
2012-08-13,0.3042,15.2,1.0,11.8,1.0,13.8,1.0,1.37,1.37,1.37,1.0
2012-08-20,0.3042,14.6,1.0,11.4,1.0,13.8,1.0,1.37,1.37,1.37,1.0
2012-08-27,0.3888,14.6,1.0,11.8,1.0,13.4,1.0,1.37,1.37,1.37,1.0
2012-09-03,0.3869,14.4,1.0,11.6,1.0,13.8,1.0,1.37,1.37,1.37,1.0
2012-09-10,0.3869,14.6,1.0,11.6,1.0,13.6,1.0,1.37,1.37,1.37,1.0
2012-09-17,0.3869,14.8,1.0,11.6,1.0,14.2,1.0,1.37,1.37,1.37,1.0
2012-09-24,0.3869,14.8,1.0,11.8,1.0,13.8,1.0,1.37,1.37,1.37,1.0
2012-10-01,0.4329,14.2,1.0,12.0,1.0,13.4,1.0,1.37,1.37,1.37,1.0
2012-10-08,0.4329,14.4,1.0,12.0,1.0,13.4,1.0,1.37,1.37,1.37,1.0
2012-10-15,0.4329,13.8,1.0,12.0,1.0,13.0,1.0,1.37,1.37,1.37,1.0
2012-10-22,0.4329,14.0,1.0,11.8,1.0,13.4,1.0,1.37,1.37,1.37,1.0
2012-10-29,0.424,14.2,1.0,12.0,1.0,13.0,1.0,1.37,1.37,1.37,1.0
2012-11-05,0.424,13.6,1.0,11.8,1.0,13.0,1.0,1.37,1.37,1.37,1.0
2012-11-12,0.424,13.8,1.0,12.2,1.0,13.0,1.0,1.37,1.37,1.37,1.0
2012-11-19,0.424,14.6,1.0,12.8,1.0,13.0,1.0,1.37,1.37,1.37,1.0
2012-11-26,0.3456,15.2,1.0,12.2,1.0,13.6,1.0,1.37,1.37,1.37,1.0
2012-12-03,0.3732,15.4,1.0,12.4,1.0,13.0,1.0,1.37,1.37,1.37,1.0
2012-12-10,0.3732,15.2,1.0,12.0,1.0,12.6,1.0,1.37,1.37,1.37,1.0
2012-12-17,0.3732,14.8,1.0,12.8,1.0,13.0,1.0,1.37,1.37,1.37,1.0
2012-12-24,0.3732,15.2,1.0,12.2,1.0,12.8,1.0,1.37,1.37,1.37,1.0
2012-12-31,0.2951,15.2,1.0,12.8,1.0,13.0,1.0,1.37,1.37,1.37,1.0
2013-01-07,0.2951,14.8,1.0,12.2,1.0,13.2,1.0,1.37,1.37,1.37,1.0
2013-01-14,0.2951,14.2,1.0,12.6,1.0,12.4,1.0,1.37,1.37,1.37,1.0
2013-01-21,0.2951,14.4,1.0,12.0,1.0,12.8,1.0,1.37,1.37,1.37,1.0
2013-01-28,0.2131,14.2,1.0,12.4,1.0,12.4,1.0,1.37,1.37,1.37,1.0
2013-02-04,0.2131,14.4,1.0,12.2,1.0,13.0,1.0,1.37,1.37,1.37,1.0
2013-02-11,0.2131,13.8,1.0,12.4,1.0,13.0,1.0,1.37,1.37,1.37,1.0
2013-02-18,0.2131,14.0,1.0,12.4,1.0,13.2,1.0,1.37,1.37,1.37,1.0
2013-02-25,0.2131,13.6,1.0,12.4,1.0,12.6,1.0,1.37,1.37,1.37,1.0
2013-03-04,0.15,14.0,1.0,12.8,1.0,12.8,1.0,1.37,1.37,1.37,1.0
2013-03-11,0.15,14.0,1.0,12.8,1.0,12.2,1.0,1.37,1.37,1.37,1.0
2013-03-18,0.15,14.0,1.0,12.4,1.0,12.8,1.0,1.37,1.37,1.37,1.0
2013-03-25,0.15,14.0,1.0,12.2,1.0,12.4,1.0,1.37,1.37,1.37,1.0
2013-04-01,0.1137,13.6,1.0,12.2,1.0,12.6,1.0,1.37,1.37,1.37,1.0
2013-04-08,0.1137,13.8,1.0,12.4,1.0,12.0,1.0,1.37,1.37,1.37,1.0
2013-04-15,0.1137,13.8,1.0,12.0,1.0,12.2,1.0,1.37,1.37,1.37,1.0
2013-04-22,0.1137,13.8,1.0,12.2,1.0,12.6,1.0,1.37,1.37,1.37,1.0
2013-04-29,0.118,14.0,1.0,12.0,1.0,12.8,1.0,1.37,1.37,1.37,1.0
2013-05-06,0.118,13.4,1.0,11.6,1.0,12.8,1.0,1.37,1.37,1.37,1.0
2013-05-13,0.118,13.8,1.0,11.8,1.0,12.6,1.0,1.37,1.37,1.37,1.0
2013-05-20,0.118,13.2,1.0,11.4,1.0,12.6,1.0,1.37,1.37,1.37,1.0
2013-05-27,0.1313,14.0,1.0,12.2,1.0,13.2,1.0,1.37,1.37,1.37,1.0
2013-06-03,0.1522,13.4,1.0,11.6,1.0,13.6,1.0,1.37,1.37,1.37,1.0
2013-06-10,0.1522,13.6,1.0,11.2,1.0,14.0,1.0,1.37,1.37,1.37,1.0
2013-06-17,0.1522,13.4,1.0,11.2,1.0,13.4,1.0,1.37,1.37,1.37,1.0
2013-06-24,0.1522,13.6,1.0,11.4,1.0,14.0,1.0,1.37,1.37,1.37,1.0
2013-07-01,0.1948,13.8,1.0,11.8,1.0,14.0,1.0,1.37,1.37,1.37,1.0
2013-07-08,0.1948,13.8,1.0,11.8,1.0,13.8,1.0,1.37,1.37,1.37,1.0
2013-07-15,0.1948,13.6,1.0,12.6,1.0,14.2,1.0,1.37,1.37,1.37,1.0
2013-07-22,0.1948,14.2,1.0,12.8,1.0,13.6,1.0,1.37,1.37,1.37,1.0
2013-07-29,0.2255,13.8,1.0,13.2,1.0,14.0,1.0,1.37,1.37,1.37,1.0
2013-08-05,0.2255,14.2,1.0,13.2,1.0,14.2,1.0,1.37,1.37,1.37,1.0
2013-08-12,0.2255,13.8,1.0,13.6,1.0,14.0,1.0,1.37,1.37,1.37,1.0
2013-08-19,0.2255,14.2,1.0,13.0,1.0,14.4,1.0,1.37,1.37,1.37,1.0
2013-08-26,0.2255,14.8,1.0,13.2,1.0,14.8,1.0,1.37,1.37,1.37,1.0
2013-09-02,0.2324,15.0,1.0,13.2,1.0,14.2,1.0,1.37,1.37,1.37,1.0
2013-09-09,0.2324,14.8,1.0,13.8,1.0,14.4,1.0,1.37,1.37,1.37,1.0
2013-09-16,0.2324,15.2,1.0,14.4,1.0,14.0,1.0,1.37,1.37,1.37,1.0
2013-09-23,0.2324,14.6,1.0,13.6,1.0,14.2,1.0,1.37,1.37,1.37,1.0
2013-09-30,0.2083,15.2,1.0,13.6,1.0,14.2,1.0,1.37,1.37,1.37,1.0
2013-10-07,0.2083,15.0,1.0,13.6,1.0,14.6,1.0,1.37,1.37,1.37,1.0
2013-10-14,0.2083,14.8,1.0,13.8,1.0,14.4,1.0,1.37,1.37,1.37,1.0
2013-10-21,0.2083,14.8,1.0,13.8,1.0,14.4,1.0,1.37,1.37,1.37,1.0
2013-10-28,0.1602,15.2,1.0,13.6,1.0,14.6,1.0,1.37,1.37,1.37,1.0
2013-11-04,0.1602,14.6,1.0,13.2,1.0,14.8,1.0,1.37,1.37,1.37,1.0
2013-11-11,0.1602,15.0,1.0,13.6,1.0,14.8,1.0,1.37,1.37,1.37,1.0
2013-11-18,0.1602,14.8,1.0,13.4,1.0,14.4,1.0,1.37,1.37,1.37,1.0
2013-11-25,0.1602,14.6,1.0,13.8,1.0,14.6,1.0,1.37,1.37,1.37,1.0
2013-12-02,0.0955,14.2,1.0,13.4,1.0,14.8,1.0,1.37,1.37,1.37,1.0
2013-12-09,0.0955,14.4,1.0,13.2,1.0,14.4,1.0,1.37,1.37,1.37,1.0
2013-12-16,0.0955,14.6,1.0,13.4,1.0,14.6,1.0,1.37,1.37,1.37,1.0
2013-12-23,0.0955,14.8,1.0,13.0,1.0,14.4,1.0,1.37,1.37,1.37,1.0
2013-12-30,0.0294,14.6,1.0,13.6,1.0,14.4,1.0,1.37,1.37,1.37,1.0
2014-01-06,0.0294,14.0,1.0,13.2,1.0,14.4,1.0,1.37,1.37,1.37,1.0
2014-01-13,0.0294,14.2,1.0,13.2,1.0,14.4,1.0,1.37,1.37,1.37,1.0
2014-01-20,0.0294,14.0,1.0,12.6,1.0,14.2,1.0,1.37,1.37,1.37,1.0
2014-01-27,0.0076,14.8,1.0,12.4,1.0,14.2,1.0,1.37,1.37,1.37,1.0
2014-02-03,-0.0295,14.2,1.0,12.8,1.0,14.2,1.0,1.37,1.37,1.37,1.0
2014-02-10,-0.0295,14.6,1.0,12.6,1.0,13.8,1.0,1.37,1.37,1.37,1.0
2014-02-17,-0.0295,14.0,1.0,12.6,1.0,14.4,1.0,1.37,1.37,1.37,1.0
2014-02-24,-0.0295,14.2,1.0,12.2,1.0,14.2,1.0,1.37,1.37,1.37,1.0
2014-03-03,-0.0764,14.0,1.0,12.6,1.0,14.0,1.0,1.37,1.37,1.37,1.0
2014-03-10,-0.0764,13.8,1.0,12.8,1.0,13.8,1.0,1.37,1.37,1.37,1.0
2014-03-17,-0.0764,13.8,1.0,12.8,1.0,13.6,1.0,1.37,1.37,1.37,1.0
2014-03-24,-0.0764,13.8,1.0,12.8,1.0,13.4,1.0,1.37,1.37,1.37,1.0
2014-03-31,-0.1044,14.2,1.0,12.2,1.0,13.4,1.0,1.37,1.37,1.37,1.0
2014-04-07,-0.1044,14.0,1.0,12.8,1.0,13.4,1.0,1.37,1.37,1.37,1.0
2014-04-14,-0.1044,14.4,1.0,12.4,1.0,13.0,1.0,1.37,1.37,1.37,1.0
2014-04-21,-0.1044,14.2,1.0,12.6,1.0,13.4,1.0,1.37,1.37,1.37,1.0
2014-04-28,-0.1085,14.2,1.0,12.4,1.0,13.4,1.0,1.37,1.37,1.37,1.0
2014-05-05,-0.1085,14.0,1.0,12.2,1.0,14.2,1.0,1.37,1.37,1.37,1.0
2014-05-12,-0.1085,14.0,1.0,12.0,1.0,14.2,1.0,1.37,1.37,1.37,1.0
2014-05-19,-0.1085,14.0,1.0,12.0,1.0,13.6,1.0,1.37,1.37,1.37,1.0
2014-05-26,-0.1085,13.8,1.0,12.2,1.0,14.0,1.0,1.37,1.37,1.37,1.0
2014-06-02,-0.086,13.8,1.0,11.8,1.0,13.6,1.0,1.37,1.37,1.37,1.0
2014-06-09,-0.086,13.6,1.0,12.0,1.0,13.6,1.0,1.37,1.37,1.37,1.0
2014-06-16,-0.086,13.8,1.0,12.0,1.0,13.4,1.0,1.37,1.37,1.37,1.0
2014-06-23,-0.086,13.4,1.0,12.0,1.0,13.6,1.0,1.37,1.37,1.37,1.0
2014-06-30,-0.0373,13.6,1.0,12.2,1.0,13.8,1.0,1.37,1.37,1.37,1.0
2014-07-07,-0.0373,12.8,1.0,12.4,1.0,13.2,1.0,1.37,1.37,1.37,1.0
2014-07-14,-0.0373,13.2,1.0,12.2,1.0,14.0,1.0,1.37,1.37,1.37,1.0
2014-07-21,-0.0373,12.8,1.0,12.2,1.0,13.6,1.0,1.37,1.37,1.37,1.0
2014-07-28,0.0404,13.2,1.0,12.4,1.0,13.4,1.0,1.37,1.37,1.37,1.0
2014-08-04,0.0404,12.4,1.0,11.8,1.0,13.8,1.0,1.37,1.37,1.37,1.0
2014-08-11,0.0404,12.8,1.0,12.2,1.0,13.4,1.0,1.37,1.37,1.37,1.0
2014-08-18,0.0404,13.0,1.0,11.8,1.0,13.8,1.0,1.37,1.37,1.37,1.0
2014-08-25,0.0404,13.2,1.0,12.2,1.0,14.0,1.0,1.37,1.37,1.37,1.0
2014-09-01,0.1351,12.8,1.0,12.4,1.0,13.8,1.0,1.37,1.37,1.37,1.0
2014-09-08,0.1351,12.8,1.0,12.2,1.0,13.6,1.0,1.37,1.37,1.37,1.0
2014-09-15,0.1351,12.4,1.0,12.0,1.0,13.4,1.0,1.37,1.37,1.37,1.0
2014-09-22,0.1351,13.0,1.0,12.2,1.0,13.8,1.0,1.37,1.37,1.37,1.0
2014-09-29,0.2329,12.6,1.0,12.2,1.0,13.6,1.0,1.37,1.37,1.37,1.0
2014-10-06,0.2329,12.4,1.0,12.2,1.0,13.6,1.0,1.37,1.37,1.37,1.0
2014-10-13,0.2329,12.2,1.0,12.4,1.0,13.2,1.0,1.37,1.37,1.37,1.0
2014-10-20,0.2329,12.6,1.0,12.0,1.0,13.4,1.0,1.37,1.37,1.37,1.0
2014-10-27,0.2585,12.4,1.0,12.6,1.0,13.6,1.0,1.37,1.37,1.37,1.0
2014-11-03,0.3241,12.8,1.0,12.0,1.0,13.2,1.0,1.37,1.37,1.37,1.0
2014-11-10,0.3241,12.4,1.0,12.4,1.0,13.4,1.0,1.37,1.37,1.37,1.0
2014-11-17,0.3241,12.6,1.0,12.0,1.0,13.2,1.0,1.37,1.37,1.37,1.0
2014-11-24,0.3241,12.2,1.0,12.6,1.0,13.6,1.0,1.37,1.37,1.37,1.0
2014-12-01,0.3888,12.8,1.0,12.0,1.0,13.4,1.0,1.37,1.37,1.37,1.0
2014-12-08,0.3888,12.8,1.0,12.6,1.0,13.4,1.0,1.37,1.37,1.37,1.0
2014-12-15,0.3888,13.0,1.0,12.2,1.0,14.0,1.0,1.37,1.37,1.37,1.0
2014-12-22,0.3888,12.6,1.0,12.2,1.0,13.6,1.0,1.37,1.37,1.37,1.0
2014-12-29,0.4184,12.6,1.0,12.0,1.0,14.2,1.0,1.37,1.37,1.37,1.0
2015-01-05,0.4184,12.8,1.0,12.2,1.0,13.6,1.0,1.37,1.37,1.37,1.0
2015-01-12,0.4184,13.4,1.0,12.2,1.0,13.6,1.0,1.37,1.37,1.37,1.0
2015-01-19,0.4184,13.6,1.0,12.6,1.0,13.6,1.0,1.37,1.37,1.37,1.0
2015-01-26,0.4184,12.8,1.0,12.2,1.0,13.0,1.0,1.37,1.37,1.37,1.0
2015-02-02,0.4081,12.8,1.0,12.4,1.0,13.4,1.0,1.37,1.37,1.37,1.0
2015-02-09,0.4081,13.0,1.0,12.2,1.0,13.2,1.0,1.37,1.37,1.37,1.0
2015-02-16,0.4081,13.8,1.0,12.0,1.0,13.4,1.0,1.37,1.37,1.37,1.0
2015-02-23,0.4081,13.4,1.0,12.4,1.0,13.6,1.0,1.37,1.37,1.37,1.0
2015-03-02,0.3662,13.2,1.0,12.2,1.0,14.0,1.0,1.37,1.37,1.37,1.0
2015-03-09,0.3662,12.4,1.0,12.6,1.0,14.0,1.0,1.37,1.37,1.37,1.0
2015-03-16,0.3662,12.6,1.0,12.2,1.0,14.0,1.0,1.37,1.37,1.37,1.0
2015-03-23,0.3662,12.8,1.0,12.4,1.0,13.8,1.0,1.37,1.37,1.37,1.0
2015-03-30,0.3167,13.0,1.0,12.8,1.0,13.8,1.0,1.37,1.37,1.37,1.0
2015-04-06,0.3167,12.8,1.0,12.0,1.0,14.2,1.0,1.37,1.37,1.37,1.0
2015-04-13,0.3167,12.8,1.0,12.4,1.0,13.8,1.0,1.37,1.37,1.37,1.0
2015-04-20,0.3167,13.6,1.0,12.2,1.0,13.6,1.0,1.37,1.37,1.37,1.0
2015-04-27,0.3017,14.4,1.0,12.6,1.0,13.6,1.0,1.37,1.37,1.37,1.0
2015-05-04,0.2604,14.4,1.0,13.0,1.0,13.8,1.0,1.37,1.37,1.37,1.0
2015-05-11,0.2604,14.2,1.0,12.6,1.0,13.6,1.0,1.37,1.37,1.37,1.0
2015-05-18,0.2604,14.6,1.0,12.6,1.0,13.8,1.0,1.37,1.37,1.37,1.0
2015-05-25,0.2604,14.2,1.0,12.6,1.0,13.4,1.0,1.37,1.37,1.37,1.0
2015-06-01,0.1836,14.8,1.0,13.0,1.0,14.0,1.0,1.37,1.37,1.37,1.0
2015-06-08,0.1836,14.6,1.0,12.8,1.0,13.2,1.0,1.37,1.37,1.37,1.0
2015-06-15,0.1836,14.8,1.0,12.6,1.0,13.4,1.0,1.37,1.37,1.37,1.0
2015-06-22,0.1836,14.4,1.0,12.4,1.0,12.8,1.0,1.37,1.37,1.37,1.0
2015-06-29,0.0726,14.4,1.0,12.4,1.0,13.2,1.0,1.37,1.37,1.37,1.0
2015-07-06,0.0726,14.0,1.0,12.4,1.0,14.0,1.0,1.37,1.37,1.37,1.0
2015-07-13,0.0726,14.0,1.0,12.6,1.0,13.2,1.0,1.37,1.37,1.37,1.0
2015-07-20,0.0726,14.0,1.0,12.4,1.0,13.2,1.0,1.37,1.37,1.37,1.0
2015-07-27,-0.0205,14.2,1.0,12.4,1.0,13.6,1.0,1.37,1.37,1.37,1.0
2015-08-03,-0.0789,14.4,1.0,12.6,1.0,13.2,1.0,1.37,1.37,1.37,1.0
2015-08-10,-0.0789,14.4,1.0,12.6,1.0,12.8,1.0,1.37,1.37,1.37,1.0
2015-08-17,-0.0789,14.0,1.0,12.8,1.0,13.2,1.0,1.37,1.37,1.37,1.0
2015-08-24,-0.0789,14.6,1.0,12.0,1.0,12.2,1.0,1.37,1.37,1.37,1.0
2015-08-31,-0.2489,14.0,1.0,12.0,1.0,11.6,1.0,1.37,1.37,1.37,1.0
2015-09-07,-0.2489,13.8,1.0,12.0,1.0,12.4,1.0,1.37,1.37,1.37,1.0
2015-09-14,-0.2489,13.4,1.0,12.0,1.0,12.0,1.0,1.37,1.37,1.37,1.0
2015-09-21,-0.2489,13.4,1.0,11.8,1.0,12.4,1.0,1.37,1.37,1.37,1.0
2015-09-28,-0.4099,13.4,1.0,12.2,1.0,12.0,1.0,1.37,1.37,1.37,1.0
2015-10-05,-0.4099,13.4,1.0,12.6,1.0,12.4,1.0,1.37,1.37,1.37,1.0
2015-10-12,-0.4099,13.0,1.0,12.8,1.0,12.4,1.0,1.37,1.37,1.37,1.0
2015-10-19,-0.4099,13.6,1.0,12.2,1.0,12.6,1.0,1.37,1.37,1.37,1.0
2015-10-26,-0.4099,14.0,1.0,12.6,1.0,12.4,1.0,1.37,1.37,1.37,1.0
2015-11-02,-0.5375,13.2,1.0,12.8,1.0,12.8,1.0,1.37,1.37,1.37,1.0
2015-11-09,-0.5375,13.6,1.0,13.0,1.0,12.4,1.0,1.37,1.37,1.37,1.0
2015-11-16,-0.5375,13.8,1.0,12.8,1.0,12.4,1.0,1.37,1.37,1.37,1.0
2015-11-23,-0.5375,14.4,1.0,12.8,1.0,12.8,1.0,1.37,1.37,1.37,1.0
2015-11-30,-0.6157,14.0,1.0,12.8,1.0,13.2,1.0,1.37,1.37,1.37,1.0
2015-12-07,-0.6157,14.0,1.0,13.2,1.0,12.8,1.0,1.37,1.37,1.37,1.0
2015-12-14,-0.6157,14.4,1.0,12.8,1.0,13.2,1.0,1.37,1.37,1.37,1.0
2015-12-21,-0.6157,14.8,1.0,12.8,1.0,13.0,1.0,1.37,1.37,1.37,1.0
2015-12-28,-0.65,14.4,1.0,12.4,1.0,13.6,1.0,1.37,1.37,1.37,1.0
2016-01-04,-0.65,14.8,1.0,13.0,1.0,13.2,1.0,1.37,1.37,1.37,1.0
2016-01-11,-0.65,14.2,1.0,13.2,1.0,13.6,1.0,1.37,1.37,1.37,1.0
2016-01-18,-0.65,14.2,1.0,13.0,1.0,13.6,1.0,1.37,1.37,1.37,1.0
2016-01-25,-0.65,14.2,1.0,13.2,1.0,13.0,1.0,1.37,1.37,1.37,1.0
2016-02-01,-0.6527,14.2,1.0,13.6,1.0,13.6,1.0,1.37,1.37,1.37,1.0
2016-02-08,-0.6527,14.2,1.0,13.4,1.0,13.0,1.0,1.37,1.37,1.37,1.0
2016-02-15,-0.6527,14.2,1.0,13.6,1.0,13.0,1.0,1.37,1.37,1.37,1.0
2016-02-22,-0.6527,14.6,1.0,13.2,1.0,13.2,1.0,1.37,1.37,1.37,1.0
2016-02-29,-0.6475,14.8,1.0,13.0,1.0,13.4,1.0,1.37,1.37,1.37,1.0
2016-03-07,-0.6475,15.0,1.0,13.8,1.0,13.2,1.0,1.37,1.37,1.37,1.0
2016-03-14,-0.6475,15.4,1.0,14.0,1.0,13.0,1.0,1.37,1.37,1.37,1.0
2016-03-21,-0.6475,14.8,1.0,13.6,1.0,13.0,1.0,1.37,1.37,1.37,1.0
2016-03-28,-0.6582,15.2,1.0,13.4,1.0,13.0,1.0,1.37,1.37,1.37,1.0
2016-04-04,-0.6582,15.6,1.0,13.4,1.0,13.0,1.0,1.37,1.37,1.37,1.0
2016-04-11,-0.6582,15.8,1.0,13.8,1.0,13.2,1.0,1.37,1.37,1.37,1.0
2016-04-18,-0.6582,15.4,1.0,13.4,1.0,12.6,1.0,1.37,1.37,1.37,1.0
2016-04-25,-0.6582,15.4,1.0,13.2,1.0,12.6,1.0,1.37,1.37,1.37,1.0
2016-05-02,-0.6846,15.0,1.0,13.0,1.0,12.6,1.0,1.37,1.37,1.37,1.0
2016-05-09,-0.6846,15.2,1.0,13.2,1.0,13.2,1.0,1.37,1.37,1.37,1.0
2016-05-16,-0.6846,15.2,1.0,13.8,1.0,12.8,1.0,1.37,1.37,1.37,1.0
2016-05-23,-0.6846,15.0,1.0,13.4,1.0,13.4,1.0,1.37,1.37,1.37,1.0
2016-05-30,-0.7101,15.0,1.0,13.0,1.0,13.2,1.0,1.37,1.37,1.37,1.0
2016-06-06,-0.7101,14.8,1.0,12.6,1.0,13.2,1.0,1.37,1.37,1.37,1.0
2016-06-13,-0.7101,15.2,1.0,13.0,1.0,13.6,1.0,1.37,1.37,1.37,1.0
2016-06-20,-0.7101,15.6,1.0,13.0,1.0,13.2,1.0,1.37,1.37,1.37,1.0
2016-06-27,-0.6697,15.6,1.0,12.8,1.0,13.4,1.0,1.37,1.37,1.37,1.0
2016-07-04,-0.7152,15.4,1.0,13.0,1.0,12.8,1.0,1.37,1.37,1.37,1.0
2016-07-11,-0.7152,15.2,1.0,12.4,1.0,13.2,1.0,1.37,1.37,1.37,1.0
2016-07-18,-0.7152,15.6,1.0,13.4,1.0,13.4,1.0,1.37,1.37,1.37,1.0
2016-07-25,-0.7152,15.2,1.0,12.8,1.0,13.2,1.0,1.37,1.37,1.37,1.0
2016-08-01,-0.687,15.0,1.0,13.0,1.0,13.0,1.0,1.37,1.37,1.37,1.0
2016-08-08,-0.687,14.8,1.0,12.6,1.0,13.2,1.0,1.37,1.37,1.37,1.0
2016-08-15,-0.687,15.2,1.0,12.2,1.0,13.4,1.0,1.37,1.37,1.37,1.0
2016-08-22,-0.687,15.6,1.0,12.6,1.0,13.0,1.0,1.37,1.37,1.37,1.0
2016-08-29,-0.6306,15.2,1.0,12.8,1.0,13.4,1.0,1.37,1.37,1.37,1.0
2016-09-05,-0.6306,15.2,1.0,13.0,1.0,13.8,1.0,1.37,1.37,1.37,1.0
2016-09-12,-0.6306,15.8,1.0,13.0,1.0,13.2,1.0,1.37,1.37,1.37,1.0
2016-09-19,-0.6306,15.8,1.0,12.6,1.0,13.4,1.0,1.37,1.37,1.37,1.0
2016-09-26,-0.5579,15.4,1.0,13.2,1.0,13.4,1.0,1.37,1.37,1.37,1.0
2016-10-03,-0.5529,15.6,1.0,13.2,1.0,13.4,1.0,1.37,1.37,1.37,1.0
2016-10-10,-0.5529,15.2,1.0,13.4,1.0,13.2,1.0,1.37,1.37,1.37,1.0
2016-10-17,-0.5529,15.6,1.0,12.6,1.0,13.0,1.0,1.37,1.37,1.37,1.0
2016-10-24,-0.5529,16.0,1.0,12.6,1.0,13.0,1.0,1.37,1.37,1.37,1.0
2016-10-31,-0.4751,15.6,1.0,12.8,1.0,13.0,1.0,1.37,1.37,1.37,1.0
2016-11-07,-0.4751,15.6,1.0,13.0,1.0,13.0,1.0,1.37,1.37,1.37,1.0
2016-11-14,-0.4751,15.4,1.0,12.8,1.0,13.0,1.0,1.37,1.37,1.37,1.0
2016-11-21,-0.4751,15.8,1.0,12.8,1.0,13.2,1.0,1.37,1.37,1.37,1.0
2016-11-28,-0.4075,16.0,1.0,12.8,1.0,13.0,1.0,1.37,1.37,1.37,1.0
2016-12-05,-0.4075,15.4,1.0,13.0,1.0,13.0,1.0,1.37,1.37,1.37,1.0
2016-12-12,-0.4075,15.8,1.0,13.2,1.0,14.0,1.0,1.37,1.37,1.37,1.0
2016-12-19,-0.4075,15.0,1.0,13.0,1.0,13.2,1.0,1.37,1.37,1.37,1.0
2016-12-26,-0.3616,15.4,1.0,12.8,1.0,13.4,1.0,1.37,1.37,1.37,1.0
2017-01-02,-0.3519,15.0,1.0,13.4,1.0,13.0,1.0,1.37,1.37,1.37,1.0
2017-01-09,-0.3519,15.4,1.0,13.0,1.0,13.4,1.0,1.37,1.37,1.37,1.0
2017-01-16,-0.3519,15.0,1.0,12.8,1.0,12.6,1.0,1.37,1.37,1.37,1.0
2017-01-23,-0.3519,14.8,1.0,12.6,1.0,12.0,1.0,1.37,1.37,1.37,1.0
2017-01-30,-0.3036,15.2,1.0,12.4,1.0,12.8,1.0,1.37,1.37,1.37,1.0
2017-02-06,-0.3036,14.4,1.0,13.0,1.0,12.2,1.0,1.37,1.37,1.37,1.0
2017-02-13,-0.3036,15.0,1.0,13.0,1.0,12.4,1.0,1.37,1.37,1.37,1.0
2017-02-20,-0.3036,14.0,1.0,12.8,1.0,12.4,1.0,1.37,1.37,1.37,1.0
2017-02-27,-0.2406,14.4,1.0,12.4,1.0,12.4,1.0,1.37,1.37,1.37,1.0
2017-03-06,-0.2641,13.8,1.0,12.4,1.0,12.6,1.0,1.37,1.37,1.37,1.0
2017-03-13,-0.2641,14.0,1.0,12.8,1.0,12.8,1.0,1.37,1.37,1.37,1.0
2017-03-20,-0.2641,14.0,1.0,12.4,1.0,13.2,1.0,1.37,1.37,1.37,1.0
2017-03-27,-0.194,14.0,1.0,12.6,1.0,13.0,1.0,1.37,1.37,1.37,1.0
2017-04-03,-0.247,14.0,1.0,12.0,1.0,13.0,1.0,1.37,1.37,1.37,1.0
2017-04-10,-0.247,13.8,1.0,11.8,1.0,13.2,1.0,1.37,1.37,1.37,1.0
2017-04-17,-0.247,13.8,1.0,12.6,1.0,14.0,1.0,1.37,1.37,1.37,1.0
2017-04-24,-0.247,14.2,1.0,12.6,1.0,13.0,1.0,1.37,1.37,1.37,1.0
2017-05-01,-0.2404,13.8,1.0,12.4,1.0,13.4,1.0,1.37,1.37,1.37,1.0
2017-05-08,-0.2404,14.0,1.0,12.6,1.0,13.2,1.0,1.37,1.37,1.37,1.0
2017-05-15,-0.2404,14.6,1.0,13.4,1.0,14.0,1.0,1.37,1.37,1.37,1.0
2017-05-22,-0.2404,14.6,1.0,13.2,1.0,13.8,1.0,1.37,1.37,1.37,1.0
2017-05-29,-0.2188,15.4,1.0,13.6,1.0,13.6,1.0,1.37,1.37,1.37,1.0
2017-06-05,-0.2188,14.8,1.0,13.4,1.0,13.6,1.0,1.37,1.37,1.37,1.0
2017-06-12,-0.2188,14.8,1.0,13.2,1.0,13.4,1.0,1.37,1.37,1.37,1.0
2017-06-19,-0.2188,15.6,1.0,13.2,1.0,14.0,1.0,1.37,1.37,1.37,1.0
2017-06-26,-0.2188,15.4,1.0,12.8,1.0,13.4,1.0,1.37,1.37,1.37,1.0
2017-07-03,-0.1589,15.8,1.0,13.2,1.0,13.6,1.0,1.37,1.37,1.37,1.0
2017-07-10,-0.1589,15.2,1.0,13.0,1.0,13.4,1.0,1.37,1.37,1.37,1.0
2017-07-17,-0.1589,14.8,1.0,13.0,1.0,13.6,1.0,1.37,1.37,1.37,1.0
2017-07-24,-0.1589,15.0,1.0,13.0,1.0,13.4,1.0,1.37,1.37,1.37,1.0
2017-07-31,-0.0581,14.6,1.0,13.0,1.0,13.4,1.0,1.37,1.37,1.37,1.0
2017-08-07,-0.0581,15.0,1.0,12.8,1.0,13.6,1.0,1.37,1.37,1.37,1.0
2017-08-14,-0.0581,14.8,1.0,12.8,1.0,13.4,1.0,1.37,1.37,1.37,1.0
2017-08-21,-0.0581,14.4,1.0,12.6,1.0,13.4,1.0,1.37,1.37,1.37,1.0
2017-08-28,0.0753,14.8,1.0,13.2,1.0,13.6,1.0,1.37,1.37,1.37,1.0
2017-09-04,0.0753,14.8,1.0,12.4,1.0,13.2,1.0,1.37,1.37,1.37,1.0
2017-09-11,0.0753,14.8,1.0,12.0,1.0,13.4,1.0,1.37,1.37,1.37,1.0
2017-09-18,0.0753,14.8,1.0,12.4,1.0,13.0,1.0,1.37,1.37,1.37,1.0
2017-09-25,0.0753,14.8,1.0,12.0,1.0,13.4,1.0,1.37,1.37,1.37,1.0
2017-10-02,0.218,14.8,1.0,12.2,1.0,13.0,1.0,1.37,1.37,1.37,1.0
2017-10-09,0.218,14.2,1.0,11.8,1.0,12.8,1.0,1.37,1.37,1.37,1.0
2017-10-16,0.218,15.0,1.0,12.2,1.0,12.8,1.0,1.37,1.37,1.37,1.0
2017-10-23,0.218,14.4,1.0,11.6,1.0,13.0,1.0,1.37,1.37,1.37,1.0
2017-10-30,0.3564,14.6,1.0,12.0,1.0,12.6,1.0,1.37,1.37,1.37,1.0
2017-11-06,0.3564,14.2,1.0,11.8,1.0,13.0,1.0,1.37,1.37,1.37,1.0
2017-11-13,0.3564,14.0,1.0,12.2,1.0,13.0,1.0,1.37,1.37,1.37,1.0
2017-11-20,0.3564,14.2,1.0,12.4,1.0,13.2,1.0,1.37,1.37,1.37,1.0
2017-11-27,0.3394,14.8,1.0,12.0,1.0,13.0,1.0,1.37,1.37,1.37,1.0
2017-12-04,0.4834,14.4,1.0,12.0,1.0,13.2,1.0,1.37,1.37,1.37,1.0
2017-12-11,0.4834,14.2,1.0,12.8,1.0,12.8,1.0,1.37,1.37,1.37,1.0
2017-12-18,0.4834,14.0,1.0,12.4,1.0,12.8,1.0,1.37,1.37,1.37,1.0
2017-12-25,0.4834,14.2,1.0,12.4,1.0,13.2,1.0,1.37,1.37,1.37,1.0
2018-01-01,0.589,14.6,1.0,12.2,1.0,12.6,1.0,1.37,1.37,1.37,1.0
2018-01-08,0.589,14.6,1.0,12.2,1.0,12.6,1.0,1.37,1.37,1.37,1.0
2018-01-15,0.589,14.8,1.0,12.6,1.0,12.4,1.0,1.37,1.37,1.37,1.0
2018-01-22,0.589,14.6,1.0,12.2,1.0,12.4,1.0,1.37,1.37,1.37,1.0
2018-01-29,0.664,15.6,1.0,12.6,1.0,13.4,1.0,1.37,1.37,1.37,1.0
2018-02-05,0.664,15.4,1.0,12.8,1.0,13.0,1.0,1.37,1.37,1.37,1.0
2018-02-12,0.664,15.0,1.0,12.8,1.0,12.8,1.0,1.37,1.37,1.37,1.0
2018-02-19,0.664,14.6,1.0,12.0,1.0,12.0,1.0,1.37,1.37,1.37,1.0
2018-02-26,0.664,15.0,1.0,12.8,1.0,12.8,1.0,1.37,1.37,1.37,1.0
2018-03-05,0.723,15.0,1.0,12.8,1.0,12.8,1.0,1.37,1.37,1.37,1.0
2018-03-12,0.723,15.2,1.0,13.0,1.0,12.8,1.0,1.37,1.37,1.37,1.0
2018-03-19,0.723,14.8,1.0,12.8,1.0,12.4,1.0,1.37,1.37,1.37,1.0
2018-03-26,0.723,14.0,1.0,12.2,1.0,12.8,1.0,1.37,1.37,1.37,1.0
2018-04-02,0.7704,14.4,1.0,13.2,1.0,12.8,1.0,1.37,1.37,1.37,1.0
2018-04-09,0.7704,14.2,1.0,12.6,1.0,13.0,1.0,1.37,1.37,1.37,1.0
2018-04-16,0.7704,14.6,1.0,12.4,1.0,13.0,1.0,1.37,1.37,1.37,1.0
2018-04-23,0.7704,14.4,1.0,12.4,1.0,12.6,1.0,1.37,1.37,1.37,1.0
2018-04-30,0.7922,14.6,1.0,12.2,1.0,12.4,1.0,1.37,1.37,1.37,1.0
2018-05-07,0.7922,15.0,1.0,12.6,1.0,13.0,1.0,1.37,1.37,1.37,1.0
2018-05-14,0.7922,14.8,1.0,12.6,1.0,12.8,1.0,1.37,1.37,1.37,1.0
2018-05-21,0.7922,14.6,1.0,12.4,1.0,13.0,1.0,1.37,1.37,1.37,1.0
2018-05-28,0.7724,14.2,1.0,12.6,1.0,12.6,1.0,1.37,1.37,1.37,1.0
2018-06-04,0.7724,14.4,1.0,12.4,1.0,12.8,1.0,1.37,1.37,1.37,1.0
2018-06-11,0.7724,14.4,1.0,11.8,1.0,12.6,1.0,1.37,1.37,1.37,1.0
2018-06-18,0.7724,14.2,1.0,12.0,1.0,12.8,1.0,1.37,1.37,1.37,1.0
2018-06-25,0.7724,14.2,1.0,11.2,1.0,13.0,1.0,1.37,1.37,1.37,1.0
2018-07-02,0.7027,14.4,1.0,11.6,1.0,12.8,1.0,1.37,1.37,1.37,1.0
2018-07-09,0.7027,14.0,1.0,12.0,1.0,12.6,1.0,1.37,1.37,1.37,1.0
2018-07-16,0.7027,14.0,1.0,12.0,1.0,12.6,1.0,1.37,1.37,1.37,1.0
2018-07-23,0.7027,14.2,1.0,12.2,1.0,12.4,1.0,1.37,1.37,1.37,1.0
2018-07-30,0.5755,14.6,1.0,12.0,1.0,12.4,1.0,1.37,1.37,1.37,1.0
2018-08-06,0.5755,14.8,1.0,12.0,1.0,12.8,1.0,1.37,1.37,1.37,1.0
2018-08-13,0.5755,14.6,1.0,12.6,1.0,12.4,1.0,1.37,1.37,1.37,1.0
2018-08-20,0.5755,14.8,1.0,12.4,1.0,12.6,1.0,1.37,1.37,1.37,1.0
2018-08-27,0.456,14.2,1.0,12.2,1.0,12.2,1.0,1.37,1.37,1.37,1.0
2018-09-03,0.3909,14.6,1.0,12.0,1.0,12.4,1.0,1.37,1.37,1.37,1.0
2018-09-10,0.3909,14.8,1.0,12.2,1.0,12.0,1.0,1.37,1.37,1.37,1.0
2018-09-17,0.3909,14.2,1.0,12.8,1.0,11.6,1.0,1.37,1.37,1.37,1.0
2018-09-24,0.3909,14.6,1.0,12.8,1.0,12.0,1.0,1.37,1.37,1.37,1.0
2018-10-01,0.1672,14.0,1.0,12.6,1.0,12.0,1.0,1.37,1.37,1.37,1.0
2018-10-08,0.1672,14.6,1.0,12.4,1.0,11.8,1.0,1.37,1.37,1.37,1.0
2018-10-15,0.1672,14.6,1.0,12.0,1.0,12.0,1.0,1.37,1.37,1.37,1.0
2018-10-22,0.1672,14.4,1.0,12.0,1.0,11.4,1.0,1.37,1.37,1.37,1.0
2018-10-29,-0.0727,14.2,1.0,11.8,1.0,11.6,1.0,1.37,1.37,1.37,1.0
2018-11-05,-0.0727,14.4,1.0,12.2,1.0,11.4,1.0,1.37,1.37,1.37,1.0
2018-11-12,-0.0727,15.2,1.0,12.2,1.0,11.8,1.0,1.37,1.37,1.37,1.0
2018-11-19,-0.0727,15.4,1.0,12.2,1.0,11.4,1.0,1.37,1.37,1.37,1.0
2018-11-26,-0.0727,15.6,1.0,12.2,1.0,11.4,1.0,1.37,1.37,1.37,1.0
2018-12-03,-0.3093,15.4,1.0,12.6,1.0,11.4,1.0,1.37,1.37,1.37,1.0
2018-12-10,-0.3093,15.4,1.0,12.2,1.0,11.4,1.0,1.37,1.37,1.37,1.0
2018-12-17,-0.3093,16.0,1.0,11.6,1.0,11.4,1.0,1.37,1.37,1.37,1.0
2018-12-24,-0.3093,15.6,1.0,12.4,1.0,12.0,1.0,1.37,1.37,1.37,1.0
2018-12-31,-0.5176,15.8,1.0,11.8,1.0,11.4,1.0,1.37,1.37,1.37,1.0
2019-01-07,-0.5176,15.4,1.0,12.2,1.0,12.2,1.0,1.37,1.37,1.37,1.0
2019-01-14,-0.5176,15.4,1.0,12.0,1.0,11.8,1.0,1.37,1.37,1.37,1.0
2019-01-21,-0.5176,15.8,1.0,12.2,1.0,12.0,1.0,1.37,1.37,1.37,1.0
2019-01-28,-0.6777,15.8,1.0,12.0,1.0,11.4,1.0,1.37,1.37,1.37,1.0
2019-02-04,-0.6777,16.2,1.0,12.0,1.0,12.0,1.0,1.37,1.37,1.37,1.0
2019-02-11,-0.6777,15.2,1.0,12.0,1.0,12.4,1.0,1.37,1.37,1.37,1.0
2019-02-18,-0.6777,15.4,1.0,12.2,1.0,12.0,1.0,1.37,1.37,1.37,1.0
2019-02-25,-0.6777,15.0,1.0,11.8,1.0,12.0,1.0,1.37,1.37,1.37,1.0
2019-03-04,-0.7852,15.6,1.0,12.0,1.0,12.0,1.0,1.37,1.37,1.37,1.0
2019-03-11,-0.7852,15.4,1.0,11.8,1.0,12.2,1.0,1.37,1.37,1.37,1.0
2019-03-18,-0.7852,15.0,1.0,12.0,1.0,12.4,1.0,1.37,1.37,1.37,1.0
2019-03-25,-0.7852,14.6,1.0,11.8,1.0,12.0,1.0,1.37,1.37,1.37,1.0
2019-04-01,-0.8367,14.6,1.0,11.8,1.0,11.8,1.0,1.37,1.37,1.37,1.0
2019-04-08,-0.8367,15.4,1.0,12.2,1.0,11.8,1.0,1.37,1.37,1.37,1.0
2019-04-15,-0.8367,15.0,1.0,12.6,1.0,12.2,1.0,1.37,1.37,1.37,1.0
2019-04-22,-0.8367,15.0,1.0,12.2,1.0,12.0,1.0,1.37,1.37,1.37,1.0
2019-04-29,-0.8437,14.8,1.0,12.0,1.0,12.4,1.0,1.37,1.37,1.37,1.0
2019-05-06,-0.8437,14.6,1.0,12.0,1.0,11.6,1.0,1.37,1.37,1.37,1.0
2019-05-13,-0.8437,14.8,1.0,12.2,1.0,12.2,1.0,1.37,1.37,1.37,1.0
2019-05-20,-0.8437,15.0,1.0,12.4,1.0,11.8,1.0,1.37,1.37,1.37,1.0
2019-05-27,-0.7866,14.6,1.0,12.6,1.0,12.6,1.0,1.37,1.37,1.37,1.0
2019-06-03,-0.8286,14.2,1.0,12.4,1.0,12.6,1.0,1.37,1.37,1.37,1.0
2019-06-10,-0.8286,13.6,1.0,11.8,1.0,11.8,1.0,1.37,1.37,1.37,1.0
2019-06-17,-0.8286,13.8,1.0,12.0,1.0,11.8,1.0,1.37,1.37,1.37,1.0
2019-06-24,-0.8286,14.0,1.0,11.8,1.0,12.2,1.0,1.37,1.37,1.37,1.0
2019-07-01,-0.8139,14.0,1.0,11.8,1.0,13.2,1.0,1.37,1.37,1.37,1.0
2019-07-08,-0.8139,13.8,1.0,11.6,1.0,12.4,1.0,1.37,1.37,1.37,1.0
2019-07-15,-0.8139,13.4,1.0,11.6,1.0,12.0,1.0,1.37,1.37,1.37,1.0
2019-07-22,-0.8139,13.6,1.0,11.0,1.0,11.8,1.0,1.37,1.37,1.37,1.0
2019-07-29,-0.7931,14.0,1.0,12.0,1.0,11.6,1.0,1.37,1.37,1.37,1.0
2019-08-05,-0.7931,13.8,1.0,11.0,1.0,12.8,1.0,1.37,1.37,1.37,1.0
2019-08-12,-0.7931,13.8,1.0,11.2,1.0,13.2,1.0,1.37,1.37,1.37,1.0
2019-08-19,-0.7931,13.2,1.0,11.2,1.0,12.8,1.0,1.37,1.37,1.37,1.0
2019-08-26,-0.7931,13.8,1.0,11.2,1.0,12.8,1.0,1.37,1.37,1.37,1.0
2019-09-02,-0.7612,13.6,1.0,11.8,1.0,12.6,1.0,1.37,1.37,1.37,1.0
2019-09-09,-0.7612,13.6,1.0,11.8,1.0,12.6,1.0,1.37,1.37,1.37,1.0
2019-09-16,-0.7612,13.8,1.0,11.4,1.0,13.4,1.0,1.37,1.37,1.37,1.0
2019-09-23,-0.7612,13.2,1.0,11.4,1.0,13.8,1.0,1.37,1.37,1.37,1.0
2019-09-30,-0.7127,13.6,1.0,11.6,1.0,13.4,1.0,1.37,1.37,1.37,1.0
2019-10-07,-0.7127,13.8,1.0,11.8,1.0,13.6,1.0,1.37,1.37,1.37,1.0
2019-10-14,-0.7127,13.6,1.0,11.6,1.0,13.4,1.0,1.37,1.37,1.37,1.0
2019-10-21,-0.7127,13.4,1.0,11.4,1.0,14.0,1.0,1.37,1.37,1.37,1.0
2019-10-28,-0.6482,13.8,1.0,11.8,1.0,14.2,1.0,1.37,1.37,1.37,1.0
2019-11-04,-0.6482,14.6,1.0,12.0,1.0,14.0,1.0,1.37,1.37,1.37,1.0
2019-11-11,-0.6482,14.4,1.0,12.0,1.0,14.0,1.0,1.37,1.37,1.37,1.0
2019-11-18,-0.6482,14.6,1.0,11.8,1.0,13.6,1.0,1.37,1.37,1.37,1.0
2019-11-25,-0.6482,14.8,1.0,11.8,1.0,13.4,1.0,1.37,1.37,1.37,1.0
2019-12-02,-0.5857,14.4,1.0,12.0,1.0,13.6,1.0,1.37,1.37,1.37,1.0
2019-12-09,-0.5857,15.2,1.0,11.8,1.0,13.8,1.0,1.37,1.37,1.37,1.0
2019-12-16,-0.5857,14.2,1.0,12.2,1.0,13.4,1.0,1.37,1.37,1.37,1.0
2019-12-23,-0.5857,14.6,1.0,11.8,1.0,13.8,1.0,1.37,1.37,1.37,1.0
2019-12-30,-0.5454,14.2,1.0,12.4,1.0,13.2,1.0,1.37,1.37,1.37,1.0
2020-01-06,-0.5454,14.2,1.0,12.0,1.0,13.2,1.0,1.37,1.37,1.37,1.0
2020-01-13,-0.5454,14.6,1.0,11.8,1.0,13.2,1.0,1.37,1.37,1.37,1.0
2020-01-20,-0.5454,14.6,1.0,11.8,1.0,12.8,1.0,1.37,1.37,1.37,1.0
2020-01-27,-0.4585,14.8,1.0,11.2,1.0,12.8,1.0,1.37,1.37,1.37,1.0
2020-02-03,-0.5372,14.8,1.0,11.6,1.0,12.8,1.0,1.37,1.37,1.37,1.0
2020-02-10,-0.5372,14.6,1.0,11.6,1.0,13.4,1.0,1.37,1.37,1.37,1.0
2020-02-17,-0.5372,14.4,1.0,11.6,1.0,13.2,1.0,1.37,1.37,1.37,1.0
2020-02-24,-0.5372,14.4,1.0,11.6,1.0,12.8,1.0,1.37,1.37,1.37,1.0
2020-03-02,-0.5631,14.0,1.0,11.2,1.0,13.0,1.0,1.37,1.37,1.37,1.0
2020-03-09,-0.5631,14.4,1.0,12.0,1.0,13.2,1.0,1.37,1.37,1.37,1.0
2020-03-16,-0.5631,14.4,1.0,12.0,1.0,13.2,1.0,1.37,1.37,1.37,1.0
2020-03-23,-0.5631,14.2,1.0,11.8,1.0,13.4,1.0,1.37,1.37,1.37,1.0
2020-03-30,-0.6014,13.4,1.0,12.0,1.0,13.0,1.0,1.37,1.37,1.37,1.0
2020-04-06,-0.6014,13.4,1.0,11.6,1.0,13.6,1.0,1.37,1.37,1.37,1.0
2020-04-13,-0.6014,13.0,1.0,12.4,1.0,13.8,1.0,1.37,1.37,1.37,1.0
2020-04-20,-0.6014,14.0,1.0,11.8,1.0,14.4,1.0,1.37,1.37,1.37,1.0
2020-04-27,-0.5551,14.4,1.0,12.4,1.0,14.8,1.0,1.37,1.37,1.37,1.0
2020-05-04,-2.4461,14.4,1.0,12.8,1.0,14.8,1.0,1.37,1.37,1.37,1.0
2020-05-11,-2.4461,14.2,1.0,13.0,1.0,14.8,1.0,1.37,1.37,1.37,1.0
2020-05-18,-2.4461,13.8,1.0,13.8,1.0,15.0,1.0,1.37,1.37,1.37,1.0
2020-05-25,-2.4461,14.6,1.0,13.8,1.0,15.0,1.0,1.37,1.37,1.37,1.0
2020-06-01,-5.4959,14.0,1.0,13.6,1.0,14.4,1.0,1.37,1.37,1.37,1.0
2020-06-08,-5.4959,13.8,1.0,13.8,1.0,14.4,1.0,1.37,1.37,1.37,1.0
2020-06-15,-5.4959,13.8,1.0,14.2,1.0,14.4,1.0,1.37,1.37,1.37,1.0
2020-06-22,-5.4959,14.2,1.0,14.8,1.0,14.4,1.0,1.37,1.37,1.37,1.0
2020-06-29,-4.7225,14.6,1.0,14.4,1.0,14.6,1.0,1.37,1.37,1.37,1.0
2020-07-06,-4.7225,14.8,1.0,14.4,1.0,14.2,1.0,1.37,1.37,1.37,1.0
2020-07-13,-4.7225,14.4,1.0,14.4,1.0,13.8,1.0,1.37,1.37,1.37,1.0
2020-07-20,-4.7225,14.4,1.0,15.0,1.0,14.6,1.0,1.37,1.37,1.37,1.0
2020-07-27,-4.6867,14.8,1.0,15.2,1.0,14.6,1.0,1.37,1.37,1.37,1.0
2020-08-03,-2.6919,14.8,1.0,14.8,1.0,14.0,1.0,1.37,1.37,1.37,1.0
2020-08-10,-2.6919,14.4,1.0,14.8,1.0,14.2,1.0,1.37,1.37,1.37,1.0
2020-08-17,-2.6919,14.6,1.0,15.2,1.0,14.2,1.0,1.37,1.37,1.37,1.0
2020-08-24,-2.6919,14.2,1.0,14.8,1.0,14.0,1.0,1.37,1.37,1.37,1.0
2020-08-31,-1.79,14.4,1.0,15.0,1.0,14.2,1.0,1.37,1.37,1.37,1.0
2020-09-07,-1.79,14.0,1.0,15.4,1.0,14.6,1.0,1.37,1.37,1.37,1.0
2020-09-14,-1.79,14.2,1.0,14.8,1.0,13.6,1.0,1.37,1.37,1.37,1.0
2020-09-21,-1.79,14.8,1.0,14.8,1.0,14.0,1.0,1.37,1.37,1.37,1.0
2020-09-28,-0.611,13.8,1.0,15.0,1.0,14.6,1.0,1.37,1.37,1.37,1.0
2020-10-05,-0.611,14.2,1.0,14.8,1.0,14.0,1.0,1.37,1.37,1.37,1.0
2020-10-12,-0.611,13.6,1.0,14.6,1.0,14.2,1.0,1.37,1.37,1.37,1.0
2020-10-19,-0.611,13.6,1.0,14.2,1.0,13.8,1.0,1.37,1.37,1.37,1.0
2020-10-26,-0.5898,13.4,1.0,14.2,1.0,13.8,1.0,1.37,1.37,1.37,1.0
2020-11-02,-0.3428,13.8,1.0,14.2,1.0,13.4,1.0,1.37,1.37,1.37,1.0
2020-11-09,-0.3428,14.4,1.0,14.2,1.0,13.4,1.0,1.37,1.37,1.37,1.0
2020-11-16,-0.3428,14.4,1.0,13.6,1.0,12.8,1.0,1.37,1.37,1.37,1.0
2020-11-23,-0.3428,14.0,1.0,13.4,1.0,13.2,1.0,1.37,1.37,1.37,1.0
2020-11-30,-0.033,14.2,1.0,13.0,1.0,13.6,1.0,1.37,1.37,1.37,1.0
2020-12-07,-0.033,14.0,1.0,13.6,1.0,13.8,1.0,1.37,1.37,1.37,1.0
2020-12-14,-0.033,14.2,1.0,13.2,1.0,13.2,1.0,1.37,1.37,1.37,1.0
2020-12-21,-0.033,14.2,1.0,13.6,1.0,13.2,1.0,1.37,1.37,1.37,1.0
2020-12-28,0.3158,13.6,1.0,13.2,1.0,13.2,1.0,1.37,1.37,1.37,1.0
2021-01-04,0.3158,13.8,1.0,12.8,1.0,13.2,1.0,1.37,1.37,1.37,1.0
2021-01-11,0.3158,14.4,1.0,12.8,1.0,13.8,1.0,1.37,1.37,1.37,1.0
2021-01-18,0.3158,14.8,1.0,12.4,1.0,14.0,1.0,1.37,1.37,1.37,1.0
2021-01-25,0.3158,14.2,1.0,12.0,1.0,13.6,1.0,1.37,1.37,1.37,1.0
2021-02-01,0.582,14.4,1.0,12.2,1.0,13.8,1.0,1.37,1.37,1.37,1.0
2021-02-08,0.582,13.6,1.0,12.6,1.0,13.8,1.0,1.37,1.37,1.37,1.0
2021-02-15,0.582,14.0,1.0,12.0,1.0,14.4,1.0,1.37,1.37,1.37,1.0
2021-02-22,0.582,14.4,1.0,11.4,1.0,14.6,1.0,1.37,1.37,1.37,1.0
2021-03-01,0.8768,14.2,1.0,11.6,1.0,13.8,1.0,1.37,1.37,1.37,1.0
2021-03-08,0.8768,14.0,1.0,11.2,1.0,14.4,1.0,1.37,1.37,1.37,1.0
2021-03-15,0.8768,13.8,1.0,11.4,1.0,14.6,1.0,1.37,1.37,1.37,1.0
2021-03-22,0.8768,14.2,1.0,11.4,1.0,14.4,1.0,1.37,1.37,1.37,1.0
2021-03-29,1.1908,13.6,1.0,11.4,1.0,14.4,1.0,1.37,1.37,1.37,1.0
2021-04-05,1.1908,14.2,1.0,12.0,1.0,14.0,1.0,1.37,1.37,1.37,1.0
2021-04-12,1.1908,14.6,1.0,12.0,1.0,14.4,1.0,1.37,1.37,1.37,1.0
2021-04-19,1.1908,14.6,1.0,12.2,1.0,14.4,1.0,1.37,1.37,1.37,1.0
2021-04-26,1.1908,14.8,1.0,11.8,1.0,14.0,1.0,1.37,1.37,1.37,1.0
2021-05-03,3.3135,14.2,1.0,12.4,1.0,14.0,1.0,1.37,1.37,1.37,1.0
2021-05-10,3.3135,14.8,1.0,13.0,1.0,13.8,1.0,1.37,1.37,1.37,1.0
2021-05-17,3.3135,14.4,1.0,12.0,1.0,14.0,1.0,1.37,1.37,1.37,1.0
2021-05-24,3.3135,13.6,1.0,11.8,1.0,14.0,1.0,1.37,1.37,1.37,1.0
2021-05-31,6.6159,13.8,1.0,12.0,1.0,14.0,1.0,1.37,1.37,1.37,1.0
2021-06-07,6.6159,13.4,1.0,12.4,1.0,13.8,1.0,1.37,1.37,1.37,1.0
2021-06-14,6.6159,12.8,1.0,12.2,1.0,13.6,1.0,1.37,1.37,1.37,1.0
2021-06-21,6.6159,13.4,1.0,12.4,1.0,13.2,1.0,1.37,1.37,1.37,1.0
2021-06-28,6.0369,12.6,1.0,12.0,1.0,13.6,1.0,1.37,1.37,1.37,1.0
2021-07-05,6.0369,12.8,1.0,12.2,1.0,13.4,1.0,1.37,1.37,1.37,1.0
2021-07-12,6.0369,12.2,1.0,12.6,1.0,13.4,1.0,1.37,1.37,1.37,1.0
2021-07-19,6.0369,12.6,1.0,12.6,1.0,13.6,1.0,1.37,1.37,1.37,1.0
2021-07-26,6.0369,13.4,1.0,12.6,1.0,13.2,1.0,1.37,1.37,1.37,1.0
2021-08-02,4.1241,13.2,1.0,13.0,1.0,13.2,1.0,1.37,1.37,1.37,1.0
2021-08-09,4.1241,13.2,1.0,12.8,1.0,13.2,1.0,1.37,1.37,1.37,1.0
2021-08-16,4.1241,13.2,1.0,13.4,1.0,13.2,1.0,1.37,1.37,1.37,1.0
2021-08-23,4.1241,13.2,1.0,12.8,1.0,12.8,1.0,1.37,1.37,1.37,1.0
2021-08-30,3.2947,13.8,1.0,12.8,1.0,13.2,1.0,1.37,1.37,1.37,1.0
2021-09-06,3.2947,13.8,1.0,13.0,1.0,13.4,1.0,1.37,1.37,1.37,1.0
2021-09-13,3.2947,14.2,1.0,12.6,1.0,13.0,1.0,1.37,1.37,1.37,1.0
2021-09-20,3.2947,13.8,1.0,13.6,1.0,13.4,1.0,1.37,1.37,1.37,1.0
2021-09-27,2.1432,13.4,1.0,12.8,1.0,13.0,1.0,1.37,1.37,1.37,1.0
2021-10-04,2.1792,14.0,1.0,13.4,1.0,13.0,1.0,1.37,1.37,1.37,1.0
2021-10-11,2.1792,14.6,1.0,13.2,1.0,13.0,1.0,1.37,1.37,1.37,1.0
2021-10-18,2.1792,13.8,1.0,13.0,1.0,13.4,1.0,1.37,1.37,1.37,1.0
2021-10-25,2.1792,14.0,1.0,13.0,1.0,13.0,1.0,1.37,1.37,1.37,1.0
2021-11-01,1.9715,14.4,1.0,13.2,1.0,12.8,1.0,1.37,1.37,1.37,1.0
2021-11-08,1.9715,14.2,1.0,13.2,1.0,12.8,1.0,1.37,1.37,1.37,1.0
2021-11-15,1.9715,14.2,1.0,13.4,1.0,12.6,1.0,1.37,1.37,1.37,1.0
2021-11-22,1.9715,13.6,1.0,12.8,1.0,12.8,1.0,1.37,1.37,1.37,1.0
2021-11-29,1.7416,13.8,1.0,12.8,1.0,12.8,1.0,1.37,1.37,1.37,1.0
2021-12-06,1.7416,13.6,1.0,12.4,1.0,13.0,1.0,1.37,1.37,1.37,1.0
2021-12-13,1.7416,14.2,1.0,12.8,1.0,12.6,1.0,1.37,1.37,1.37,1.0
2021-12-20,1.7416,13.4,1.0,13.4,1.0,13.2,1.0,1.37,1.37,1.37,1.0
2021-12-27,1.4455,13.4,1.0,13.0,1.0,13.4,1.0,1.37,1.37,1.37,1.0
2022-01-03,1.5034,13.6,1.0,12.8,1.0,13.8,1.0,1.37,1.37,1.37,1.0
2022-01-10,1.5034,14.0,1.0,12.6,1.0,13.2,1.0,1.37,1.37,1.37,1.0
2022-01-17,1.5034,14.6,1.0,13.2,1.0,13.4,1.0,1.37,1.37,1.37,1.0
2022-01-24,1.5034,14.2,1.0,12.8,1.0,13.2,1.0,1.37,1.37,1.37,1.0
2022-01-31,1.3645,14.0,1.0,12.8,1.0,13.2,1.0,1.37,1.37,1.37,1.0
2022-02-07,1.3645,14.0,1.0,12.6,1.0,13.2,1.0,1.37,1.37,1.37,1.0
2022-02-14,1.3645,14.2,1.0,12.8,1.0,13.4,1.0,1.37,1.37,1.37,1.0
2022-02-21,1.3645,14.6,1.0,12.6,1.0,13.0,1.0,1.37,1.37,1.37,1.0
2022-02-28,1.1903,13.6,1.0,12.8,1.0,13.2,1.0,1.37,1.37,1.37,1.0
2022-03-07,1.1903,13.8,1.0,12.2,1.0,12.6,1.0,1.37,1.37,1.37,1.0
2022-03-14,1.1903,13.2,1.0,12.8,1.0,12.8,1.0,1.37,1.37,1.37,1.0
2022-03-21,1.1903,13.8,1.0,12.2,1.0,12.6,1.0,1.37,1.37,1.37,1.0
2022-03-28,0.9482,14.0,1.0,12.2,1.0,13.2,1.0,1.37,1.37,1.37,1.0
2022-04-04,0.9482,14.0,1.0,12.2,1.0,13.0,1.0,1.37,1.37,1.37,1.0
2022-04-11,0.9482,14.2,1.0,12.4,1.0,12.6,1.0,1.37,1.37,1.37,1.0
2022-04-18,0.9482,13.8,1.0,13.0,1.0,12.8,1.0,1.37,1.37,1.37,1.0
2022-04-25,0.9482,14.0,1.0,12.4,1.0,13.0,1.0,1.37,1.37,1.37,1.0
2022-05-02,0.6432,13.6,1.0,12.6,1.0,13.4,1.0,1.37,1.37,1.37,1.0
2022-05-09,0.6432,14.0,1.0,12.2,1.0,13.0,1.0,1.37,1.37,1.37,1.0
2022-05-16,0.6432,14.2,1.0,12.0,1.0,13.2,1.0,1.37,1.37,1.37,1.0
2022-05-23,0.6432,13.2,1.0,12.4,1.0,12.8,1.0,1.37,1.37,1.37,1.0
2022-05-30,0.3264,13.2,1.0,12.4,1.0,13.4,1.0,1.37,1.37,1.37,1.0
2022-06-06,0.3264,14.0,1.0,11.8,1.0,13.2,1.0,1.37,1.37,1.37,1.0
2022-06-13,0.3264,14.8,1.0,12.4,1.0,13.8,1.0,1.37,1.37,1.37,1.0
2022-06-20,0.3264,14.0,1.0,11.4,1.0,13.2,1.0,1.37,1.37,1.37,1.0
2022-06-27,0.1726,14.0,1.0,12.4,1.0,13.6,1.0,1.37,1.37,1.37,1.0
2022-07-04,0.059,13.8,1.0,11.8,1.0,13.4,1.0,1.37,1.37,1.37,1.0
2022-07-11,0.059,13.8,1.0,12.0,1.0,13.4,1.0,1.37,1.37,1.37,1.0
2022-07-18,0.059,14.2,1.0,12.2,1.0,13.4,1.0,1.37,1.37,1.37,1.0
2022-07-25,0.059,14.2,1.0,12.4,1.0,13.4,1.0,1.37,1.37,1.37,1.0
2022-08-01,-0.1238,13.8,1.0,12.4,1.0,13.2,1.0,1.37,1.37,1.37,1.0
2022-08-08,-0.1238,13.8,1.0,12.2,1.0,13.6,1.0,1.37,1.37,1.37,1.0
2022-08-15,-0.1238,13.8,1.0,11.8,1.0,13.4,1.0,1.37,1.37,1.37,1.0
2022-08-22,-0.1238,14.4,1.0,12.4,1.0,13.8,1.0,1.37,1.37,1.37,1.0
2022-08-29,-0.2462,13.8,1.0,13.4,1.0,13.2,1.0,1.37,1.37,1.37,1.0
2022-09-05,-0.2462,14.0,1.0,13.6,1.0,13.4,1.0,1.37,1.37,1.37,1.0
2022-09-12,-0.2462,13.4,1.0,13.8,1.0,13.6,1.0,1.37,1.37,1.37,1.0
2022-09-19,-0.2462,14.0,1.0,14.0,1.0,13.4,1.0,1.37,1.37,1.37,1.0
2022-09-26,-0.2462,13.6,1.0,13.6,1.0,13.8,1.0,1.37,1.37,1.37,1.0
2022-10-03,-0.352,13.8,1.0,13.8,1.0,14.2,1.0,1.37,1.37,1.37,1.0
2022-10-10,-0.352,13.8,1.0,14.2,1.0,13.6,1.0,1.37,1.37,1.37,1.0
2022-10-17,-0.352,14.0,1.0,14.4,1.0,13.8,1.0,1.37,1.37,1.37,1.0
2022-10-24,-0.352,13.4,1.0,14.0,1.0,13.6,1.0,1.37,1.37,1.37,1.0
2022-10-31,-0.4495,14.0,1.0,14.0,1.0,13.6,1.0,1.37,1.37,1.37,1.0
2022-11-07,-0.4495,14.2,1.0,14.2,1.0,14.2,1.0,1.37,1.37,1.37,1.0
2022-11-14,-0.4495,13.6,1.0,13.4,1.0,14.6,1.0,1.37,1.37,1.37,1.0
2022-11-21,-0.4495,14.0,1.0,14.0,1.0,14.0,1.0,1.37,1.37,1.37,1.0
2022-11-28,-0.5468,13.4,1.0,13.8,1.0,14.4,1.0,1.37,1.37,1.37,1.0
2022-12-05,-0.5468,14.0,1.0,13.8,1.0,14.0,1.0,1.37,1.37,1.37,1.0
2022-12-12,-0.5468,13.2,1.0,13.4,1.0,14.4,1.0,1.37,1.37,1.37,1.0
2022-12-19,-0.5468,13.6,1.0,14.2,1.0,14.6,1.0,1.37,1.37,1.37,1.0
2022-12-26,-0.5468,13.8,1.0,14.6,1.0,14.8,1.0,1.37,1.37,1.37,1.0
2023-01-02,-0.6487,13.4,1.0,13.8,1.0,14.2,1.0,1.37,1.37,1.37,1.0
2023-01-09,-0.6487,13.8,1.0,14.0,1.0,14.6,1.0,1.37,1.37,1.37,1.0
2023-01-16,-0.6487,13.6,1.0,13.2,1.0,15.0,1.0,1.37,1.37,1.37,1.0
2023-01-23,-0.6487,14.2,1.0,13.8,1.0,14.6,1.0,1.37,1.37,1.37,1.0
2023-01-30,-0.7625,14.0,0.48,14.2,1.0,14.6,1.0,1.37,1.37,1.37,1.0
2023-02-06,-0.7625,13.8,0.48,13.8,1.0,14.4,1.0,1.37,1.37,1.37,1.0
2023-02-13,-0.7625,13.8,0.48,13.8,1.0,14.4,1.0,1.37,1.37,1.37,1.0
2023-02-20,-0.7625,14.2,0.48,14.0,1.0,14.2,1.0,1.37,1.37,1.37,1.0
2023-02-27,-0.7852,13.8,0.48,14.0,1.0,14.2,1.0,1.37,1.37,1.37,1.0
2023-03-06,-0.8841,13.8,0.48,14.4,1.0,13.8,1.0,1.37,1.37,1.37,1.0
2023-03-13,-0.8841,13.8,0.48,13.4,1.0,14.2,1.0,1.37,1.37,1.37,1.0
2023-03-20,-0.8841,13.8,0.48,13.6,1.0,14.0,1.0,1.37,1.37,1.37,1.0
2023-03-27,-0.8606,13.6,0.48,13.2,1.0,14.2,1.0,1.37,1.37,1.37,1.0
2023-04-03,-0.9966,13.6,0.48,13.8,1.0,14.0,1.0,1.37,1.37,1.37,1.0
2023-04-10,-0.9966,13.6,0.48,13.2,1.0,13.8,1.0,1.37,1.37,1.37,1.0
2023-04-17,-0.9966,13.2,0.48,13.0,1.0,14.0,1.0,1.37,1.37,1.37,1.0
2023-04-24,-0.9966,13.6,0.48,12.6,1.0,14.6,1.0,1.37,1.37,1.37,1.0
2023-05-01,-1.0902,13.6,0.48,13.0,1.0,13.8,1.0,1.37,1.37,1.37,1.0
2023-05-08,-1.0902,13.8,0.48,12.8,1.0,14.2,1.0,1.37,1.37,1.37,1.0
2023-05-15,-1.0902,14.0,0.48,12.6,1.0,13.8,1.0,1.37,1.37,1.37,1.0
2023-05-22,-1.0902,14.2,0.48,12.4,1.0,14.2,1.0,1.37,1.37,1.37,1.0
2023-05-29,-1.1559,13.6,0.48,12.2,1.0,13.8,1.0,1.37,1.37,1.37,1.0
2023-06-05,-1.1559,14.2,0.48,12.0,1.0,13.6,1.0,1.37,1.37,1.37,1.0
2023-06-12,-1.1559,13.8,0.48,12.0,1.0,13.4,1.0,1.37,1.37,1.37,1.0
2023-06-19,-1.1559,14.0,0.48,12.0,1.0,13.8,1.0,1.37,1.37,1.37,1.0
2023-06-26,-1.1559,13.6,0.48,12.0,1.0,13.2,1.0,1.37,1.37,1.37,1.0
2023-07-03,-1.1967,13.6,0.48,12.8,1.0,13.4,1.0,1.37,1.37,1.37,1.0
2023-07-10,-1.1967,14.2,0.48,12.0,1.0,13.2,1.0,1.37,1.37,1.37,1.0
2023-07-17,-1.1967,14.6,0.48,12.6,1.0,13.2,1.0,1.37,1.37,1.37,1.0
2023-07-24,-1.1967,15.0,0.48,13.0,1.0,12.6,1.0,1.37,1.37,1.37,1.0
2023-07-31,-1.2178,14.4,0.48,12.4,1.0,13.2,1.0,1.37,1.37,1.37,1.0
2023-08-07,-1.2178,14.6,0.48,12.8,1.0,12.6,1.0,1.37,1.37,1.37,1.0
2023-08-14,-1.2178,14.8,0.48,12.2,1.0,13.0,1.0,1.37,1.37,1.37,1.0
2023-08-21,-1.2178,14.4,0.48,12.6,1.0,12.6,1.0,1.37,1.37,1.37,1.0
2023-08-28,-1.224,14.6,0.48,13.0,1.0,12.8,1.0,1.37,1.37,1.37,1.0
2023-09-04,-1.224,15.0,0.48,13.6,1.0,12.4,1.0,1.37,1.37,1.37,1.0
2023-09-11,-1.224,14.2,0.48,13.2,1.0,12.4,1.0,1.37,1.37,1.37,1.0
2023-09-18,-1.224,14.4,0.48,13.2,1.0,12.8,1.0,1.37,1.37,1.37,1.0
2023-09-25,-1.224,14.4,0.48,13.6,1.0,12.8,1.0,1.37,1.37,1.37,1.0
2023-10-02,-1.2168,14.6,0.48,13.8,1.0,12.4,1.0,1.37,1.37,1.37,1.0
2023-10-09,-1.2168,14.2,0.48,13.4,1.0,13.0,1.0,1.37,1.37,1.37,1.0
2023-10-16,-1.2168,14.6,0.48,13.8,1.0,12.6,1.0,1.37,1.37,1.37,1.0
2023-10-23,-1.2168,14.4,0.48,14.0,1.0,12.4,1.0,1.37,1.37,1.37,1.0
2023-10-30,-1.2045,14.6,0.48,13.4,1.0,12.6,1.0,1.37,1.37,1.37,1.0
2023-11-06,-1.2045,14.0,0.48,13.4,1.0,12.4,1.0,1.37,1.37,1.37,1.0
2023-11-13,-1.2045,14.4,0.48,13.4,1.0,12.8,1.0,1.37,1.37,1.37,1.0
2023-11-20,-1.2045,14.2,0.48,13.6,1.0,12.6,1.0,1.37,1.37,1.37,1.0
2023-11-27,-1.157,14.2,0.48,13.8,1.0,13.0,1.0,1.37,1.37,1.37,1.0
2023-12-04,-1.1947,13.4,0.48,13.4,1.0,12.8,1.0,1.37,1.37,1.37,1.0
2023-12-11,-1.1947,13.6,0.48,13.0,1.0,13.2,1.0,1.37,1.37,1.37,1.0
2023-12-18,-1.1947,14.0,0.48,13.2,1.0,12.6,1.0,1.37,1.37,1.37,1.0
2023-12-25,-1.1947,14.0,0.48,13.0,1.0,13.0,1.0,1.37,1.37,1.37,1.0
2024-01-01,-1.1848,13.8,0.48,13.2,1.0,13.0,1.0,1.37,1.37,1.37,1.0
2024-01-08,-1.1848,13.4,0.48,13.0,1.0,13.4,1.0,1.37,1.37,1.37,1.0
2024-01-15,-1.1848,13.6,0.48,13.0,1.0,13.0,1.0,1.37,1.37,1.37,1.0
2024-01-22,-1.1848,14.0,0.48,13.2,1.0,13.2,1.0,1.37,1.37,1.37,1.0
2024-01-29,-1.1557,14.8,0.74,12.8,1.0,12.8,1.0,1.37,1.37,1.37,1.0
2024-02-05,-1.1557,14.4,0.74,12.6,1.0,13.2,1.0,1.37,1.37,1.37,1.0
2024-02-12,-1.1557,13.8,0.74,13.2,1.0,13.4,1.0,1.37,1.37,1.37,1.0
2024-02-19,-1.1557,13.8,0.74,12.6,1.0,13.4,1.0,1.37,1.37,1.37,1.0
2024-02-26,-1.1557,14.2,0.74,12.8,1.0,13.2,1.0,1.37,1.37,1.37,1.0
2024-03-04,-1.0928,14.8,0.74,12.8,1.0,13.0,1.0,1.37,1.37,1.37,1.0
2024-03-11,-1.0928,14.6,0.74,12.4,1.0,12.8,1.0,1.37,1.37,1.37,1.0
2024-03-18,-1.0928,14.6,0.74,12.6,1.0,13.6,1.0,1.37,1.37,1.37,1.0
2024-03-25,-1.0928,13.8,0.74,12.2,1.0,13.2,1.0,1.37,1.37,1.37,1.0
2024-04-01,-0.9756,14.6,0.74,12.4,1.0,13.4,1.0,1.37,1.37,1.37,1.0
2024-04-08,-0.9756,14.2,0.74,12.2,1.0,13.4,1.0,1.37,1.37,1.37,1.0
2024-04-15,-0.9756,14.4,0.74,12.0,1.0,13.6,1.0,1.37,1.37,1.37,1.0
2024-04-22,-0.9756,13.8,0.74,12.0,1.0,13.6,1.0,1.37,1.37,1.37,1.0
2024-04-29,-0.8005,13.2,0.74,12.6,1.0,14.0,1.0,1.37,1.37,1.37,1.0
2024-05-06,-0.8005,13.6,0.74,12.0,1.0,13.6,1.0,1.37,1.37,1.37,1.0
2024-05-13,-0.8005,14.2,0.74,12.6,1.0,13.8,1.0,1.37,1.37,1.37,1.0
2024-05-20,-0.8005,14.6,0.74,12.0,1.0,13.8,1.0,1.37,1.37,1.37,1.0
2024-05-27,-0.6286,13.8,0.74,12.4,1.0,13.8,1.0,1.37,1.37,1.37,1.0
2024-06-03,-0.5911,14.0,0.74,12.4,1.0,14.0,1.0,1.37,1.37,1.37,1.0
2024-06-10,-0.5911,14.2,0.74,12.8,1.0,13.6,1.0,1.37,1.37,1.37,1.0
2024-06-17,-0.5911,14.4,0.74,12.2,1.0,14.0,1.0,1.37,1.37,1.37,1.0
2024-06-24,-0.5911,14.4,0.74,12.4,1.0,13.4,1.0,1.37,1.37,1.37,1.0
2024-07-01,-0.3732,14.4,0.74,12.4,1.0,13.4,1.0,1.37,1.37,1.37,1.0
2024-07-08,-0.3732,14.0,0.74,12.2,1.0,13.6,1.0,1.37,1.37,1.37,1.0
2024-07-15,-0.3732,14.2,0.74,12.8,1.0,13.2,1.0,1.37,1.37,1.37,1.0
2024-07-22,-0.3732,14.2,0.74,12.4,1.0,13.8,1.0,1.37,1.37,1.37,1.0
2024-07-29,-0.1617,14.6,0.74,12.6,1.0,13.0,1.0,1.37,1.37,1.37,1.0
2024-08-05,-0.1617,13.8,0.74,13.0,1.0,13.2,1.0,1.37,1.37,1.37,1.0
2024-08-12,-0.1617,14.0,0.74,12.8,1.0,13.0,1.0,1.37,1.37,1.37,1.0
2024-08-19,-0.1617,13.8,0.74,13.2,1.0,13.6,1.0,1.37,1.37,1.37,1.0
2024-08-26,-0.0724,14.2,0.74,13.2,1.0,14.2,1.0,1.37,1.37,1.37,1.0
2024-09-02,0.0433,13.8,0.74,12.8,1.0,13.6,1.0,1.37,1.37,1.37,1.0
2024-09-09,0.0433,13.6,0.74,12.6,1.0,13.6,1.0,1.37,1.37,1.37,1.0
2024-09-16,0.0433,13.4,0.74,13.0,1.0,13.2,1.0,1.37,1.37,1.37,1.0
2024-09-23,0.0433,13.4,0.74,12.8,1.0,13.4,1.0,1.37,1.37,1.37,1.0
2024-09-30,0.2436,13.2,0.74,13.0,1.0,13.6,1.0,1.37,1.37,1.37,1.0
2024-10-07,0.2436,13.0,0.74,12.0,1.0,13.2,1.0,1.37,1.37,1.37,1.0
2024-10-14,0.2436,12.4,0.74,12.8,1.0,13.4,1.0,1.37,1.37,1.37,1.0
2024-10-21,0.2436,13.2,0.74,12.4,1.0,13.4,1.0,1.37,1.37,1.37,1.0
2024-10-28,0.4441,13.2,0.74,12.6,1.0,13.4,1.0,1.37,1.37,1.37,1.0
2024-11-04,0.4441,12.6,0.74,12.4,1.0,13.2,1.0,1.37,1.37,1.37,1.0
2024-11-11,0.4441,12.6,0.74,12.2,1.0,13.0,1.0,1.37,1.37,1.37,1.0
2024-11-18,0.4441,12.2,0.74,12.8,1.0,13.2,1.0,1.37,1.37,1.37,1.0
2024-11-25,0.4441,12.0,0.74,12.2,1.0,12.6,1.0,1.37,1.37,1.37,1.0
2024-12-02,0.6399,12.6,0.74,12.8,1.0,13.0,1.0,1.37,1.37,1.37,1.0
2024-12-09,0.6399,12.0,0.74,12.0,1.0,12.8,1.0,1.37,1.37,1.37,1.0
2024-12-16,0.6399,12.4,0.74,11.8,1.0,12.8,1.0,1.37,1.37,1.37,1.0
2024-12-23,0.6399,11.8,0.74,12.4,1.0,13.2,1.0,1.37,1.37,1.37,1.0
2024-12-30,0.8043,12.0,0.74,12.4,1.0,12.8,1.0,1.37,1.37,1.37,1.0
2025-01-06,0.8043,12.0,0.74,12.6,1.0,12.8,1.0,1.37,1.37,1.37,1.0
2025-01-13,0.8043,12.0,0.74,12.2,1.0,12.6,1.0,1.37,1.37,1.37,1.0
2025-01-20,0.8043,12.4,0.74,12.4,1.0,12.8,1.0,1.37,1.37,1.37,1.0
2025-01-27,0.8404,11.8,0.74,12.4,1.0,12.6,1.0,1.37,1.37,1.37,1.0
2025-02-03,0.9245,12.2,1.0,12.6,1.0,12.8,1.0,1.37,1.37,1.37,1.0
2025-02-10,0.9245,12.4,1.0,12.2,1.0,12.2,1.0,1.37,1.37,1.37,1.0
2025-02-17,0.9245,12.8,1.0,12.2,1.0,12.4,1.0,1.37,1.37,1.37,1.0
2025-02-24,0.9245,12.6,1.0,12.6,1.0,12.6,1.0,1.37,1.37,1.37,1.0
2025-03-03,1.0074,13.2,1.0,12.4,1.0,12.8,1.0,1.37,1.37,1.37,1.0
2025-03-10,1.0074,13.0,1.0,12.4,1.0,12.0,1.0,1.37,1.37,1.37,1.0
2025-03-17,1.0074,13.4,1.0,12.0,1.0,12.4,1.0,1.37,1.37,1.37,1.0
2025-03-24,1.0074,13.4,1.0,11.8,1.0,12.8,1.0,1.37,1.37,1.37,1.0
2025-03-31,1.0408,13.4,1.0,11.8,1.0,12.6,1.0,1.37,1.37,1.37,1.0
2025-04-07,1.0408,14.0,1.0,11.6,1.0,13.0,1.0,1.37,1.37,1.37,1.0
2025-04-14,1.0408,13.8,1.0,12.0,1.0,12.8,1.0,1.37,1.37,1.37,1.0
2025-04-21,1.0408,13.6,1.0,11.6,1.0,12.4,1.0,1.37,1.37,1.37,1.0
2025-04-28,1.0263,13.2,1.0,11.6,1.0,13.2,1.0,1.37,1.37,1.37,1.0
2025-05-05,1.0263,13.4,1.0,11.4,1.0,13.2,1.0,1.37,1.37,1.37,1.0
2025-05-12,1.0263,13.4,1.0,11.6,1.0,13.4,1.0,1.37,1.37,1.37,1.0
2025-05-19,1.0263,14.0,1.0,12.4,1.0,13.2,1.0,1.37,1.37,1.37,1.0
2025-05-26,1.0263,14.2,1.0,12.4,1.0,13.6,1.0,1.37,1.37,1.37,1.0
2025-06-02,0.9837,14.8,1.0,11.6,1.0,14.2,1.0,1.37,1.37,1.37,1.0
2025-06-09,0.9837,14.2,1.0,12.0,1.0,15.0,1.0,1.37,1.37,1.37,1.0
2025-06-16,0.9837,14.4,1.0,11.6,1.0,14.4,1.0,1.37,1.37,1.37,1.0
2025-06-23,0.9837,14.4,1.0,12.2,1.0,14.6,1.0,1.37,1.37,1.37,1.0
2025-06-30,0.9311,14.2,1.0,11.8,1.0,14.2,1.0,1.37,1.37,1.37,1.0
2025-07-07,0.9311,14.0,1.0,11.8,1.0,14.6,1.0,1.37,1.37,1.37,1.0
2025-07-14,0.9311,14.0,1.0,12.0,1.0,14.6,1.0,1.37,1.37,1.37,1.0
2025-07-21,0.9311,13.4,1.0,11.6,1.0,14.6,1.0,1.37,1.37,1.37,1.0
2025-07-28,0.8775,14.2,1.0,12.4,1.0,14.6,1.0,1.37,1.37,1.37,1.0
2025-08-04,0.8775,13.4,1.0,11.8,1.0,14.4,1.0,1.37,1.37,1.37,1.0
2025-08-11,0.8775,13.8,1.0,12.2,1.0,14.6,1.0,1.37,1.37,1.37,1.0
2025-08-18,0.8775,13.0,1.0,12.0,1.0,14.6,1.0,1.37,1.37,1.37,1.0
2025-08-25,0.8775,13.0,1.0,12.2,1.0,14.4,1.0,1.37,1.37,1.37,1.0
2025-09-01,0.8224,13.0,1.0,12.6,1.0,14.2,1.0,1.37,1.37,1.37,1.0
2025-09-08,0.8224,13.2,1.0,12.6,1.0,14.0,1.0,1.37,1.37,1.37,1.0
2025-09-15,0.8224,13.4,1.0,12.4,1.0,13.8,1.0,1.37,1.37,1.37,1.0
2025-09-22,0.8224,13.8,1.0,11.8,1.0,14.0,1.0,1.37,1.37,1.37,1.0
2025-09-29,0.7549,13.0,1.0,12.0,1.0,13.8,1.0,1.37,1.37,1.37,1.0
2025-10-06,0.7549,13.4,1.0,12.4,1.0,13.6,1.0,1.37,1.37,1.37,1.0
