Date,Momentum,Value,Quality,Benchmarks,Momentum_Relative,Value_Relative,Quality_Relative,Momentum_Cumulative_Relative,Value_Cumulative_Relative,Quality_Cumulative_Relative,Momentum_t1,Momentum_tval,Momentum_bin,Value_t1,Value_tval,Value_bin,Quality_t1,Quality_tval,Quality_bin
2004-01-01,0.0103,0.0316,,0.037827789,-0.027527789,-0.0062277889999999975,,-0.02752778899999997,-0.006227788999999984,,2004-03-01,8.76045054362137,1.0,2004-03-01,33.28079602225896,1.0,,,
2004-02-01,0.0157,0.0102,,-0.001955636,0.017655636,0.012155636000000001,,-0.010358173622468825,0.005852144263831072,,2004-12-01,4.104113473707508,1.0,2004-06-01,6.543006260258541,1.0,,,
2004-03-01,0.0147,0.0139,,0.00307856,0.01162144,0.010821439999999998,,0.001142889484268217,0.016736912891853528,,2004-05-01,-6.6993581008096585,0.0,2005-01-01,4.942237498630168,1.0,,,
2004-04-01,-0.0227,0.0068,,-0.017248493,-0.005451507000000001,0.024048493,,-0.004314847985755432,0.04118790342437495,,2005-02-01,6.0044528346500545,1.0,2005-02-01,4.811672950033062,1.0,,,
2004-05-01,0.0018,0.0034,,0.005029323,-0.0032293229999999997,-0.0016293229999999998,,-0.007530236947913549,0.03949147202600378,,2005-02-01,5.714624624093609,1.0,2005-02-01,4.239095195407162,1.0,,,
2004-06-01,0.0035,0.0067,,-0.014684257,0.018184257,0.021384257,,0.010517088288154675,0.06172022481311612,,2005-02-01,4.870319468983056,1.0,2005-02-01,3.384770118988175,1.0,,,
2004-07-01,0.0122,0.0097,,0.014894445,-0.0026944449999999984,-0.005194444999999999,,0.007794305572202065,0.05620517749993681,,2005-01-01,5.11877561119634,1.0,2005-02-01,4.1416881963211205,1.0,,,
2004-08-01,0.0706,0.0589,,0.079879626,-0.009279626,-0.020979625999999994,,-0.0015576486684376611,0.03404638789672454,,2004-12-01,7.3383147387864724,1.0,2005-02-01,4.695122071485386,1.0,,,
2004-09-01,0.0654,0.0755,,0.062973913,0.0024260869999999934,0.012526086999999991,,0.0008646593403771607,0.046998942913554664,,2004-11-01,12.473717744810221,1.0,2005-02-01,3.149085273606063,1.0,,,
2004-10-01,0.0458,0.0547,,0.020367847,0.025432153,0.034332153,,0.026318802489014415,0.08294467081250123,,2004-12-01,5.008864683336048,1.0,2005-08-01,-3.249350258704226,0.0,,,
2004-11-01,0.1181,0.0763,,0.085300347,0.032799653,-0.009000346999999992,,0.059981703078029636,0.07319779299338802,,2005-07-01,-1.731779481540103,0.0,2005-02-01,7.347233703794103,1.0,,,
2004-12-01,0.0411,0.036,,0.025662177,0.015437822999999996,0.010337822999999996,,0.07634551299338699,0.08429232182134427,,2005-02-01,-7.191249459211552,0.0,2005-10-01,-5.460554891580955,0.0,,,
2005-01-01,0.0021,0.0109,,0.007555399,-0.005455399,0.003344601,,0.07047361875814828,0.08791884700520036,,2005-03-01,-2.5863693315101175,0.0,2005-11-01,-6.176615736247798,0.0,,,
2005-02-01,0.042,0.0526,,0.045355874,-0.003355873999999995,0.0072441260000000035,,0.06688124417327179,0.09579986821068087,,2005-11-01,0.8950087413529623,1.0,2005-12-01,-5.81371048670806,0.0,,,
2005-03-01,-0.0353,-0.0373,,-0.018279567,-0.017020432999999998,-0.019020433,,0.048722463437864016,0.07495728023597081,,2005-05-01,17.976475644401095,1.0,2006-01-01,-5.67890086649087,0.0,,,
2005-04-01,-0.0258,-0.0367,,-0.035156225,0.009356225,-0.0015437750000000042,,0.05853454676834313,0.07329778806067444,,2006-02-01,2.0468318857972454,1.0,2006-01-01,-4.4237229194467735,0.0,,,
2005-05-01,0.0868,0.0507,,0.079159771,0.007640228999999998,-0.028459771000000002,,0.06662199311006445,0.04275197879766113,,2006-03-01,2.804439511803977,1.0,2005-07-01,22.44799246570274,1.0,,,
2005-06-01,0.0177,0.0399,,0.03187868,-0.014178679999999999,0.008021319999999998,,0.05149870118879463,0.05111622610023048,,2005-09-01,7.451144541189434,1.0,2006-01-01,-5.7995996451890885,0.0,,,
2005-07-01,0.0822,0.088,,0.078711865,0.0034881349999999894,0.009288134999999989,,0.05516647061086588,0.060879135508939974,,2005-09-01,4.188414921783921,1.0,2005-09-01,-24.73660221345916,0.0,,,
2005-08-01,0.0306,0.0135,,0.02139373,0.009206269999999999,-0.00789373,,0.06488061803425649,0.05250484205059891,,2006-06-01,3.7091075022950273,1.0,2005-10-01,-14.381739461972433,0.0,,,
2005-09-01,0.093,0.0823,,0.08921522,0.0037847800000000015,-0.00691522,,0.06891095689978011,0.045226539516753705,,2006-07-01,4.367750981011477,1.0,2005-11-01,-6.193548755819599,0.0,,,
2005-10-01,-0.0364,-0.034,,-0.028533595,-0.007866405000000003,-0.005466405000000004,,0.0605024704038688,0.039512907935006725,,2006-08-01,5.182900517520868,1.0,2006-08-01,-3.286197653374617,0.0,,,
2005-11-01,0.0322,0.0183,,0.028064135,0.004135864999999999,-0.009764135,,0.06488856545362576,0.02936296356768686,,2006-09-01,5.075215668596741,1.0,2006-09-01,-3.8821284548384685,0.0,,,
2005-12-01,0.08,0.0896,,0.088098664,-0.008098663999999992,0.0015013360000000059,,0.05626439076457479,0.03090838324195766,,2006-09-01,4.3154389659071875,1.0,2006-09-01,-4.214066638860475,0.0,,,
2006-01-01,0.1108,0.0883,,0.090673183,0.02012681699999999,-0.002373183000000001,,0.0775236308611098,0.028461848992290317,,2006-09-01,3.1614204354932998,1.0,2006-09-01,-4.632685005146236,0.0,,,
2006-02-01,-0.0263,0.0025,,-0.023144911,-0.003155089,0.025644911,,0.07412394790613974,0.05483666157659317,,2006-09-01,2.6984748359467883,1.0,2006-09-01,-5.967466607333509,0.0,,,
2006-03-01,0.0809,0.0644,,0.069389761,0.011510239000000005,-0.004989760999999995,,0.08648737126216277,0.04957327874128814,,2007-01-01,2.5766952321162835,1.0,2006-06-01,-6.211936369225927,0.0,,,
2006-04-01,0.0177,0.0152,,0.026443688,-0.008743688,-0.011243688,,0.0769874646719062,0.03777220426198413,,2007-02-01,3.059553695471222,1.0,2006-06-01,-9.883706181498544,0.0,,,
2006-05-01,-0.0411,-0.07,,-0.044586454,0.003486454,-0.02541354600000001,,0.0807423319260614,0.011398732611450857,,2007-03-01,3.156304722269479,1.0,2007-02-01,1.8574568817335582,1.0,,,
2006-06-01,0.0429,-0.0219,,0.01525751,0.02764249,-0.03715751,,0.11061674102890429,-0.0261823259095465,,2007-04-01,3.210931236916274,1.0,2007-02-01,5.636391391921198,1.0,,,
2006-07-01,-0.0219,0.0028,,-0.008565387,-0.013334612999999999,0.011365387000000001,,0.09580709659596254,-0.015114511176068768,,2007-05-01,5.956382413503057,1.0,2006-09-01,-34.978050247499695,0.0,,,
2006-08-01,0.0509,0.0467,,0.051212343,-0.00031234299999999965,-0.004512343000000002,,0.09546482891999042,-0.01955865231736509,,2007-06-01,6.209271653349617,1.0,2007-02-01,4.909988492826828,1.0,,,
2006-09-01,0.0267,0.0168,,0.020905065,0.005794935000000001,-0.0041050650000000015,,0.10181297639836773,-0.023583427778289923,,2006-11-01,-18.133501851678535,0.0,2007-02-01,3.884759271532368,1.0,,,
2006-10-01,0.048,0.0804,,0.054007063,-0.006007063,0.026392936999999998,,0.09519431643492515,0.0021870732981135177,,2007-04-01,8.03946840893797,1.0,2007-02-01,2.296597007718919,1.0,,,
2006-11-01,0.032,0.0251,,0.03698954,-0.004989540000000001,-0.01188954,,0.08972980058530045,-0.009728469997347333,,2007-04-01,8.536047209192068,1.0,2007-01-01,39.42513254066134,1.0,,,
2006-12-01,0.071,0.0687,,0.055655238,0.015344761999999991,0.013044761999999994,,0.10645144501958925,0.0031893864269132433,,2007-04-01,6.894391904853752,1.0,2007-02-01,2.7255046675431225,1.0,,,
2007-01-01,0.0377,0.0434,,0.031607021,0.006092978999999998,0.011792979000000002,,0.11319303043861328,0.015019977794068717,,2007-11-01,5.278107176687284,1.0,2007-11-01,-3.4356696407891745,0.0,,,
2007-02-01,0.017,0.016,0.026,0.013402337,0.003597663000000001,0.002597663,0.012597662999999999,0.1171979238160803,0.01765665763464508,0.012597662999999981,2007-12-01,5.209030978545835,1.0,2007-12-01,-4.285374753195569,0.0,2007-04-01,-2.440135817361641,0.0
2007-03-01,0.0725,0.0425,0.0502,0.058969674,0.013530325999999995,-0.016469673999999997,-0.008769673999999998,0.13231397593183503,0.000896184239472797,0.0037175116023282495,2008-01-01,4.955727729324468,1.0,2008-01-01,-4.539681175696278,0.0,2007-10-01,3.4823150797448905,1.0
2007-04-01,0.0477,0.0653,0.0451,0.046601518,0.0010984819999999978,0.018698481999999995,-0.0015015180000000003,0.13355780245274462,0.019611423524343197,0.0022104116917420757,2008-02-01,5.5100572402398065,1.0,2008-02-01,-6.661355892865869,0.0,2007-06-01,3.2488549500794086,1.0
2007-05-01,-0.0058,-0.0124,0.0016,-0.001875257,-0.003924743,-0.010524743,0.003475257,0.12910887940247284,0.00888027533188529,0.005693350440446832,2008-03-01,7.948712052993366,1.0,2007-07-01,-17.83109354673274,0.0,2008-03-01,-3.6513284425366823,0.0
2007-06-01,-0.018,-0.0196,-0.0063,-0.017672582,-0.00032741799999999946,-0.0019274180000000002,0.011372582,0.12873918883139668,0.006935741329365808,0.017130680535185405,2007-08-01,18.473684825345803,1.0,2008-04-01,-10.357444448457345,0.0,2008-03-01,-5.417762323599983,0.0
2007-07-01,0.0073,0.0023,-0.0014,0.004646672,0.002653328,-0.002346672,-0.006046672,0.13173410412582043,0.004572793419388876,0.010980424928852317,2008-05-01,10.721779074118302,1.0,2008-05-01,-12.968767313757871,0.0,2008-03-01,-5.042136853036592,0.0
2007-08-01,0.0113,0.018,0.0163,0.008106132,0.003193867999999999,0.009893867999999998,0.008193867999999998,0.1353487134654967,0.014511904033871703,0.0192642650813033,2008-06-01,12.25859488446214,1.0,2008-06-01,-17.59889229060884,0.0,2008-03-01,-6.8252903452905755,0.0
2007-09-01,0.028,0.0028,0.0234,0.030137372,-0.0021373719999999985,-0.027337372,-0.006737371999999998,0.13292205091509945,-0.013222185285130528,0.012397102561144013,2008-01-01,14.484806930797125,1.0,2008-06-01,-14.500990718249355,0.0,2008-03-01,-5.3285248261432985,0.0
2007-10-01,0.079,0.0714,0.0746,0.068083268,0.010916731999999998,0.003316732000000003,0.006516731999999997,0.14528985732182997,-0.00994930773017566,0.018994623156111334,2008-06-01,12.642320390729818,1.0,2008-06-01,-13.93326941354268,0.0,2008-03-01,-4.894266746183635,0.0
2007-11-01,-0.0257,-0.066,-0.0518,-0.033138791,0.007438791,-0.032861209,-0.018661208999999998,0.15380942920486684,-0.04248357044944906,-2.104847648110031e-05,2008-06-01,12.458713283712655,1.0,2008-06-01,-10.714056154308835,0.0,2008-03-01,-3.572188925925582,0.0
2007-12-01,-0.0303,-0.0286,-0.0316,-0.03544216,0.00514216,0.00684216,0.0038421599999999972,0.1597425018993468,-0.03593208983583551,0.0038210306519046444,2008-06-01,12.143214665353044,1.0,2008-06-01,-9.248093167416881,0.0,2008-03-01,-5.506760912728589,0.0
2008-01-01,-0.0591,-0.1151,-0.0798,-0.070071666,0.010971666000000005,-0.04502833399999999,-0.009728333999999991,0.17246680927619096,-0.07934246169338943,-0.005944475610501265,2008-06-01,9.374879577748537,1.0,2008-06-01,-7.561070412939458,0.0,2008-11-01,5.767407024038003,1.0
2008-02-01,0.1314,0.089,0.1079,0.109366053,0.022033946999999984,-0.02036605300000001,-0.0014660530000000088,0.19830088081104158,-0.09809262191339141,-0.007401813694199122,2008-06-01,6.3204352545093085,1.0,2008-04-01,-42.07676841220678,0.0,2008-12-01,8.19357652787416,1.0
2008-03-01,-0.0337,-0.0424,-0.0429,-0.034053388,0.00035338799999999615,-0.008346612000000003,-0.008846612000000004,0.1987243459627095,-0.10562049285821762,-0.016182944720350312,2008-06-01,19.309414256311115,1.0,2009-01-01,4.95862442048085,1.0,2009-01-01,11.995287138993449,1.0
2008-04-01,0.055,0.0301,0.0524,0.039239558,0.015760442,-0.009139558000000002,0.013160442000000001,0.2176167714912427,-0.11379472623775133,-0.0032354774257317143,2008-06-01,14.341397319924235,1.0,2009-01-01,5.860120987712992,1.0,2009-02-01,12.770694921099246,1.0
2008-05-01,0.0514,-0.0191,0.0265,0.028075951,0.023324049000000003,-0.047175950999999994,-0.001575950999999999,0.24601652473272617,-0.1556023028087008,-0.004806329471847115,2008-09-01,-2.039800306485846,0.0,2008-12-01,8.189439101841488,1.0,2009-02-01,14.07456495812835,1.0
2008-06-01,-0.0477,-0.0772,-0.073,-0.065580279,0.017880279000000006,-0.011619721,-0.00741972099999999,0.26829564783355786,-0.1654139684631062,-0.01219038884813195,2009-03-01,2.311344904385635,1.0,2008-12-01,6.1721049615665535,1.0,2009-02-01,12.430881478925471,1.0
2008-07-01,-0.1277,0.0305,-0.0195,-0.050487925,-0.077212075,0.080987925,0.030987925000000003,0.17036790915085964,-0.0978225775349485,0.01841978129652122,2009-03-01,5.642351575281792,1.0,2008-09-01,11.626254412988839,1.0,2009-02-01,12.681920569714034,1.0
2008-08-01,0.0271,0.0382,0.0086,0.012569972,0.014530027999999999,0.025630028,-0.003969972,0.1873733876411232,-0.07469974493620146,0.01437668328052788,2009-02-01,4.595774754313248,1.0,2008-12-01,6.033033243966464,1.0,2009-02-01,11.4882462971949,1.0
2008-09-01,-0.1099,-0.0712,-0.0828,-0.104938741,-0.004961258999999996,0.033738741,0.022138741000000003,0.1814825207353281,-0.04348127928336998,0.036833705948114526,2009-02-01,4.0380510370826315,1.0,2008-12-01,5.207028832991906,1.0,2009-01-01,14.565046506352274,1.0
2008-10-01,-0.0716,-0.1055,-0.1146,-0.119188036,0.047588036,0.013688036,0.004588036000000004,0.23770695346545168,-0.030388416599526735,0.04159073631701782,2009-02-01,2.598820350696869,1.0,2009-08-01,3.39121957281765,1.0,2009-01-01,17.822439360808463,1.0
2008-11-01,-0.0159,0.0124,0.0214,0.008668369,-0.024568369,0.003731630999999999,0.012731630999999998,0.20729851231884666,-0.026770183956950522,0.05485188522482454,2009-02-01,8.276606457110582,1.0,2009-09-01,4.162673543743322,1.0,2009-01-01,78.2193994821308,1.0
2008-12-01,0.0469,0.051,0.0388,0.029790774,0.017109225999999998,0.021209225999999998,0.009009226000000002,0.2279544554155737,-0.006128732838554973,0.0643552842553412,2009-02-01,6.185514416273778,1.0,2009-02-01,-5.762471824016108,0.0,2009-02-01,3.893882624182452,1.0
2009-01-01,-0.0012,-0.06,-0.0379,-0.047233168,0.046033168,-0.012766831999999999,0.009333167999999996,0.28448108915806714,-0.01881732033603223,0.07428909093498404,2009-07-01,-3.7611622439426213,0.0,2009-10-01,7.232825292293138,1.0,2009-11-01,-1.890358507445571,0.0
2009-02-01,-0.0699,-0.1187,-0.0911,-0.094653218,0.024753217999999994,-0.024046782000000003,0.003553217999999997,0.3162761295748744,-0.04241160633608754,0.07810627427009775,2009-04-01,-13.193469921771827,0.0,2009-09-01,14.111129198069676,1.0,2009-12-01,-2.0650511429346348,0.0
2009-03-01,0.0779,0.1089,0.0977,0.106042079,-0.028142079,0.0028579209999999994,-0.008342079000000002,0.279233382750564,-0.039674894356479196,0.06911262655974104,2009-06-01,-2.3090719255055743,0.0,2009-09-01,11.14367408533909,1.0,2009-07-01,1.8771030228432115,1.0
2009-04-01,-0.014,0.0547,0.0354,0.023708955,-0.037708955,0.030991045,0.011691045,0.23099482868592514,-0.009913415792851099,0.08161167038691919,2010-02-01,3.875446933301244,1.0,2009-09-01,8.876519131209896,1.0,2009-11-01,-2.4455374757099415,0.0
2009-05-01,0.0853,0.0879,0.0762,0.086380353,-0.0010803530000000061,0.001519646999999999,-0.010180353000000003,0.22966491972976977,-0.008408833685420336,0.07060048177346068,2010-03-01,5.39761014127758,1.0,2009-09-01,9.129153264973624,1.0,2009-07-01,2.350592410827104,1.0
2009-06-01,-0.0194,0.0045,-0.0006,-0.013360723,-0.006039277000000001,0.017860723,0.012760723,0.2222386326623389,0.009301701465371348,0.08426211796503824,2010-04-01,7.6891247234874935,1.0,2009-09-01,5.17724436054963,1.0,2009-11-01,-2.6568546551811125,0.0
2009-07-01,0.0917,0.096,0.0918,0.089891044,0.0018089560000000005,0.006108955999999999,0.0019089560000000033,0.22444960857032537,0.015467481150348572,0.08633192664070033,2010-05-01,7.087674555893856,1.0,2009-09-01,2.891735704408134,1.0,2009-11-01,-1.604172273105625,0.0
2009-08-01,0.0481,0.0654,0.0163,0.040906082,0.007193917999999994,0.024493917999999996,-0.024606082000000005,0.23325819864951236,0.04034025836531163,0.059601554174561144,2010-06-01,6.132190911402769,1.0,2009-12-01,-2.4163400396471215,0.0,2010-02-01,3.9324262534638272,1.0
2009-09-01,-0.0003,0.0099,0.0092,0.003903593,-0.004203593,0.0059964070000000005,0.0052964069999999995,0.22807408311847666,0.04657856197295529,0.06521363526330215,2010-04-01,5.927600695357242,1.0,2009-12-01,-3.0010325981324915,0.0,2010-02-01,3.1656709966165186,1.0
2009-10-01,0.0503,0.0396,0.0413,0.044400815,0.005899184999999994,-0.004800815,-0.003100815,0.23531871932849802,0.04155413191395718,0.06191060484487321,2010-04-01,4.533475595664821,1.0,2010-08-01,3.805111702909547,1.0,2010-02-01,5.753602321509127,1.0
2009-11-01,0.0,-0.0157,0.0041,0.00455187,-0.00455187,-0.020251869999999998,-0.00045187000000000005,0.22969570910954817,0.0204607130364729,0.06143075929986197,2010-03-01,3.8868582554703925,1.0,2010-08-01,8.613842843907067,1.0,2010-02-01,10.877223215193824,1.0
2009-12-01,0.053,0.0411,0.0437,0.038575102,0.014424897999999998,0.0025248979999999976,0.005124898000000003,0.24743394428449106,0.023037272249897045,0.06687048367533643,2010-06-01,2.3077241296824855,1.0,2010-02-01,6.853726259302959,1.0,2010-02-01,4.918260124803842,1.0
2010-01-01,-0.0276,-0.0195,-0.0181,-0.026193841,-0.0014061590000000006,0.006693840999999999,0.008093840999999997,0.24567985381682989,0.029885321087411487,0.07550556373779771,2010-03-01,2.7289908518153414,1.0,2010-08-01,5.218793527376623,1.0,2010-11-01,2.409602079326858,1.0
2010-02-01,0.013,0.0212,0.0139,0.01005332,0.00294668,0.01114668,0.00384668,0.24935047372847485,0.041365123198270126,0.07964268947971664,2010-08-01,-0.9023844728596485,0.0,2010-08-01,3.675094732857919,1.0,2010-11-01,2.8294528983867795,1.0
2010-03-01,0.0823,0.0673,0.0494,0.06915313,0.013146870000000005,-0.0018531299999999945,-0.019753129999999994,0.2657755219910214,0.03943533824751766,0.058316367080874176,2010-08-01,-5.508497613563081,0.0,2010-08-01,4.593791225653451,1.0,2010-09-01,6.767384031177789,1.0
2010-04-01,0.0006,0.0063,0.0057,0.005787804,-0.005187804,0.0005121960000000004,-8.780399999999949e-05,0.2592089266749342,0.03996773287002675,0.058223442670578995,2010-08-01,-3.423261093476936,0.0,2010-08-01,4.322750720118369,1.0,2010-07-01,8.678356777362737,1.0
2010-05-01,-0.0453,-0.0403,-0.0403,-0.044355415,-0.0009445849999999978,0.004055415,0.004055415,0.25801949681093084,0.04418523361342386,0.06251497789333693,2010-08-01,-3.1963917538713673,0.0,2011-03-01,-4.689746232318525,0.0,2010-07-01,12.810838773062882,1.0
2010-06-01,-0.0319,-0.0341,-0.0261,-0.032795175,0.000895175000000005,-0.0013048249999999956,0.006695175000000001,0.25914564441398835,0.04282275461597429,0.06962870161045398,2010-08-01,-4.828210028743302,0.0,2010-08-01,301.9762924162017,1.0,2010-08-01,6.072968000687524,1.0
2010-07-01,0.078,0.091,0.0925,0.083769836,-0.005769836,0.007230163999999997,0.008730163999999999,0.25188058054560525,0.05036253415477954,0.0789667355946202,2010-09-01,1.2705549714874813,1.0,2011-04-01,-9.249076833450413,0.0,2011-02-01,-2.2010815667275963,0.0
2010-08-01,-0.0329,-0.0229,-0.0146,-0.030161084,-0.0027389159999999975,0.007261084000000001,0.015561084000000001,0.24845178479345953,0.057989304745730275,0.09575662760041381,2011-03-01,-0.8479424486649854,0.0,2010-10-01,-42.942681770991754,0.0,2011-02-01,-8.339155648170488,0.0
2010-09-01,0.1056,0.0776,0.0841,0.087730995,0.017869004999999993,-0.010130995000000004,-0.003630995000000012,0.2707603759781929,0.04727082038929775,0.09177794076437995,2011-01-01,-3.5508746751340845,0.0,2011-03-01,-7.777987677980222,0.0,2011-02-01,-6.085814761942111,0.0
2010-10-01,0.0149,0.0141,0.0178,0.02354108,-0.008641079999999999,-0.00944108,-0.005741079999999999,0.2597796339085352,0.03738345279233668,0.08550995626421654,2011-08-01,2.587615231631889,1.0,2011-04-01,-5.462127920834675,0.0,2011-02-01,-4.206917934114224,0.0
2010-11-01,-0.0067,-0.006,-0.0061,-0.007345504,0.0006455039999999999,0.001345504,0.0012455039999999997,0.26059282670134154,0.0387792563776026,0.0868619632567833,2011-09-01,3.9796297230997317,1.0,2011-01-01,-9.103160651468897,0.0,2011-02-01,-5.780929632902768,0.0
2010-12-01,0.0631,0.0579,0.0605,0.064242562,-0.0011425619999999997,-0.006342562000000003,-0.003742562000000005,0.25915252124008004,0.03219073453971366,0.08279431497385303,2011-10-01,6.239593992942714,1.0,2011-02-01,-3.4289004086962684,0.0,2011-10-01,9.423373751048985,1.0
2011-01-01,-0.0438,-0.0372,-0.0424,-0.032857663,-0.010942336999999996,-0.004342336999999995,-0.009542336999999998,0.2453744500182713,0.027708614522064634,0.07246192671868834,2011-11-01,11.556974294169038,1.0,2011-07-01,1.6855886597473149,1.0,2011-11-01,18.759803389819158,1.0
2011-02-01,0.0275,0.0068,0.0179,0.020064775,0.007435225,-0.013264775,-0.0021647750000000007,0.25463408926340847,0.014076290984867734,0.0701402879512758,2011-12-01,11.955762123824561,1.0,2011-07-01,6.92148170033536,1.0,2011-12-01,22.184241706781496,1.0
2011-03-01,0.0169,0.0195,0.0356,0.017664631,-0.0007646310000000017,0.0018353689999999999,0.017935369,0.2536747571451008,0.015937495172976268,0.0893336488974481,2011-12-01,13.480617023462408,1.0,2011-07-01,7.6488016710029605,1.0,2011-12-01,18.431644263639587,1.0
2011-04-01,0.0294,0.0264,0.029,0.025927531,0.003472468999999999,0.00047246899999999967,0.0030724690000000013,0.2580281038753698,0.016417494145383182,0.09268059276434237,2011-12-01,12.587748946184673,1.0,2011-07-01,12.455684089434255,1.0,2011-12-01,20.7822118605274,1.0
2011-05-01,-0.0107,0.0001,-0.0076,-0.00795318,-0.0027468199999999988,0.00805318,0.0003531800000000007,0.25457252711908285,0.02460288718088499,0.09306650569609487,2011-07-01,33.480520544205895,1.0,2011-07-01,6.148789486319977,1.0,2011-07-01,49.27744818964116,1.0
2011-06-01,-0.0047,-0.0111,-0.0046,-0.015293452,0.010593452,0.004193452,0.010693452,0.26786278096563754,0.028899510207339496,0.10475515990756379,2011-08-01,17.226558845937415,1.0,2011-11-01,-3.6581817839258735,0.0,2011-09-01,19.26669930231354,1.0
2011-07-01,-0.0053,-0.0073,-0.0034,-0.014751181,0.009451181,0.007451181,0.011351181,0.27984558159170714,0.03656602668870579,0.11729543568835843,2012-05-01,7.17909246092372,1.0,2011-10-01,-4.872814090285338,0.0,2011-12-01,12.720937948368997,1.0
2011-08-01,0.0125,-0.0107,0.0127,0.004848051,0.007651949000000001,-0.015548051,0.007851949,0.2896388947099222,0.020449445240882325,0.1260683824673161,2012-06-01,7.660415887942248,1.0,2011-10-01,-8.943601820760401,0.0,2011-12-01,8.252737297770452,1.0
2011-09-01,-0.0308,-0.0376,-0.0215,-0.03315834,0.0023583400000000004,-0.00444166,0.011658340000000003,0.29268030170087234,0.015916955757933726,0.13919647053337014,2012-06-01,7.146111072345342,1.0,2012-03-01,4.197533046580949,1.0,2011-12-01,4.658602386195005,1.0
2011-10-01,0.0772,0.07,0.0773,0.076604567,0.0005954330000000063,-0.006604566999999992,0.0006954329999999953,0.29345000621095507,0.009207264157194306,0.13998870535246244,2011-12-01,159.2756043321476,1.0,2012-02-01,5.25132310549555,1.0,2011-12-01,15.512313491613597,1.0
2011-11-01,0.0291,0.0219,0.0305,0.019553271,0.009546729,0.002346728999999999,0.010946728999999999,0.30579822289529934,0.011575600111002782,0.15246785277301678,2012-09-01,7.855519329639352,1.0,2012-01-01,16.453135576130634,1.0,2012-09-01,5.589467323114345,1.0
2011-12-01,-0.0045,0.0049,-0.0051,-0.013752994,0.009252994,0.018652994,0.008652993999999999,0.31788076601696,0.030444513710419674,0.16244015018825464,2012-08-01,7.549568448492277,1.0,2012-02-01,1.4562794118694067,1.0,2012-10-01,6.543871272917265,1.0
2012-01-01,0.0321,0.0601,0.0282,0.045276719,-0.013176719000000003,0.014823281,-0.017076719,0.30051542148764976,0.045719082292057456,0.14258948638917213,2012-08-01,11.209711630162781,1.0,2012-03-01,-27.990114165097133,0.0,2012-11-01,9.828150901733812,1.0
2012-02-01,0.034,0.0268,0.029,0.028063397,0.005936603000000002,-0.0012633969999999994,0.0009366030000000011,0.3082360652403997,0.0443979239406469,0.14365963912989277,2012-08-01,8.952623554152119,1.0,2012-04-01,-14.957886654163579,0.0,2012-12-01,8.703502012791018,1.0
2012-03-01,0.0197,-0.0012,0.0137,0.00023188,0.01946812,-0.00143188,0.01346812,0.3337049619468275,0.04290247144131465,0.1590625843888509,2012-06-01,6.886657945201219,1.0,2012-08-01,-3.0501753208935023,0.0,2012-12-01,6.9744126195609955,1.0
2012-04-01,0.0393,0.0254,0.0359,0.027209508,0.012090492000000001,-0.0018095080000000013,0.008690492000000001,0.34983011111960605,0.04101533107602173,0.16913540850598152,2012-06-01,25.77254817364702,1.0,2012-08-01,-2.5517762154139754,0.0,2012-08-01,5.653047504041711,1.0
2012-05-01,-0.0259,-0.0291,-0.0351,-0.031115735,0.005215734999999999,0.0020157349999999977,-0.003984265000000001,0.35687046727422644,0.04311374211440833,0.16447726321761036,2012-08-01,3.6692192214007706,1.0,2012-08-01,-3.2372008984853133,0.0,2012-07-01,43.69577605159025,1.0
2012-06-01,0.0281,0.0205,0.0437,0.022163669,0.0059363309999999996,-0.0016636689999999996,0.021536331000000002,0.36492529949209085,0.04137834611817848,0.18955583100023898,2012-08-01,1.9186944008713154,1.0,2012-08-01,-1.5058034126176716,0.0,2012-08-01,6.65060693966428,1.0
2012-07-01,0.0665,0.0247,0.0514,0.031925336,0.034574664000000005,-0.007225335999999999,0.019474664000000003,0.41211713310712916,0.033854037664350356,0.21272203111820942,2013-02-01,-7.487273936515847,0.0,2012-10-01,4.578986733367073,1.0,2012-12-01,1.9837055015892446,1.0
2012-08-01,0.0288,0.0276,0.0383,0.02709145,0.0017085499999999997,0.00050855,0.011208550000000001,0.4145298058348994,0.034379804135204584,0.22631488664009947,2013-02-01,-7.220793993356413,0.0,2012-10-01,4.34282548016989,1.0,2013-06-01,1.2151716348230457,1.0
2012-09-01,-0.0012,0.0191,0.0018,0.011975871,-0.013175871,0.007124128999999998,-0.010175871000000001,0.39589214358756375,0.0417488592948585,0.2138360645482702,2013-02-01,-5.117160814313483,0.0,2013-07-01,-4.6449320557560805,0.0,2012-12-01,4.698371132016366,1.0
2012-10-01,0.0343,0.0359,0.036,0.03285995,0.0014400499999999983,0.0030400500000000025,0.0031400499999999984,0.39790229806893707,0.04491582791455784,0.21764757048275496,2012-12-01,-7.677174596123789,0.0,2013-08-01,-5.6412067045431336,0.0,2012-12-01,2.277749301146545,1.0
2012-11-01,0.0174,0.0111,0.0316,0.021379305,-0.003979305000000002,-0.010279305,0.010220695000000002,0.3923396184647199,0.03417481942009659,0.23009277491815028,2013-02-01,-6.544644914562347,0.0,2013-02-01,5.8524560636347305,1.0,2013-02-01,-2.4933240020888094,0.0
2012-12-01,0.037,0.0444,0.0447,0.043323126,-0.006323126000000005,0.0010768739999999985,0.0013768739999999932,0.38353567962237567,0.035288495394584896,0.23178645767752282,2013-02-01,-3.4099927869074893,0.0,2013-02-01,23.735879946244616,1.0,2013-02-01,-1.6325030076693954,0.0
2013-01-01,-0.0024,0.0203,-0.0048,0.015064693,-0.017464693,0.005235306999999998,-0.019864693,0.35937265372322447,0.040708548501543707,0.20731739785420134,2013-05-01,3.4207949877435677,1.0,2013-07-01,-7.9171428211600245,0.0,2013-06-01,2.9043870245185173,1.0
2013-02-01,-0.0169,-0.0066,-0.0105,-0.011099653,-0.005800346999999999,0.004499652999999999,0.0005996529999999986,0.35148782062931905,0.04539137584393438,0.20804136935377682,2013-04-01,161.37854315095774,1.0,2013-07-01,-12.37720932079939,0.0,2013-04-01,3.114668970877557,1.0
2013-03-01,0.0291,0.0008,0.0186,0.012205078,0.016894922,-0.011405077999999999,0.006394921999999999,0.37432110194280144,0.0334686056619069,0.2157666996835672,2013-10-01,-1.3659615769087925,0.0,2013-07-01,-8.024071075018446,0.0,2014-01-01,-4.0821705255721925,0.0
2013-04-01,0.0002,-0.0217,0.0055,-0.016774731,0.016974731,-0.0049252689999999995,0.022274731,0.39764983295590395,0.0283784947759671,0.2428475758777764,2013-08-01,-12.085716725387053,0.0,2013-07-01,-5.8121023222851225,0.0,2014-02-01,-6.387217658225044,0.0
2013-05-01,0.0643,0.0591,0.0493,0.067006837,-0.0027068370000000036,-0.007906837,-0.017706837000000003,0.39386662267501515,0.020247273643468233,0.22084067643586347,2013-07-01,-25.404876886624336,0.0,2013-12-01,-3.9287696916857944,0.0,2014-02-01,-5.336440536068824,0.0
2013-06-01,-0.0468,-0.0559,-0.0156,-0.039943587,-0.006856412999999999,-0.015956412999999996,0.024343587000000003,0.3843096974430402,0.003967786783089178,0.25056031765581865,2013-08-01,-6.74775232834765,0.0,2013-12-01,-3.149675530809281,0.0,2013-08-01,-6.648270696174643,0.0
2013-07-01,0.0247,0.0295,0.0041,0.03261399,-0.007913990000000003,-0.003113990000000004,-0.028513990000000003,0.37335428434057283,0.0008414411347243966,0.21490185326378386,2013-12-01,3.387134354277244,1.0,2014-05-01,3.273082671512883,1.0,2014-02-01,-4.161036373485178,0.0
2013-08-01,0.0156,0.0235,0.0031,0.020318371,-0.004718370999999999,0.003181629000000002,-0.017218371,0.36687428931261445,0.0040257472882403444,0.19398322242570054,2013-12-01,4.420232896093121,1.0,2013-10-01,-20.668707400002674,0.0,2013-10-01,4.670677993656459,1.0
2013-09-01,0.0646,0.0541,0.0604,0.055695466,0.008904534000000006,-0.0015954659999999968,0.004704534000000003,0.3790456678955245,0.0024238583453173312,0.19960035709103185,2014-06-01,-2.7862425335831102,0.0,2013-12-01,-4.687333829432176,0.0,2014-02-01,-4.19991141072921,0.0
2013-10-01,0.0387,0.04,0.0435,0.041350895,-0.0026508950000000003,-0.0013508949999999978,0.0021491049999999984,0.37538996262972857,0.001069688967197946,0.20217842421645793,2013-12-01,54.52908847259028,1.0,2013-12-01,-7.153331048915685,0.0,2013-12-01,-12.737896501087778,0.0
2013-11-01,-0.0095,-0.0204,-0.0215,-0.016041785,0.006541785,-0.004358215000000002,-0.005458214999999999,0.38438746805641033,-0.0032931879673042674,0.19561667590872323,2014-05-01,-3.3122613433501993,0.0,2014-08-01,5.068824996244537,1.0,2014-02-01,-4.967497010095833,0.0
2013-12-01,0.0419,0.0278,0.0308,0.034974304,0.006925696000000002,-0.007174303999999999,-0.004174303999999997,0.3939753148063787,-0.010443865635697658,0.19062580843601085,2014-05-01,-2.7713098377182828,0.0,2014-03-01,4.96320504285022,1.0,2014-02-01,-3.880789441385749,0.0
2014-01-01,-0.0567,-0.0119,-0.0643,-0.033369154,-0.023330846000000002,0.021469153999999997,-0.030930845999999998,0.36145269140882963,0.010801067404614395,0.15379874491165113,2014-11-01,3.5500892109681907,1.0,2014-09-01,3.304710183948602,1.0,2014-11-01,5.001171550519258,1.0
2014-02-01,0.0575,0.0513,0.0368,0.049019064,0.008480936000000001,0.0022809359999999973,-0.012219064000000002,0.3729990845516957,0.01310663994809591,0.13970040420445606,2014-12-01,4.5377096244816935,1.0,2014-09-01,2.2456614324586317,1.0,2014-12-01,5.249771519714719,1.0
2014-03-01,0.0319,0.0496,0.0595,0.033481222,-0.0015812220000000002,0.016118778,0.026018778,0.3708280681932228,0.02943668096774532,0.16935401600796207,2015-01-01,6.746893073998929,1.0,2014-05-01,-5.337463914676989,0.0,2015-01-01,5.327193752140446,1.0
2014-04-01,0.0099,0.0136,0.0169,0.016294732,-0.0063947319999999985,-0.002694732,0.0006052679999999991,0.3620619900790494,0.026662625001567797,0.17006178857452303,2015-01-01,9.678196396939471,1.0,2015-01-01,-2.5142731233239446,0.0,2015-01-01,5.275694732974248,1.0
2014-05-01,0.0087,0.0167,0.0219,0.021998123,-0.013298123000000002,-0.005298123000000002,-9.812300000000204e-05,0.3439491222013533,0.021223240134806698,0.16994697860164276,2014-12-01,17.732400651357782,1.0,2014-07-01,5.3111030034883955,1.0,2015-01-01,5.178496207980902,1.0
2014-06-01,0.0413,0.0293,0.0281,0.027232913,0.014067087000000002,0.0020670869999999987,0.000867086999999999,0.36285457142693334,0.02333419741858722,0.17096142441747753,2014-12-01,13.169914400752626,1.0,2014-08-01,3.885019610894187,1.0,2015-01-01,4.777199001281933,1.0
2014-07-01,0.0174,0.0177,0.0067,0.013640607,0.003759392999999998,0.004059393,-0.0069406070000000005,0.36797807736277366,0.027488313096248662,0.1628342413584356,2014-09-01,55.7725471419065,1.0,2015-01-01,-4.955465490901005,0.0,2014-10-01,6.238421416837707,1.0
2014-08-01,0.0153,0.0166,0.0138,0.00605191,0.00924809,0.01054809,0.00774809,0.3806292617402516,0.038326352296735866,0.17184398571556248,2014-11-01,10.04873955190534,1.0,2014-12-01,-15.30554748620153,0.0,2014-10-01,3.0049022787969726,1.0
2014-09-01,-0.0145,-0.0317,-0.0051,-0.024250735,0.009750734999999998,-0.007449265,0.019150735,0.3940914118047263,0.030591584141994144,0.19428565934734499,2015-01-01,6.294319595458066,1.0,2014-12-01,-8.914553125630128,0.0,2015-07-01,2.404028132450679,1.0
2014-10-01,0.0454,0.0173,0.0333,0.028250764,0.017149236,-0.010950764000000002,0.005049236000000002,0.4179990144313388,0.019305818923669005,0.20031588949280543,2014-12-01,4.785037033420719,1.0,2015-01-01,-8.123396554863293,0.0,2015-08-01,2.7809195027484677,1.0
2014-11-01,0.014,0.0016,0.0001,0.006165908,0.007834092,-0.0045659080000000005,-0.006065908,0.4291077491663031,0.014651762330598839,0.19303488373620392,2015-01-01,2.340891175221516,1.0,2015-01-01,-3.647118680488762,0.0,2015-01-01,7.606850264572838,1.0
2014-12-01,0.0064,-0.0054,0.0071,0.002758579,0.003641421,-0.008158579000000001,0.004341421,0.43431173213538,0.006373645770135328,0.19821435043418867,2015-06-01,-2.183449908364075,0.0,2015-10-01,-4.246060524275433,0.0,2015-10-01,4.562459910598704,1.0
2015-01-01,0.0639,0.0367,0.0465,0.039628473,0.024271527,-0.002928472999999994,0.006871527000000002,0.46912466806832076,0.0034265077205859473,0.20644791269498453,2015-06-01,-3.0743777347838637,0.0,2015-11-01,-5.984673734722659,0.0,2015-11-01,5.620987449576279,1.0
2015-02-01,-0.0036,0.0389,0.0169,0.025679226,-0.029279226,0.013220773999999998,-0.008779226000000001,0.4261098348897734,0.016692582804769263,0.19585623381220696,2015-12-01,4.015088113733886,1.0,2015-12-01,-9.540156161177908,0.0,2015-12-01,9.024289906782487,1.0
2015-03-01,0.0166,-0.0049,0.0003,0.000765354,0.015834646,-0.005665354,-0.000465354,0.4486917792823715,0.010932659414006007,0.19529973733037753,2015-05-01,-7.6095277836415685,0.0,2016-01-01,-11.444239823693552,0.0,2016-01-01,11.203978658650065,1.0
2015-04-01,0.0263,0.0665,0.0409,0.044055988,-0.017755987999999997,0.022444012000000006,-0.0031559879999999985,0.42296882543373493,0.033622044153085895,0.19152738570295957,2016-01-01,8.409198384398932,1.0,2015-12-01,-18.059593400641585,0.0,2016-01-01,10.223028252369033,1.0
2015-05-01,-0.06,-0.0726,-0.0422,-0.048626448,-0.011373551999999995,-0.023973551999999995,0.006426448000000001,0.4067846155032855,0.00884245232923564,0.19918467448775568,2016-01-01,11.385264400178608,1.0,2015-12-01,-13.967602014352668,0.0,2016-03-01,8.315044178658908,1.0
2015-06-01,0.0083,-0.0037,0.0234,0.005152492,0.0031475080000000003,-0.008852492,0.018247508000000003,0.4112124813348592,-8.831740926940057e-05,0.22106680642894827,2015-12-01,9.978521404159665,1.0,2015-12-01,-10.91016747005558,0.0,2016-03-01,6.819066605613895,1.0
2015-07-01,0.0194,-0.0332,0.0094,0.000640291,0.018759709,-0.033840291,0.008759709000000001,0.43768641682186904,-0.03392561972243935,0.23176299632282515,2015-12-01,7.25264935682326,1.0,2015-12-01,-7.651071306881657,0.0,2016-03-01,5.629919840070554,1.0
2015-08-01,-0.0278,-0.0286,-0.0407,-0.031118236,0.003318236000000002,0.002518236,-0.009581764,0.44245699964687835,-0.03149281643934665,0.21996053398812698,2015-10-01,23.119398372453684,1.0,2015-12-01,-9.759623208278558,0.0,2015-12-01,10.445730611528278,1.0
2015-09-01,-0.0002,-0.0398,-0.0001,-0.010689689,0.010489689,-0.029110311,0.010589689000000001,0.4575879249690471,-0.05968636175853126,0.23287953663533512,2015-12-01,6.031633256062025,1.0,2015-12-01,-5.547840903867059,0.0,2015-12-01,6.614775143856688,1.0
2015-10-01,0.0779,0.064,0.073,0.068966206,0.008933793999999995,-0.004966206000000001,0.004033793999999993,0.4706097152276081,-0.0643561529906479,0.23785271871293734,2015-12-01,3.352381292471117,1.0,2015-12-01,-14.966110496759555,0.0,2015-12-01,6.676561556899168,1.0
2015-11-01,-0.0018,-0.0613,-0.0146,-0.030826752,0.029026752,-0.030473248,0.016226751999999997,0.5132967387203105,-0.09286825998023784,0.2579390477920178,2016-08-01,-5.024631240713205,0.0,2016-09-01,5.631683024381,1.0,2016-01-01,1.9196636797304563,1.0
2015-12-01,-0.0202,-0.0541,-0.0198,-0.029189446,0.008989446000000002,-0.024910554,0.009389446,0.5269004380350126,-0.11546541417511402,0.26975039855255223,2016-02-01,-36.900099377434465,0.0,2016-02-01,34.40627182024363,1.0,2016-10-01,-3.0484712240425798,0.0
2016-01-01,-0.0252,-0.0016,-0.0194,-0.019877911,-0.005322088999999999,0.018277911,0.000477911000000001,0.5187741380096513,-0.09929796973898486,0.2703572262352747,2016-06-01,-4.362958128250153,0.0,2016-04-01,13.012364412618856,1.0,2016-11-01,-3.6941767230640905,0.0
2016-02-01,0.0006,0.0217,0.0005,0.005470786,-0.004870786,0.016229214,-0.004970786,0.5113765142010718,-0.08468028373964442,0.26404255232010554,2016-06-01,-3.13109537743551,0.0,2016-04-01,7.090505678115073,1.0,2016-12-01,-4.56453720963294,0.0
2016-03-01,0.0633,0.1095,0.0868,0.081745211,-0.018445211000000003,0.027754789000000002,0.005054789000000004,0.48349885549618854,-0.05927577814729834,0.2704320207091051,2016-08-01,-2.0701875714579,0.0,2017-01-01,6.439245818644556,1.0,2017-01-01,-5.995769409745003,0.0
2016-04-01,0.03,0.0333,-0.0019,0.016898123,0.013101876999999998,0.016401877000000002,-0.018798123,0.5029354750305404,-0.043846135169549605,0.24655028332067674,2016-06-01,-6.48354967200041,0.0,2017-01-01,6.124709363471483,1.0,2017-02-01,-6.4025676953112365,0.0
2016-05-01,-0.0209,-0.0158,0.0224,0.002731569,-0.023631568999999998,-0.018531569,0.019668431,0.4674187516498085,-0.06156516649027177,0.2710679715561999,2016-12-01,1.5311061904645025,1.0,2017-01-01,8.08873510110367,1.0,2017-01-01,-10.92785205842162,0.0
2016-06-01,-0.0257,-0.0024,-0.0116,-0.011701866,-0.013998134,0.009301866,0.0001018660000000008,0.4468776273301016,-0.05283597141923202,0.27119745016619046,2016-12-01,1.7973677070979228,1.0,2016-12-01,7.31926846602875,1.0,2017-01-01,-11.39885977010028,0.0
2016-07-01,0.0467,0.0264,0.0197,0.022779229,0.023920770999999997,0.0036207709999999983,-0.0030792290000000028,0.4814880557184884,-0.049406507372303565,0.2672831421129127,2016-12-01,1.2327600649843578,1.0,2016-12-01,7.4911903351688505,1.0,2016-09-01,-160.92816104311694,0.0
2016-08-01,-0.0541,-0.0204,-0.0303,-0.0158,-0.0383,-0.0046,-0.014499999999999999,0.4247470631844703,-0.05377923743839097,0.2489075365522755,2016-11-01,3.141148692287681,1.0,2016-10-01,7.558114427277465,1.0,2017-01-01,-6.356544626003975,0.0
2016-09-01,0.0266,0.0298,-0.0225,-0.0081,0.034699999999999995,0.0379,-0.0144,0.4741857862769714,-0.01791747053730597,0.23092326802592278,2017-07-01,-3.3684954811355783,0.0,2016-12-01,7.220455273993698,1.0,2017-01-01,-4.021915292772191,0.0
2016-10-01,-0.0236,-0.0029,-0.0273,-0.0258,0.0022000000000000006,0.0229,-0.0015000000000000013,0.4774289950067807,0.004572219387389609,0.22907688312388386,2017-08-01,-4.639289849006485,0.0,2016-12-01,2132.584624447593,1.0,2017-03-01,-2.5699166749446474,0.0
2016-11-01,-0.0054,-0.0056,-0.0455,-0.0165,0.0111,0.0109,-0.028999999999999998,0.49382845685135623,0.015522056578711974,0.19343365351329123,2017-06-01,-8.599276252156834,0.0,2017-06-01,-3.6196766294634544,0.0,2017-04-01,-1.9869435860654696,0.0
2016-12-01,0.0198,0.0344,0.0258,0.0236,-0.003799999999999998,0.0108,0.0022000000000000006,0.488151908715321,0.02648969478976193,0.19605920755102035,2017-06-01,-6.491695118674405,0.0,2017-02-01,-18.04996691977711,0.0,2017-03-01,-1.511331145067238,0.0
2017-01-01,0.0141,0.0161,0.0137,0.0229,-0.0088,-0.0068000000000000005,-0.0092,0.47505617191862615,0.01950956486519151,0.18505546284155105,2017-06-01,-4.944623473660688,0.0,2017-06-01,-3.8198445350512045,0.0,2017-06-01,2.713985987331887,1.0
2017-02-01,-0.0135,-0.0229,-0.0101,-0.0146,0.0011000000000000003,-0.0083,0.0045000000000000005,0.4766787337077367,0.011047635476810536,0.1903882124243379,2017-05-01,-6.058014412744795,0.0,2017-06-01,-2.6832095081051905,0.0,2017-06-01,2.283787070014869,1.0
2017-03-01,0.0137,0.0224,0.0102,0.0159,-0.0022000000000000006,0.006499999999999999,-0.0057,0.47343004049357984,0.017619445107409648,0.1836029996135191,2017-12-01,3.2179365543389444,1.0,2017-06-01,-6.173856629638731,0.0,2017-06-01,3.72901133458803,1.0
2017-04-01,0.0286,0.0291,0.0379,0.0351,-0.006499999999999999,-0.005999999999999998,0.002800000000000004,0.46385274523037157,0.011513728436765236,0.1869170880124369,2017-12-01,5.124468713301648,1.0,2017-06-01,-2.7476315069859774,0.0,2017-11-01,-3.187363626819116,0.0
2017-05-01,-0.0094,-0.0197,0.0077,-0.0075,-0.0019000000000000006,-0.012199999999999999,0.0152,0.4610714250144339,-0.0008267390501632832,0.20495822775022599,2017-12-01,6.099644963988486,1.0,2017-08-01,2.7296963313064633,1.0,2017-11-01,-6.743581972428676,0.0
2017-06-01,-0.0351,-0.0378,-0.0342,-0.035,-9.999999999999593e-05,-0.002799999999999997,0.0008000000000000021,0.46092531787193236,-0.0036244241808228717,0.2059221943324261,2017-12-01,6.2165995021720954,1.0,2017-08-01,16.479295631426144,1.0,2017-10-01,-6.86633164688687,0.0
2017-07-01,0.0549,0.0625,0.0412,0.0529,0.001999999999999995,0.009599999999999997,-0.011700000000000002,0.46384716850767616,0.005940781347041346,0.19181290465873668,2017-12-01,5.355919065971486,1.0,2017-12-01,-1.1832096332914515,0.0,2017-10-01,-4.062175257794549,0.0
2017-08-01,0.0262,0.0338,0.0265,0.0261,9.99999999999994e-05,0.007699999999999995,0.0003999999999999976,0.46399355322452696,0.013686525363413526,0.19228962982060005,2017-11-01,6.056968153104102,1.0,2017-10-01,-6.290947904038968,0.0,2017-10-01,-9.103068245458926,0.0
2017-09-01,-0.0144,-0.0246,-0.0342,-0.019,0.0046,-0.005600000000000001,-0.015200000000000002,0.4707279235693598,0.008009880821378434,0.17416682744732692,2017-11-01,2.9317557618838137,1.0,2018-06-01,1.4770161916368518,1.0,2018-04-01,4.316193406250438,1.0
2017-10-01,0.0605,0.0455,0.0382,0.0487,0.011799999999999998,-0.0032000000000000015,-0.010500000000000002,0.4880825130674782,0.004784249202750113,0.16183807575913,2018-08-01,-4.9201030738647935,0.0,2018-05-01,1.6367693028081678,1.0,2018-03-01,3.911510447040694,1.0
2017-11-01,0.0274,0.0335,0.0289,0.0244,0.002999999999999999,0.0091,0.004499999999999997,0.49254676060668046,0.013927785870495146,0.16706634710004598,2018-07-01,-4.986993703005008,0.0,2018-05-01,1.5961412205667846,1.0,2018-04-01,2.441404589570217,1.0
2017-12-01,0.0073,-0.0162,0.053,0.0082,-0.0009000000000000006,-0.024399999999999998,0.0448,0.4912034685221345,-0.010812052104744896,0.21935091945012797,2018-07-01,-4.112196828379629,0.0,2018-05-01,4.320444469432747,1.0,2018-09-01,-3.228879136042918,0.0
2018-01-01,-0.0123,0.014,-0.0166,-0.0041,-0.008199999999999999,0.0181,-0.0125,0.478975600080253,0.007092249752159274,0.20410903295700145,2018-07-01,-3.1030641066399474,0.0,2018-05-01,2.792862710804663,1.0,2018-03-01,13.707119643049436,1.0
2018-02-01,0.0004,-0.0073,0.0045,-0.0079,0.0083,0.0006000000000000007,0.012400000000000001,0.491251097560919,0.007696505102010587,0.21903998496566812,2018-07-01,-5.0399870338452795,0.0,2018-05-01,2.9031159877324244,1.0,2018-09-01,-4.086313620961567,0.0
2018-03-01,-0.0406,-0.0382,-0.0288,-0.0383,-0.0022999999999999965,0.00010000000000000286,0.009500000000000001,0.48782122003652884,0.007797274752520789,0.23062086482284205,2018-07-01,-3.1136401638055573,0.0,2018-05-01,3.9317597325991844,1.0,2018-06-01,-6.766421629746145,0.0
2018-04-01,0.0289,0.0457,0.0357,0.0409,-0.012,0.004799999999999999,-0.005199999999999996,0.4699673653960905,0.012634701671332849,0.2242216363257632,2018-07-01,-2.194786233896015,0.0,2019-02-01,3.7030885608665374,1.0,2018-06-01,-7.983908934394934,0.0
2018-05-01,-0.0519,-0.0412,-0.0739,-0.0535,0.0015999999999999973,0.012299999999999998,-0.020399999999999995,0.4723193131807244,0.025090108501890196,0.1992475149447177,2018-07-01,-3.697885034672908,0.0,2019-03-01,4.656750028060441,1.0,2019-03-01,-1.905285858464001,0.0
2018-06-01,0.0024,-0.0062,-0.0066,0.0068,-0.004399999999999999,-0.013,-0.013399999999999999,0.46584110820272917,0.011763937091365584,0.18317759824445856,2018-10-01,3.4652393032067694,1.0,2019-04-01,7.042167242042556,1.0,2018-11-01,3.076683297311513,1.0
2018-07-01,0.0129,0.0132,0.0207,0.0145,-0.0016000000000000007,-0.0013000000000000008,0.006199999999999999,0.4634957624296048,0.01044864397314682,0.19051329935357408,2018-10-01,3.5503014838460714,1.0,2019-05-01,8.59655567851332,1.0,2019-05-01,-3.2573945339804395,0.0
2018-08-01,0.0164,-0.0112,0.0094,0.0122,0.004200000000000001,-0.0234,-0.0028000000000000004,0.46964244463180904,-0.013195854295824816,0.18717986211538395,2019-01-01,-1.6902910248795862,0.0,2019-05-01,7.975888167634693,1.0,2019-06-01,-4.229394783587562,0.0
2018-09-01,-0.0283,-0.0077,-0.0424,-0.0419,0.013600000000000001,0.0342,-0.0005000000000000004,0.4896295818788017,0.020552847487258052,0.18658627218432633,2018-12-01,-2.224556884571001,0.0,2019-05-01,8.963420375738398,1.0,2018-11-01,23.028784301472,1.0
2018-10-01,-0.0462,-0.031,-0.032,-0.0456,-0.0005999999999999964,0.014600000000000002,0.013600000000000001,0.4887358041296743,0.03545291906057191,0.20272384548603317,2019-08-01,1.61379992106564,1.0,2019-05-01,6.858367016445393,1.0,2019-08-01,-8.4105536000328,0.0
2018-11-01,-0.0553,-0.0174,-0.001,-0.0166,-0.0387,-0.0007999999999999986,0.0156,0.4311217285098561,0.034624556725323385,0.2214863374756153,2019-02-01,30.33727949282548,1.0,2019-01-01,8.803821538565325,1.0,2019-02-01,-11.91281096194109,0.0
2018-12-01,0.0338,0.0397,0.0101,0.0263,0.007499999999999996,0.013399999999999999,-0.0162,0.44185514147368,0.048488525785442826,0.20169825880851033,2019-02-01,14.162155432358805,1.0,2019-05-01,3.6022802979736666,1.0,2019-08-01,-6.299173736372671,0.0
2019-01-01,0.0336,0.0474,-0.0009,0.0277,0.005899999999999999,0.0197,-0.0286,0.45036208680837464,0.0691437497434162,0.16732968860658692,2019-11-01,4.520729206665066,1.0,2019-11-01,-3.2231132112457623,0.0,2019-11-01,-5.970618853419584,0.0
2019-02-01,0.0199,0.0041,-0.0038,0.0124,0.0075000000000000015,-0.008299999999999998,-0.0162,0.4612398024594375,0.06026985662054596,0.14841894765116015,2019-12-01,5.3953952263163645,1.0,2019-12-01,-4.257990396913329,0.0,2019-04-01,-33.92956687852945,0.0
2019-03-01,0.0162,0.0115,-0.0034,-0.0013,0.017499999999999998,0.012799999999999999,-0.0021,0.4868114990024779,0.07384131078528888,0.14600726786109264,2020-01-01,6.797029064045252,1.0,2020-01-01,-7.19353400853046,0.0,2020-01-01,-6.308872150229115,0.0
2019-04-01,0.0124,0.0478,0.0481,0.05,-0.0376,-0.0022000000000000006,-0.0019000000000000059,0.43090738663998485,0.07147885990156122,0.14382985405215654,2020-02-01,15.278015213427757,1.0,2020-02-01,-9.089007945212286,0.0,2020-01-01,-5.326953836877226,0.0
2019-05-01,-0.042,-0.0333,-0.0421,-0.0475,0.005499999999999998,0.014199999999999997,0.005400000000000002,0.4387773772665049,0.08669385971216337,0.1500065352640383,2020-02-01,12.60542176009266,1.0,2019-08-01,-10.162061156738766,0.0,2019-08-01,-14.40665359112619,0.0
2019-06-01,0.059,0.0187,0.012,0.0286,0.030399999999999996,-0.009899999999999999,-0.0166,0.4825162095354065,0.07593559050101284,0.13091642677865534,2020-02-01,10.051794740036291,1.0,2019-08-01,-15.876083006777497,0.0,2019-08-01,-6.5757743825373876,0.0
2019-07-01,-0.0298,-0.0468,-0.0414,-0.0313,0.0015000000000000013,-0.0155,-0.010099999999999998,0.48473998384970973,0.059258588848247085,0.11949417086819092,2020-05-01,10.31629578429517,1.0,2020-05-01,-6.339339176437498,0.0,2020-01-01,-1.9932975152615557,0.0
2019-08-01,0.0036,-0.0466,-0.0445,-0.027,0.0306,-0.019600000000000003,-0.017499999999999998,0.5301730273555108,0.038497120506821414,0.09990302287799757,2020-06-01,10.883093362364606,1.0,2020-06-01,-6.5661028975023354,0.0,2020-01-01,-1.3402513992080742,0.0
2019-09-01,-0.0064,0.0124,0.0295,0.0082,-0.014600000000000002,0.004199999999999999,0.0213,0.5078325011561204,0.04285880841294998,0.12333095726529897,2020-07-01,13.923991464848154,1.0,2020-07-01,-7.453999076271889,0.0,2020-01-01,-4.513069651061493,0.0
2019-10-01,0.0681,0.0258,0.0224,0.0363,0.031799999999999995,-0.010499999999999999,-0.0139,0.5557815746928851,0.03190879092461407,0.10771665695931132,2020-08-01,14.325749683501353,1.0,2020-08-01,-7.856584110861388,0.0,2020-08-01,-3.0982194849678697,0.0
2019-11-01,-0.0162,-0.0053,-0.0099,-0.0146,-0.001599999999999999,0.0093,0.004699999999999999,0.5532923241733765,0.041505542680213114,0.11292292524702008,2020-01-01,22.49293377500324,1.0,2020-01-01,-27.957761646045864,0.0,2020-01-01,-4.334402424056784,0.0
2019-12-01,0.0522,0.0121,0.0165,0.0312,0.021000000000000005,-0.0191,-0.014699999999999998,0.5859114629810172,0.0216127868150211,0.0965629582458889,2020-08-01,10.906145107003965,1.0,2020-02-01,-6.686940395169169,0.0,2020-09-01,-3.0197208902827355,0.0
2020-01-01,-0.0017,-0.0429,-0.0321,-0.0257,0.024,-0.0172,-0.006399999999999996,0.6239733380925616,0.0040410468818028455,0.08954495531311535,2020-08-01,8.388642547193967,1.0,2020-10-01,-4.333632445131047,0.0,2020-08-01,-3.2780362931388813,0.0
2020-02-01,-0.0895,-0.106,-0.0781,-0.0957,0.006199999999999997,-0.010300000000000004,0.01759999999999999,0.6340419727887354,-0.006300575901079686,0.10872094652662634,2020-08-01,6.18766837000529,1.0,2020-10-01,-3.189150829270505,0.0,2020-08-01,-4.497825675418776,0.0
2020-03-01,-0.0909,-0.2547,-0.1034,-0.1623,0.0714,-0.09239999999999998,0.058899999999999994,0.750712569645851,-0.0981184026878199,0.17402461027704463,2020-08-01,4.607826024303048,1.0,2020-10-01,-2.6591505229164074,0.0,2020-08-01,-6.19216860081654,0.0
2020-04-01,0.1316,0.1599,0.0634,0.1429,-0.011300000000000004,0.016999999999999987,-0.0795,0.7309295176088528,-0.08278641553351296,0.08068965376001946,2020-08-01,5.995447659729312,1.0,2020-10-01,-3.9123144143025264,0.0,2020-08-01,-5.922721607040045,0.0
2020-05-01,0.0209,-0.0028,-0.0029,-0.0041,0.024999999999999998,0.0013000000000000004,0.0012000000000000005,0.774202755549074,-0.08159403787370645,0.08198648134453168,2020-08-01,3.545974183254342,1.0,2020-08-01,-4.1607407080574,0.0,2020-07-01,-9.099677109687661,0.0
2020-06-01,0.0747,0.0685,0.0255,0.0707,0.0040000000000000036,-0.0021999999999999936,-0.045200000000000004,0.7812995665712703,-0.0836145309903843,0.0330806923877589,2021-02-01,-3.4593092091636546,0.0,2020-08-01,-10.523012566299668,0.0,2020-08-01,-3.1784190204888847,0.0
2020-07-01,0.0783,0.011,-0.0022,0.03,0.048299999999999996,-0.019,-0.0322,0.8673363356366628,-0.10102585490156701,-0.0001845059071269306,2021-01-01,-6.523449046463472,0.0,2021-05-01,5.707922932576865,1.0,2020-11-01,4.487609314290402,1.0
2020-08-01,-0.0029,-0.0346,-0.0174,-0.0076,0.0047,-0.027,-0.0098,0.876112816414155,-0.12529815681922474,-0.009982697749237102,2021-01-01,-5.932525402124454,0.0,2021-06-01,7.642923918126715,1.0,2020-11-01,4.186366768211001,1.0
2020-09-01,-0.0423,0.0095,0.0352,-0.0127,-0.029599999999999998,0.022199999999999998,0.0479,0.8205798770482959,-0.10587977590061148,0.037439131028574435,2021-01-01,-3.7586628359501515,0.0,2021-07-01,6.788578587878361,1.0,2020-11-01,9.668588789079369,1.0
2020-10-01,-0.0483,-0.0616,-0.026,-0.0425,-0.0058,-0.0191,0.016500000000000004,0.8100205137614158,-0.1229574721809098,0.054556876690545764,2021-01-01,-2.170599768605293,0.0,2021-08-01,6.799515960883224,1.0,2021-04-01,-4.721249466400518,0.0
2020-11-01,0.0353,0.1645,0.1157,0.1044,-0.06910000000000001,0.0601,0.01129999999999999,0.6849480962605019,-0.07024721625898245,0.0664733693971491,2021-09-01,4.8258319844853474,1.0,2021-09-01,11.728746010316385,1.0,2021-04-01,-5.25574642949153,0.0
2020-12-01,0.0633,0.049,0.0463,0.0542,0.009099999999999997,-0.005199999999999996,-0.007899999999999997,0.7002811239364726,-0.0750819307344357,0.05804822977891155,2021-09-01,4.28078098894516,1.0,2021-02-01,16.451999849602256,1.0,2021-02-01,-5.056699497186935,0.0
2021-01-01,0.0084,0.039,0.0113,0.0299,-0.0215,0.0091,-0.0186,0.6637250797718384,-0.06666517630411894,0.03836853270502383,2021-03-01,60.75805584847709,1.0,2021-10-01,11.657774658355935,1.0,2021-04-01,-1.6997343282447142,0.0
2021-02-01,0.0767,0.0612,0.0152,0.0539,0.0228,0.007299999999999994,-0.038700000000000005,0.7016580115906361,-0.05985183209113898,-0.0018163295106605748,2021-09-01,3.0373410363937716,1.0,2021-10-01,10.745409993844234,1.0,2021-09-01,4.689511070637763,1.0
2021-03-01,0.0601,0.0339,0.0422,0.0365,0.023600000000000003,-0.002599999999999998,0.005700000000000004,0.7418171406641751,-0.062296217327702075,0.0038733174111287294,2021-05-01,-4.818760118014169,0.0,2021-10-01,11.220267965983295,1.0,2021-08-01,3.8139212374249416,1.0
2021-04-01,0.0018,0.0194,0.0026,0.0084,-0.0066,0.011000000000000001,-0.0058,0.7303211475357916,-0.05198147571830691,-0.0019491478298558906,2021-09-01,3.441222187548027,1.0,2021-10-01,8.377237211557802,1.0,2021-06-01,127.05025090335126,1.0
2021-05-01,0.0157,0.0357,0.0479,0.0298,-0.014100000000000001,0.0059000000000000025,0.018099999999999998,0.7059236193555369,-0.04638816642504495,0.016115572594423755,2021-09-01,10.017583275548539,1.0,2022-03-01,8.10847229349609,1.0,2021-08-01,1.6836814047490476,1.0
2021-06-01,-0.0172,-0.0133,-0.0127,-0.03,0.012799999999999999,0.0167,0.0173,0.7277594416832878,-0.030462848804343245,0.03369437200030734,2021-09-01,6.733543236815153,1.0,2022-04-01,8.522364195981172,1.0,2022-02-01,-2.2862317630019624,0.0
2021-07-01,0.031,0.0213,0.0139,0.0258,0.0052,-0.0045000000000000005,-0.0119,0.7367437907800409,-0.034825765984723644,0.021393408973503725,2021-09-01,41.1984559145029,1.0,2022-05-01,10.096157314744996,1.0,2022-02-01,-1.9288414476580182,0.0
2021-08-01,0.0382,0.0381,0.0485,0.0206,0.017599999999999998,0.0175,0.0279,0.7673104814977698,-0.017935216889456207,0.049890285083864505,2021-12-01,-3.3228943584843202,0.0,2022-05-01,8.45375532098904,1.0,2021-11-01,-20.220371386409642,0.0
2021-09-01,0.0012,-0.0117,-0.0279,-0.0147,0.0159,0.002999999999999999,-0.013200000000000002,0.7954107181535843,-0.014989022540124686,0.0360317333207576,2021-12-01,-2.959502638282039,0.0,2022-05-01,7.817733499925547,1.0,2021-11-01,-14.10415465045676,0.0
2021-10-01,-0.027,0.0469,0.0072,0.0269,-0.0539,0.019999999999999997,-0.019700000000000002,0.698638080445106,0.004711197009072743,0.015621908174338728,2021-12-01,-5.351993664131698,0.0,2022-05-01,6.637666173387397,1.0,2022-08-01,6.845373831881063,1.0
2021-11-01,0.0025,-0.0053,-0.0065,0.0092,-0.006699999999999999,-0.014499999999999999,-0.0157,0.6872572053061237,-0.009857115347558731,-0.0003233557839984469,2022-04-01,3.6082041221097274,1.0,2022-04-01,9.290241494206263,1.0,2022-09-01,9.34012146105132,1.0
2021-12-01,0.0353,0.0534,0.0654,0.0485,-0.013200000000000003,0.004900000000000002,0.0169,0.6649854101960828,-0.005005415212761877,0.01657117950325193,2022-02-01,68.68699139613547,1.0,2022-02-01,54.570946464855204,1.0,2022-02-01,-25.37359563327235,0.0
2022-01-01,0.0449,0.0502,0.0212,0.0244,0.0205,0.0258,-0.0032000000000000015,0.6991176111051025,0.02066544507474899,0.013318151728841654,2022-11-01,-4.31772190785869,0.0,2022-05-01,4.84764360128791,1.0,2022-08-01,7.35949720755918,1.0
2022-02-01,0.0449,0.0526,0.023,0.0258,0.019100000000000002,0.0268,-0.0028000000000000004,0.7315707574772099,0.04801927900275227,0.0104808609040008,2022-12-01,-8.074779510296038,0.0,2022-05-01,7.934471326662869,1.0,2022-06-01,5.798803097534836,1.0
2022-03-01,0.0225,0.0265,0.0325,0.0153,0.0072,0.0112,0.0172,0.744038066931046,0.05975709492758319,0.027861131711549803,2022-05-01,-11.347779983532055,0.0,2022-05-01,19.063996709395017,1.0,2022-09-01,4.906934196322455,1.0
2022-04-01,-0.0431,-0.0326,-0.0334,-0.039,-0.0040999999999999995,0.006400000000000003,0.005600000000000001,0.7368875108566288,0.06653954033511966,0.03361715404913457,2023-01-01,-9.317113209954362,0.0,2022-08-01,-3.1272957705892463,0.0,2022-10-01,3.370626993325476,1.0
2022-05-01,0.0,0.0109,0.0078,0.0056,-0.0056,0.0053,0.0021999999999999997,0.7271609407958317,0.07219219989889591,0.03589111178804272,2023-03-01,-9.313997975024003,0.0,2022-08-01,-2.1695455897646765,0.0,2023-03-01,-4.487699373488194,0.0
2022-06-01,-0.1036,-0.1108,-0.0642,-0.0755,-0.0281,-0.0353,0.011300000000000004,0.6786277183594689,0.03434381524246488,0.047596681351247616,2022-08-01,16.607648197894697,1.0,2022-11-01,3.0876283502594077,1.0,2023-04-01,-7.36779201387792,0.0
2022-07-01,0.0311,0.0303,0.0216,0.0276,0.0034999999999999996,0.002700000000000001,-0.005999999999999998,0.6845029153737272,0.037136543543619505,0.04131110126314019,2023-01-01,-8.334693105529807,0.0,2023-05-01,-3.4075677386605343,0.0,2023-05-01,-10.014362249593265,0.0
2022-08-01,-0.0123,-0.0249,-0.005,-0.0166,0.0043,-0.008299999999999998,0.0116,0.6917462779098342,0.028528310232207588,0.0533903100377926,2023-01-01,-13.656882478230989,0.0,2022-10-01,12.247692201579948,1.0,2023-05-01,-16.86191272595522,0.0
2022-09-01,-0.0445,-0.0143,-0.0373,-0.0337,-0.010799999999999997,0.0194,-0.003599999999999999,0.6734754181084079,0.048481759450712536,0.049598104921656505,2023-01-01,-10.10579611792418,0.0,2023-07-01,-8.038033149281414,0.0,2023-05-01,-17.257508810411757,0.0
2022-10-01,0.0384,0.0788,0.0538,0.0535,-0.015100000000000002,0.025299999999999996,0.00030000000000000165,0.6482059392949711,0.07500834796481559,0.04991298435313296,2023-01-01,-5.748432193504419,0.0,2023-06-01,-13.248244083238886,0.0,2023-05-01,-14.74311363388844,0.0
2022-11-01,0.0666,0.0886,0.0777,0.0966,-0.03,-0.008000000000000007,-0.0189,0.598759761116122,0.0664082811810971,0.030069628948858673,2023-01-01,-4.4265968847105395,0.0,2023-02-01,-11.522792515071766,0.0,2023-05-01,-13.159583932713115,0.0
2022-12-01,-0.0364,-0.041,-0.0388,-0.0285,-0.0079,-0.0125,-0.0103,0.5861295590033047,0.05307817766633338,0.019459911770685512,2023-10-01,1.9374608013489698,1.0,2023-02-01,-15.066500210257862,0.0,2023-05-01,-9.47867853008368,0.0
2023-01-01,0.0515,0.052,0.0466,0.0697,-0.0182,-0.0177,-0.023099999999999996,0.5572620010294445,0.03443869392163923,-0.0040896121912172845,2023-11-01,3.7481717314795477,1.0,2023-03-01,-9.271030993852666,0.0,2023-05-01,-8.606600462403355,0.0
2023-02-01,-0.0031,-0.0454,-0.0247,-0.0227,0.019600000000000003,-0.0227,-0.0019999999999999983,0.5877843362496216,0.010956935569617965,-0.006081432966834832,2023-12-01,3.3500852393955975,1.0,2023-06-01,-3.7843713922259306,0.0,2023-05-01,-11.52415563390424,0.0
2023-03-01,-0.0462,-0.0547,-0.0349,-0.0208,-0.0254,-0.0339,-0.014100000000000001,0.5474546141088812,-0.023314504546192105,-0.020095684762002408,2023-11-01,5.9307793894160845,1.0,2023-06-01,-2.5951723332243666,0.0,2023-05-01,-5.572974040624573,0.0
2023-04-01,0.0351,0.0364,0.025,0.0321,0.0030000000000000027,0.004300000000000005,-0.007099999999999995,0.5520969779512079,-0.019114756915740716,-0.027053005400192176,2023-11-01,4.712046365648812,1.0,2023-06-01,-3.5258197367327875,0.0,2023-11-01,5.800874468935609,1.0
2023-05-01,-0.0382,-0.075,-0.0716,-0.058,0.019800000000000005,-0.016999999999999994,-0.013599999999999994,0.5828284981146419,-0.03578980604817317,-0.040285084526749504,2023-07-01,-3.6580767466841815,0.0,2023-09-01,2.8540003151292366,1.0,2023-11-01,8.217816241576665,1.0
2023-06-01,0.0288,0.0326,0.0563,0.0385,-0.0097,-0.0059000000000000025,0.017800000000000003,0.5674750616829298,-0.04147864619248898,-0.02320215903132561,2023-11-01,4.5081895262784295,1.0,2023-08-01,6.468644350596891,1.0,2023-10-01,8.585101428574118,1.0
2023-07-01,0.0376,0.0489,0.046,0.0411,-0.003499999999999996,0.007800000000000001,0.004900000000000002,0.5619888989670396,-0.0340021796327904,-0.018415849610579182,2023-11-01,3.25383385352323,1.0,2023-09-01,4.071772819131968,1.0,2023-11-01,6.268168409435667,1.0
2023-08-01,-0.021,-0.0343,-0.0466,-0.0477,0.026699999999999998,0.013400000000000002,0.0010999999999999968,0.6036940025694595,-0.02105780883986974,-0.01733610704515076,2024-06-01,-2.8522949116859246,0.0,2024-04-01,-2.89193983499006,0.0,2023-11-01,7.225356906384669,1.0
2023-09-01,-0.0248,0.0031,-0.0219,-0.0297,0.004900000000000002,0.0328,0.007800000000000001,0.6115521031820497,0.011051495030182545,-0.009671328680102897,2024-07-01,-4.532943778480828,0.0,2023-11-01,-23.123088807786687,0.0,2024-05-01,-3.7860381600932986,0.0
2023-10-01,-0.0327,-0.056,-0.0254,-0.0292,-0.0034999999999999996,-0.0268,0.0038000000000000013,0.6059116708209127,-0.01604468503662637,-0.0059080797290872455,2024-08-01,-6.2636264117803195,0.0,2024-04-01,-2.195040066419478,0.0,2024-05-01,-4.749358600826025,0.0
2023-11-01,0.0999,0.0596,0.0947,0.0833,0.016600000000000004,-0.0237,0.011400000000000007,0.6325698045565398,-0.039364426001258335,0.00542456816200132,2024-09-01,-9.305191746409156,0.0,2024-09-01,3.0376275210759935,1.0,2024-04-01,-8.750328650325397,0.0
2023-12-01,0.0101,0.0436,0.0182,0.0283,-0.0182,0.015300000000000001,-0.010099999999999998,0.6028570341136108,-0.024666701719077477,-0.004730219976434857,2024-09-01,-7.555012061484078,0.0,2024-10-01,3.715576785037497,1.0,2024-04-01,-5.6214378477655105,0.0
2024-01-01,-0.0174,-0.0488,-0.0312,-0.0285,0.011100000000000002,-0.020300000000000002,-0.0026999999999999975,0.6206487471922721,-0.04446596767418021,-0.0074174483824984705,2024-08-01,-15.973095719828896,0.0,2024-11-01,9.505018716363733,1.0,2024-11-01,4.7315516749561395,1.0
2024-02-01,-0.0237,-0.0177,-0.0413,-0.0228,-0.000899999999999998,0.0051,-0.018500000000000003,0.6191901633197991,-0.039592744109318456,-0.025780225587422212,2024-08-01,-13.279786116974478,0.0,2024-12-01,9.356599707337862,1.0,2024-11-01,7.586636211681041,1.0
2024-03-01,0.012,0.0281,0.0256,0.0277,-0.0157,0.00040000000000000105,-0.0020999999999999977,0.5937688777556782,-0.039208581206962245,-0.027826087113688613,2024-08-01,-11.523852243289726,0.0,2024-11-01,10.192718101130051,1.0,2024-11-01,7.785688771017983,1.0
2024-04-01,0.0252,0.0241,0.0223,0.0286,-0.0034000000000000002,-0.0045000000000000005,-0.0063,0.588350063571309,-0.04353214259153082,-0.0339507827648724,2024-07-01,-10.072379942356031,0.0,2024-07-01,25.578943316809394,1.0,2024-11-01,6.768196630069804,1.0
2024-05-01,0.0009,0.0157,0.0151,0.0094,-0.0085,0.006299999999999998,0.0057,0.5748490880309529,-0.037506395089857536,-0.02844430222663219,2024-08-01,-5.152378987137855,0.0,2024-07-01,20.24746901378005,1.0,2024-11-01,4.942085920634763,1.0
2024-06-01,0.0286,0.0501,0.0747,0.0416,-0.012999999999999998,0.0085,0.033100000000000004,0.5543760498865504,-0.029325199448121397,0.003714191369666109,2024-08-01,-11.443411419010184,0.0,2024-09-01,7.954200618507377,1.0,2024-08-01,38.95732075142851,1.0
2024-07-01,0.0352,0.0481,0.0444,0.041,-0.0058,0.007099999999999995,0.0034000000000000002,0.5453606687972083,-0.022433408364203156,0.007126819620323133,2024-12-01,4.19177333956823,1.0,2024-11-01,3.7696512822444883,1.0,2024-11-01,6.707211461011656,1.0
2024-08-01,0.0084,0.0255,0.0158,0.0127,-0.0043,0.012799999999999999,0.003100000000000002,0.5387156179213803,-0.009920555991265068,0.010248912761146256,,,,,,,,,
2024-09-01,0.0435,0.0431,0.0504,0.0387,0.004799999999999999,0.004400000000000001,0.011700000000000002,0.5461014528874029,-0.005564206437626673,0.02206882504045171,,,,,,,,,
2024-10-01,-0.0033,-0.0101,-0.0061,-0.0086,0.0053,-0.0014999999999999996,0.0024999999999999996,0.5542957905877062,-0.007055860127970215,0.024623997103052853,,,,,,,,,
2024-11-01,0.0105,-0.0018,-0.0056,-0.0093,0.019799999999999998,0.0075,0.0036999999999999993,0.5850708472413428,0.0003912209210701345,0.02841510589233409,,,,,,,,,
2024-12-01,0.004,-0.0062,-0.0211,-0.003,0.007,-0.0031999999999999997,-0.0181,0.5961663431720321,-0.0028100309858772876,0.009800792475682885,,,,,,,,,
2025-01-01,-0.0233,0.0083,0.0044,0.0256,-0.0489,-0.017300000000000003,-0.0212,0.5181138089909199,-0.020061417449821595,-0.011606984324801561,,,,,,,,,
2025-02-01,0.0066,-0.0067,-0.024,-0.0038,0.0104,-0.0029000000000000002,-0.0202,0.5339021926044254,-0.02290323933921712,-0.03157252324144055,,,,,,,,,
2025-03-01,0.0816,0.0228,0.0336,0.0361,0.045500000000000006,-0.0133,-0.0025000000000000022,0.6036947423679269,-0.035898626256005484,-0.03399359193333695,,,,,,,,,
2025-04-01,0.0581,0.0557,0.0425,0.0427,0.015399999999999997,0.012999999999999998,-0.0001999999999999988,0.6283916414003932,-0.02336530839733364,-0.03418679321495022,,,,,,,,,
2025-05-01,0.0246,0.0193,0.0274,0.0304,-0.0058,-0.011099999999999999,-0.002999999999999999,0.6189469698802708,-0.03420595347412325,-0.037084232835305375,,,,,,,,,
