Date,Momentum_geommean_1m,Momentum_geommean_3m,Momentum_geommean_6m,Momentum_geommean_12m,Momentum_geommean_24m,Value_geommean_1m,Value_geommean_3m,Value_geommean_6m,Value_geommean_12m,Value_geommean_24m,Quality_geommean_1m,Quality_geommean_3m,Quality_geommean_6m,Quality_geommean_12m,Quality_geommean_24m,SPX_geommean_1m,SPX_geommean_3m,SPX_geommean_6m,SPX_geommean_12m,SPX_geommean_24m,JALSH_geommean_1m,JALSH_geommean_3m,JALSH_geommean_6m,JALSH_geommean_12m,JALSH_geommean_24m
2008-02-01,0.1299999999999999,,,,,0.09000000000000008,,,,,0.1100000000000001,,,,,1378.5499999999995,,,,,27317.13999999999,,,,
2008-03-01,-0.030000000000000027,,,,,-0.040000000000000036,,,,,-0.040000000000000036,,,,,1330.6300000000003,,,,,30673.73999999999,,,,
2008-04-01,0.06000000000000005,0.05128067467800235,,,,0.030000000000000027,0.02528590081407378,,,,0.050000000000000044,0.03815253864385859,,,,1322.7,1343.7354740941776,,,,29587.51000000002,29158.833340096655,,,
2008-05-01,0.050000000000000044,0.025862054874687956,,,,-0.020000000000000018,-0.010433819293922175,,,,0.030000000000000027,0.012587555300005882,,,,1385.5900000000004,1346.0190398991892,,,,30743.49,30330.258225721635,,,
2008-06-01,-0.050000000000000044,0.018762436020672846,,,,-0.07999999999999996,-0.024373227898410676,,,,-0.07000000000000006,0.001927947297171606,,,,1400.3800000000006,1369.1386451889543,,,,31841.270000000022,30710.295483079244,,,
2008-07-01,-0.13,-0.04615592649003575,0.0013779711663171046,,,0.030000000000000027,-0.024373227898410676,0.000148175968193609,,,-0.020000000000000018,-0.020851079039982734,0.008219191448485041,,,1279.9999999999995,1354.2446542108103,1348.9798378471326,,,30413.43000000001,30993.430802631927,30062.140831854325,,
2008-08-01,0.030000000000000027,-0.05225094323901003,-0.013967650188708824,,,0.040000000000000036,-0.004855538091699696,-0.007648598317409716,,,0.010000000000000009,-0.027230080452789296,-0.007520924803100293,,,1267.38,1314.582668394105,1330.2080614570532,,,27719.669999999976,29942.034339001235,30135.521142923855,,
2008-09-01,-0.10999999999999999,-0.07263899952587005,-0.02801206184768268,,,-0.07000000000000006,-0.0012629276481269658,-0.012885707692949389,,,-0.07999999999999996,-0.03072928306467293,-0.014535936832666518,,,1282.8299999999995,1276.7189767452178,1322.1221212457713,,,27702.05999999998,28583.924472871877,29628.040852647733,,
2008-10-01,-0.07000000000000006,-0.05179248431794403,-0.04897838127047005,,,-0.10999999999999999,-0.0487337292111788,-0.0366304752698402,,,-0.10999999999999999,-0.061358534075184656,-0.041318729436831125,,,1166.3599999999997,1237.7601835773087,1294.6940675338242,,,23835.96999999998,26353.867580447943,28579.65988627139,,
2008-11-01,-0.020000000000000018,-0.06739083951779667,-0.0598513669777172,,,0.010000000000000009,-0.05796990733572083,-0.03177686989732553,,,0.020000000000000018,-0.058270875436927994,-0.04287630645956486,,,968.7500000000001,1131.723833933807,1219.7341414084556,,,20991.720000000016,24021.3690829876,26818.817716682155,,
2008-12-01,0.050000000000000044,-0.01455412835412584,-0.044037621324657494,,,0.050000000000000044,-0.019080066927835038,-0.010211587172243575,,,0.040000000000000036,-0.018987579662241516,-0.024876104290721623,,,896.2399999999998,1004.212177105909,1132.3043167409166,,,21209.490000000005,21975.413680111644,25062.801093022175,,
2009-01-01,0.0,0.009574699215185944,-0.02158990324185117,-0.010172581880904308,,-0.06000000000000005,-0.0010444237745944607,-0.025180659978660702,-0.012597455532516455,,-0.040000000000000036,0.006085557531991137,-0.028221412786012645,-0.010168791425610113,,903.2499999999999,922.178420357002,1068.3907936185203,1200.5223718950665,,21509.2,21235.74510394735,23656.802202534738,26667.85523202965,
2009-02-01,-0.07000000000000006,-0.007895508318778388,-0.03810305276633341,-0.026110115486807306,,-0.12,-0.045886718004063076,-0.051947562921305535,-0.030050947315459098,,-0.08999999999999997,-0.031464995334531176,-0.04496197873995467,-0.02642141964911382,,825.8800000000001,874.413441308702,994.7919810464323,1150.3497786091336,,20570.05000000001,21092.591763806246,22509.398633432065,26044.82700457157,
2009-03-01,0.08000000000000007,0.0014645207984524955,-0.006577090247739115,-0.0173530207834679,,0.1100000000000001,-0.028048707753283497,-0.023574684607136298,-0.01824474323041425,,0.10000000000000009,-0.013186451539806465,-0.016091291024911025,-0.015313921022381605,,735.0900000000004,818.50946578676,906.6237625042714,1094.8544967000494,,18465.33000000001,20140.593813843698,21038.011332042337,24966.293130341608,
2009-04-01,-0.010000000000000009,-0.0018848838884089059,0.0038285551479844138,-0.022931600427195553,,0.050000000000000044,0.008474644190672675,0.0037038254864849574,-0.01667010757896803,,0.040000000000000036,0.013497011110682688,0.00978448467001991,-0.016098850108188234,,797.8700000000002,785.351113187994,851.0225223072814,1049.6952591302352,,20363.91,19776.581479835593,20493.181043891906,24201.008554315154,
2009-05-01,0.09000000000000008,0.052353902722471535,0.02178521898157615,-0.019882671886726322,,0.09000000000000008,0.08304439368567285,0.016536787827541977,-0.00791410121154279,,0.08000000000000007,0.07304168440895276,0.019450063914494775,-0.012204570493528744,,872.81,799.9548095287985,836.3569168176504,1010.0342115397605,,20647.030000000002,19801.221010399662,20436.70941201675,23411.296789866803,
2009-06-01,-0.020000000000000018,0.018816389465729833,0.010103196340802922,-0.01734001084733261,,0.0,0.046016653666731244,0.008304139752964401,-0.00099661955840058,,0.0,0.039486926409083356,0.012807870441243985,-0.006212720835246377,,919.1400000000002,861.8110090247997,839.8815547274465,975.2042285507825,,22770.62,21233.97147135162,20680.058242375373,22766.211734863453,
2009-07-01,0.09000000000000008,0.0520257189855029,0.024715947303248997,0.001295375576353175,,0.10000000000000009,0.06236330421348524,0.035068333598280876,0.004492224875465967,,0.09000000000000008,0.05588531812448161,0.03447407603806796,0.002636402751151179,,919.3200000000004,903.4889393120885,842.3539495931057,948.6709690501679,,22049.42000000001,21804.35385860303,20765.73211256814,22164.1808183954,
2009-08-01,0.050000000000000044,0.03899619613850325,0.04565371989017297,0.0029013515924110056,,0.07000000000000006,0.05582551831022209,0.06934835685858509,0.006875521504956961,,0.020000000000000018,0.03595817822358782,0.054336904664855634,0.0034599300283817414,,987.4800000000002,941.4396567341213,867.8219470938014,929.1429609867262,,24258.50999999999,23007.992693597655,21344.471616839273,21919.19788034915,
2009-09-01,0.0,0.046016653666731244,0.03232693969002076,0.012688121902546756,,0.010000000000000009,0.059333270053022025,0.052653904309815314,0.01382341683117616,,0.010000000000000009,0.039399925029392824,0.03944342480898655,0.011294931341225833,,1020.6300000000001,974.8883377161477,916.609503743505,911.6029751745045,,24929.420000000006,23713.25552955909,22439.399720916954,21727.410526863954,
2009-10-01,0.050000000000000044,0.03306155414650691,0.042500515231172376,0.02298181115088105,,0.040000000000000036,0.03971145841485901,0.05097635577125681,0.02706815196629253,,0.040000000000000036,0.023257559161607988,0.03944342480898655,0.02450663397773223,,1057.0799999999995,1021.3352680349434,960.6085181643654,904.1586132377975,,24910.84999999998,24697.611182730816,23205.93768370776,21807.419987798847,
2009-11-01,0.0,0.01639635681485352,0.027634151096422865,0.024705511896468968,,-0.020000000000000018,0.009702882901075238,0.03250669231649694,0.024490622903817538,,0.0,0.016525406633001838,0.02619579436553754,0.02281736793756739,,1036.2,1037.8628521452695,988.4774124605453,909.2448875762328,,26360.550000000017,25391.30772084235,24170.29336263256,22225.242819201194,
2009-12-01,0.050000000000000044,0.03306155414650691,0.03951892233863741,0.024705511896468968,,0.040000000000000036,0.01960256206415001,0.0392780745430239,0.023673964168387407,,0.040000000000000036,0.026491977549256918,0.03292578848045569,0.02281736793756739,,1095.6299999999997,1062.6866583427338,1017.8421883986426,924.5947295671936,,26894.73999999998,26041.74789212965,24850.245003135155,22669.466367178647,
2010-01-01,-0.030000000000000027,0.006129024974034669,0.019506358102579835,0.02210783360894486,0.005838137068009619,-0.020000000000000018,-0.0003948225309819975,0.019461111031390255,0.027235081840331743,0.00712190601506002,-0.020000000000000018,0.006359471391844451,0.014773342345759888,0.02457635914127554,0.007053948825760159,1115.1,1081.7842074727066,1051.1256973245233,940.973652660751,1062.8620293100068,27666.450000000023,26968.601201153513,25808.139734222073,23150.058094964643,24846.780923111004
2010-02-01,0.010000000000000009,0.009471670874924065,0.012928096453581173,0.02916083876037523,0.0011440108225402312,0.020000000000000018,0.013024297883941438,0.0113622269109388,0.039951217863632316,0.004340429637762044,0.010000000000000009,0.009702882901075238,0.01310840171204286,0.033517090497798385,0.0031002451077484228,1073.8699999999994,1094.7371614147587,1065.921099570582,961.7899392517413,1051.8570574416033,26675.95000000002,27075.7333946899,26219.998196734912,23656.97059710741,24822.203045769482
2010-03-01,0.08000000000000007,0.018995550981945053,0.026004448121831558,0.02916083876037523,0.005635017954245258,0.07000000000000006,0.022672729032787275,0.021136491696857274,0.036775440882896415,0.00889035042287345,0.050000000000000044,0.012928792622898033,0.01968783431796428,0.029518244005186656,0.006852661974625862,1104.4899999999996,1097.680178581035,1080.041834408945,994.9790465657209,1043.7239428662838,26764.609999999986,27031.994209831097,26532.251835687857,24400.163437192663,24681.60521617933
2010-04-01,0.0,0.029394182973025762,0.017695124105737925,0.03002315082161311,0.0031964271747637607,0.010000000000000009,0.033003455807650406,0.016167113603227756,0.03342518350837431,0.00806640382688828,0.010000000000000009,0.023161089135660617,0.014725506140092604,0.027010104791228562,0.00522456349544087,1169.43,1115.225830718152,1098.3778701951023,1027.1882729641538,1038.3808464161439,28747.56,27379.611225777142,27173.32916196896,25111.40656445286,24652.00546571004
2010-05-01,-0.050000000000000044,0.008592622039689024,0.009032050731058616,0.0182906239782894,-0.0009783357622321631,-0.040000000000000036,0.012337818864116779,0.012681000204991744,0.02254579843321336,0.007200708643006815,-0.040000000000000036,0.005990706437101423,0.007845085546995367,0.016979050010521135,0.0022810272095474815,1186.69,1152.9875438380845,1123.485231380624,1053.8235573291845,1031.6968110718065,28635.760000000002,28034.332235883547,27550.86412173547,25805.281994387748,24579.161372448303
2010-06-01,-0.030000000000000027,-0.026882879909621127,-0.0042078450015488045,0.01742065432015849,-0.00011072156065872196,-0.030000000000000027,-0.020236069634085863,0.000988437733023595,0.019953595124310608,0.009424137527307641,-0.030000000000000027,-0.020236069634085863,-0.0037916407492805115,0.014400958679491094,0.0040412186300964326,1089.4100000000005,1147.7163172396017,1122.4197116677958,1068.8539141050007,1020.9569046104173,27145.35999999999,28166.644222432693,27593.48791279889,26185.969657770984,24416.294749683402
2010-07-01,0.08000000000000007,-0.0015958788076919639,0.013780742868820584,0.016639519729938046,0.008938278455997262,0.09000000000000008,0.004977846594664825,0.01889429704087542,0.019177664632049396,0.011808301947374256,0.09000000000000008,0.004977846594664825,0.01402871166402786,0.014400958679491094,0.00850152610579813,1030.7099999999996,1100.4129755638119,1107.7946670202148,1079.0885899908187,1011.7826903717357,26258.82,27329.174813361315,27354.381395571374,26570.015428869865,24267.320121287252
2010-08-01,-0.030000000000000027,0.005361865679266664,0.006975948175608204,0.00994763743476268,0.006418327844284644,-0.020000000000000018,0.011908947319426932,0.012123360375815517,0.01174272206834659,0.009306187889191131,-0.010000000000000009,0.015339173374266935,0.010654130895451974,0.011880522213549183,0.007661430251992174,1101.6000000000004,1073.4556269294692,1112.5117466301585,1088.96751194676,1005.8890747949821,28355.209999999995,27239.63189988503,27634.125576495633,26917.77742223511,24290.25208367137
2010-09-01,0.1100000000000001,0.05157315206752977,0.01158481468649808,0.01876911983081131,0.015724070116375,0.08000000000000007,0.04879862595319784,0.013693772263732251,0.01740832622125743,0.015614289778419277,0.08000000000000007,0.052353902722471535,0.015410456843574893,0.017546898026149726,0.014416098243631215,1049.3299999999997,1060.1264322612003,1103.0530998972317,1091.486882483165,997.502268046125,27253.869999999977,27275.879255009066,27717.683777433438,27118.49146316053,24273.74909842187
2010-10-01,0.010000000000000009,0.028344656245455013,0.013263807111232762,0.015477048450588393,0.019222522418992583,0.010000000000000009,0.02248528901227065,0.013693772263732251,0.014929689505043697,0.02098088159165279,0.020000000000000018,0.02932623167683679,0.017079180670801497,0.015901661771812403,0.020195075441076682,1141.1999999999996,1096.7294223382878,1098.5696564663635,1098.4737591489627,996.5961823917643,29456.04000000001,28340.780776432686,27830.381984045787,27499.893350343264,24488.814867081997
2010-11-01,-0.010000000000000009,0.03536429100438432,0.020252799683421197,0.01462691405691885,0.019653760524929176,-0.010000000000000009,0.02595136734703729,0.01890596628593122,0.015788714769597423,0.020130390260467257,-0.010000000000000009,0.02932623167683679,0.022308781730455918,0.015051171901484084,0.018926870764638837,1183.2600000000004,1123.1864047368117,1098.0397664721127,1110.6896986560146,1004.9373065816773,30430.900000000023,29016.105974668186,28113.84132368331,27830.929289114592,24870.654920947632
2010-12-01,0.06000000000000005,0.01957883419516948,0.03545242694000761,0.015428679731356754,0.020056549931657175,0.06000000000000005,0.01957883419516948,0.03408552854918967,0.017402406968246353,0.020533367948174286,0.06000000000000005,0.02293273609389357,0.037539038808171776,0.01666369243209309,0.01973588834123219,1180.55,1168.1774764629092,1112.8425042523922,1117.6208584549818,1016.5409431417779,30266.400000000016,30048.0742126819,28628.442345671563,28106.20193754277,25241.88763593739
2011-01-01,-0.040000000000000036,0.002468567825217205,0.015324182109879736,0.014552168984932834,0.01832299371292101,-0.040000000000000036,0.002468567825217205,0.012427460758786424,0.01565573199519843,0.02142899850047808,-0.040000000000000036,0.002468567825217205,0.015808640096158122,0.01491828568308673,0.01973588834123219,1257.6400000000006,1206.629087079993,1150.3687420454116,1128.8811977167004,1030.6580435812555,32118.890000000018,30927.539420783,29605.922906629283,28457.894357654186,25667.142055717894
2011-02-01,0.030000000000000027,0.015791967657673656,0.025531438036804355,0.016211342291063913,0.022665594116707544,0.010000000000000009,0.009174242551616585,0.017528227636580906,0.014822195772630886,0.027309874579619198,0.020000000000000018,0.012493918573440954,0.02087538407041345,0.015751900830239363,0.024595993166905306,1286.1199999999994,1240.6262650037181,1180.4479958429506,1145.9769925346297,1049.8557983689109,31398.75000000002,31252.005276659384,30113.31164977359,28847.09844844581,26123.461044695083
2011-03-01,0.020000000000000018,0.0028505334052637554,0.011180091636174838,0.011382432916676732,0.020232911137469722,0.020000000000000018,-0.003682880289513024,0.007880869648346556,0.010783142294272352,0.023696799833399673,0.040000000000000036,0.006085557531991137,0.014474175181778515,0.01494220804799462,0.02220424563602652,1327.2199999999998,1290.0117488856554,1227.5853078423559,1163.655922412945,1076.0203782575165,32272.090000000022,31927.628437829604,30973.59806740825,29300.45199411775,26738.287930973842
2011-04-01,0.030000000000000027,0.026655820615915093,0.014490113378272218,0.013876774839217898,0.021918074096327178,0.030000000000000027,0.019967319214357238,0.011180091636174838,0.01243615182818325,0.02287683324706924,0.030000000000000027,0.029967636523575703,0.016125081617471393,0.01660201921427884,0.021792809861290285,1325.8300000000002,1312.9175459272647,1258.6527483741418,1175.8924928797296,1099.0304812678996,32204.05999999999,31955.824479185827,31437.478106733215,29578.998194481905,27253.815002777235
2011-05-01,-0.010000000000000009,0.01318992757491566,0.014490113378272218,0.017367376332332318,0.017828895473402273,0.0,0.016589919256557284,0.012875294274347082,0.015886155255474765,0.019210537496035185,-0.010000000000000009,0.019769267302734983,0.016125081617471393,0.019212242015428815,0.01809503369967591,1363.61,1338.7731885762403,1288.766482772769,1189.5900444864064,1119.6526785966576,32836.22999999999,32436.22740726284,31838.611167842235,29918.31843795342,27785.802059425812
2011-06-01,0.0,0.006524011382251116,0.004685593456926318,0.019953006788369754,0.018686043657434315,-0.010000000000000009,0.006524011382251116,0.001407561355420306,0.0176153828325194,0.018783818174312072,0.0,0.006524011382251116,0.00630476057745466,0.0218025611817676,0.01809503369967591,1345.2000000000005,1344.7915777557614,1317.1171186332613,1210.682661556408,1137.5620045123967,32565.72999999998,32534.30834649635,32229.540971344188,30375.675501260892,28203.132315238385
2011-07-01,-0.010000000000000009,-0.006677827450494056,0.009851469372994748,0.012584128452345578,0.014609797920338785,-0.010000000000000009,-0.006677827450494056,0.006556582339761308,0.00948775364948684,0.014321138121027976,0.0,-0.003344506587403595,0.013174665582598388,0.014490797999340721,0.014445877344894775,1320.6399999999996,1343.0345616234908,1327.8907377394753,1235.9491731784692,1154.8610160173423,31864.54000000002,32419.570315736386,32186.862232448555,30869.431737267732,28639.159182288335
2011-08-01,0.010000000000000009,-3.3334444506150085e-05,0.006556582339761308,0.01599971424814206,0.012969156015771865,-0.010000000000000009,-0.010000000000000009,0.003206868030712684,0.010342172919717507,0.011042204979714532,0.010000000000000009,0.0033222835420891883,0.01151234790101463,0.01618308225211762,0.014029520247732519,1292.2800000000004,1319.1960853710566,1328.948615113927,1252.5011471476419,1167.8778920738148,31208.039999999986,31874.618128384256,32154.196686966014,31117.027157759534,28941.343493207256
2011-09-01,-0.030000000000000027,-0.010134698460793734,-0.0018400959598990907,0.004648905456440922,0.011684378228133951,-0.040000000000000036,-0.020102745743293515,-0.006878600020665204,0.0004739178397183963,0.008905592301545084,-0.020000000000000018,-0.0034116259554706208,0.001543872199423424,0.007988290436885315,0.012756317275155027,1218.89,1276.5428302393161,1310.2232384908116,1268.2318961132687,1176.547959674247,31005.499999999996,31357.22554493811,31940.345264461514,31453.257761056888,29205.565611708495
2011-10-01,0.08000000000000007,0.018995550981945053,0.006076972462677244,0.010274785323740598,0.012872576943715908,0.07000000000000006,0.005611123076309621,-0.0005522397273040047,0.005296810806696195,0.010101767176184495,0.08000000000000007,0.02248528901227065,0.00948778111854609,0.01280099426339576,0.014350143252480407,1131.42,1212.4081879999696,1276.052286333215,1267.3226806680998,1179.8842049617083,29674.2,30621.61471084078,31507.77073902625,31472.60479908444,29419.269355165237
2011-11-01,0.030000000000000027,0.025677679950718124,0.012740583542999229,0.013614970993086173,0.01412081630376183,0.020000000000000018,0.015667901461916767,0.0027518249533617922,0.00780084827498273,0.011786898715808958,0.030000000000000027,0.029190302162984905,0.01617398321622998,0.016149532122680554,0.015600203529061663,1253.2999999999997,1200.0927388770401,1258.2370436232684,1273.4103470747402,1189.2725968044574,32348.54,30990.184109723057,31429.29032681665,31633.28872123151,29671.264605195745
2011-12-01,0.0,0.03614450164095517,0.012740583542999229,0.00870504816562323,0.012061280406069796,0.0,0.02958288951858634,0.004432897942390435,0.0029190888968297912,0.01013479052947952,-0.010000000000000009,0.03267910952971498,0.014473259714602449,0.010380755324116864,0.013517355288079846,1246.9600000000003,1209.2354578808377,1242.4338068900418,1279.2309896065979,1195.700918615175,32812.64000000002,31580.9342041964,31468.881091618186,31846.94015139333,29918.16584950165
2012-01-01,0.030000000000000027,0.01990131045678134,0.01944833012571845,0.01463855344024001,0.014595360293220505,0.06000000000000005,0.026365422008885808,0.015935275848341535,0.01123505632286581,0.013442983768108041,0.030000000000000027,0.01649024380545705,0.019483359705089187,0.016324117610237332,0.015620958400996088,1257.6099999999997,1252.6156982776392,1232.3481069411773,1279.2284466932642,1201.7077993846958,31985.67000000002,32380.516420500357,31488.787250753983,31835.911498391048,30099.553167785747
2012-02-01,0.030000000000000027,0.01990131045678134,0.022785417322719104,0.01463855344024001,0.015424643354576828,0.030000000000000027,0.02970865546248902,0.022664182031793878,0.012888804905704543,0.013855039474541142,0.030000000000000027,0.01649024380545705,0.0228205615687751,0.01715073991708138,0.016451079738547758,1312.4099999999996,1272.006791648537,1235.5270777424214,1281.387412053941,1211.7938230144057,33792.480000000025,32855.3098404338,31909.122961702753,32031.42544889198,30397.59475193111
2012-03-01,0.020000000000000018,0.026655820615915093,0.03138924931805609,0.01463855344024001,0.013009184908728821,0.0,0.02970865546248902,0.029645770570329688,0.011218695016862679,0.011000895200324656,0.010000000000000009,0.023289711795067003,0.0279736905035306,0.014672730739344164,0.014807460448866827,1365.6800000000003,1311.157937356918,1259.1666802963514,1284.441494419872,1222.5591728197903,34295.99999999998,33343.12766757209,32450.071570806198,32194.199661515908,30713.26537169568
2012-04-01,0.040000000000000036,0.029967636523575703,0.024922115196305494,0.015455828023426266,0.014665994260219195,0.030000000000000027,0.01990131045678134,0.023128261223581914,0.011218695016862679,0.011827240313083243,0.040000000000000036,0.02659066921196973,0.02152797300694731,0.015490032851779967,0.016045873909782626,1408.4699999999996,1361.6186581162012,1305.9813084281204,1290.930132833394,1232.0705067662325,33554.21,33879.489048725205,33121.524246589026,32304.572627390673,30911.76079534017
2012-05-01,-0.030000000000000027,0.009566850176909503,0.014720923943699393,0.013730270164620029,0.015547194996887281,-0.030000000000000027,-0.00030009004502695724,0.014593342253785169,0.008655206465774334,0.01226422423936957,-0.040000000000000036,0.0027868926808001238,0.009615319330101624,0.012889342702249618,0.016045873909782626,1397.91,1390.5670924612386,1329.9674525463658,1293.6055461426395,1240.5089507427297,34399.03999999998,34080.99544296459,33462.541388417,32429.98551079497,31148.847234844157
2012-06-01,0.030000000000000027,0.012855364769065236,0.019732247054204288,0.016230402487196205,0.018090003195479154,0.020000000000000018,0.006320632105875745,0.01794747656738327,0.011167609173533766,0.014386372994515728,0.040000000000000036,0.012618763694135726,0.017940255053728205,0.016205278838419268,0.019000076841767966,1310.3300000000002,1371.5216469202464,1341.0004371089424,1290.7773462801051,1250.0892106796193,33142.60999999998,33694.577669981496,33518.392053861244,32477.47413593109,31408.999516129785
2012-07-01,0.07000000000000006,0.022502186934265644,0.026228123185519037,0.022832609232579903,0.01769546828725277,0.020000000000000018,0.003053334327557611,0.01144224261137139,0.013686269884350732,0.011584833561120833,0.050000000000000044,0.01585398939232885,0.021208219116904736,0.02034542493400382,0.017413900227569057,1362.16,1356.3219378896442,1358.9677193370671,1294.1114284668645,1264.6962552745724,33708.30999999997,33746.08045222458,33812.718956779114,32630.071329421004,31737.545335109568
2012-08-01,0.030000000000000027,0.04316436364003762,0.026228123185519037,0.024505324164111775,0.020243655504133873,0.030000000000000027,0.023322499033532118,0.01144224261137139,0.017037734655190206,0.013684425633970099,0.040000000000000036,0.04332270628073909,0.022854014361084474,0.022837287828166852,0.01950475613781366,1379.32,1350.2826599834073,1370.2769531522076,1301.1601605243625,1276.5990196408445,34596.89999999997,33810.658247874344,33945.557738939206,32911.59381416315,32001.734072910695
2012-09-01,0.0,0.032936603396396924,0.022846704162640785,0.02710909565330688,0.015816926779845364,0.020000000000000018,0.023322499033532118,0.014785959735149623,0.02218886291890776,0.011273106760288698,0.0,0.029771526915537194,0.021159130827626438,0.024560745055290933,0.01624073617279498,1406.58,1382.5660624724387,1377.032790135137,1316.78260972139,1292.2794440498033,35389.449999999975,34558.057962976134,34123.5867636936,33276.31069952632,32351.945898908143
2012-10-01,0.030000000000000027,0.01990131045678134,0.021200920680735758,0.023059826043674736,0.016647208292835947,0.040000000000000036,0.029967636523575703,0.016421404764995318,0.019769319271589092,0.012507207096445372,0.040000000000000036,0.02649197754925714,0.021159130827626438,0.021343535267091873,0.017063295966874614,1440.67,1408.6336002749174,1382.2304977983624,1343.5655082108076,1304.887793689716,35757.98000000003,35244.76831464688,34487.284661821875,33797.50654887664,32614.34666255465
2012-11-01,0.020000000000000018,0.016589919256557284,0.02979142364079923,0.022228401516064977,0.017912575593314495,0.010000000000000009,0.023257559161607988,0.023290028582419575,0.018932407078314784,0.013351342915375985,0.030000000000000027,0.023191337471081264,0.03320799225196547,0.021343535267091873,0.01874322353485125,1412.1600000000003,1419.7252363510963,1384.5689721129215,1356.9938163115569,1314.53843378708,37156.27999999999,36093.279258009,34933.33032097713,34190.028188293036,32886.82232657293
2012-12-01,0.040000000000000036,0.029967636523575703,0.03145105171252638,0.025574911300601633,0.017105004559965886,0.040000000000000036,0.029902274952355645,0.02660711558247275,0.02226812663473865,0.012547390581192142,0.040000000000000036,0.03665592546617047,0.03320799225196547,0.025545711880516908,0.017934993498723406,1416.1799999999998,1422.9478056620394,1402.6117193319865,1371.4603968329152,1324.5437872938287,38104.61000000003,36993.68370574855,35755.13819344769,34618.70557988925,33203.913964158564
2013-01-01,0.0,0.019869264289775534,0.019885287247411787,0.023051789596418848,0.01883648731803822,0.020000000000000018,0.023257559161607988,0.02660711558247275,0.018996468720832826,0.015108344680365926,0.0,0.023191337471081264,0.02484032874002362,0.02302266201281311,0.019667889199933786,1426.1899999999998,1418.1644218085978,1413.390983178316,1385.912426811416,1331.5031864413545,39250.24000000003,38160.79007688561,36673.8089500423,35214.21947440188,33482.48586696059
2013-02-01,-0.020000000000000018,0.006359471391844451,0.011461760901175566,0.018818190141663083,0.01672622404654245,-0.010000000000000009,0.016458304817067893,0.019852265760418097,0.015638549294484827,0.01426274525443083,-0.010000000000000009,0.009770885520010708,0.016458962720373727,0.01965147499125308,0.018400339868804405,1498.1099999999994,1446.3717885197022,1432.9866199977457,1401.2812853103123,1339.9951038093939,40482.91999999998,39267.2565022729,37646.834149764356,35748.32692668469,33838.882529747265
2013-03-01,0.030000000000000027,0.0031235665070756813,0.016456988237275372,0.019646840990340753,0.017139614685393045,0.0,0.0032560532769589923,0.01649185517133467,0.015638549294484827,0.013426212620528455,0.020000000000000018,0.0032560532769589923,0.019819264570621664,0.02048897779946901,0.01757669872751566,1514.68,1479.156392261439,1450.7800958813702,1413.42588218332,1347.3922722041502,39709.55999999996,39810.99891784331,38376.49741266637,36187.62031401532,34132.5590948924
2013-04-01,0.0,0.0031235665070756813,0.011461760901175566,0.016319674839387677,0.015887659611302674,-0.020000000000000018,-0.01003367117885734,0.006474306319689482,0.01143562735812953,0.011327155370926212,0.010000000000000009,0.006589154351262394,0.014856296785191514,0.01800283591948304,0.016745658112726325,1569.1900000000007,1527.0271684591137,1471.5901646534608,1426.211135924387,1356.8869880870404,39860.84000000001,40016.37868698489,39077.57219602517,36710.754549109624,34437.26727443178
2013-05-01,0.06000000000000005,0.02970865546248902,0.01796712039183146,0.023862202704948432,0.018783641093353287,0.06000000000000005,0.012769577154600809,0.014612264643427242,0.018941908691092246,0.01378551049393284,0.050000000000000044,0.026526774852608126,0.018114360203665303,0.02563341111184725,0.019241458946085643,1597.57,1560.0990586377231,1502.1602497927188,1442.1674200266218,1365.8696155737869,38735.0,39431.959715004974,39349.52193723241,37075.73302299077,34675.14441451389
2013-06-01,-0.050000000000000044,0.0023279099634263556,0.0027256593166922194,0.01698693987746891,0.01660860080755877,-0.06000000000000005,-0.007904990889620045,-0.0023400763206690156,0.012030027509395413,0.011598726436772955,-0.020000000000000018,0.012928792622898255,0.008080821530418891,0.02056707846233996,0.018383843421591717,1630.7399999999993,1598.969148642397,1537.8971904529997,1468.6986532506924,1376.8691614691222,42016.44999999998,40181.22074979945,39995.681474936886,37816.01826026415,35045.241588279125
2013-07-01,0.020000000000000018,0.008966036595108973,0.006040560372092774,0.012939270587155605,0.01787392005533106,0.030000000000000027,0.008688294915232486,-0.0007165325884298523,0.01285315723881908,0.013269627938194084,0.0,0.009574699215185944,0.008080821530418891,0.016426032987028272,0.018383843421591717,1606.28,1611.4690456517467,1568.6803846819287,1489.0140209293315,1388.14872748797,39578.10000000002,40085.991085527305,40051.16976259006,38325.305249497396,35363.22486623325
2013-08-01,0.020000000000000018,-0.00388843365200231,0.012770804118498846,0.012116070874776952,0.01829185565007374,0.020000000000000018,-0.004162636836002154,0.0042677856061872355,0.012030027509395413,0.01453079134207913,0.0,-0.006711611620731306,0.009770828367266393,0.013109376517404403,0.01796171192749041,1685.7299999999996,1640.582410220492,1599.8350181300546,1514.115836107044,1403.6079454275325,41292.83999999999,40949.602170757855,40183.61702821976,38894.549838641105,35778.23186735199
2013-09-01,0.06000000000000005,0.03316274210139336,0.017628543203546343,0.017042597027756123,0.022063453056643256,0.050000000000000044,0.03325829030707084,0.01246747747054533,0.014477670761991801,0.01832596781817486,0.06000000000000005,0.01961282242221629,0.01626531238597395,0.018040737635826032,0.021295538347642085,1632.97,1641.3298868217166,1620.0111507352767,1533.0637939274964,1420.8166512743041,42228.339999999975,41018.323444263864,40597.61462716231,39471.43630448671,36241.74447350351
2013-10-01,0.040000000000000036,0.03987177906416717,0.024302351598139094,0.017861808028314163,0.02045750732597762,0.040000000000000036,0.036591404651572734,0.02254467701014451,0.014477670761991801,0.017120053744484887,0.040000000000000036,0.03303031929270106,0.021235170702662343,0.018040737635826032,0.019690799224398425,1681.5500000000006,1666.5769197159366,1638.7915002478937,1552.9436396946285,1444.4684429751333,44031.82999999997,42502.56789291182,41276.59861264053,40162.03795111401,36842.597832099724
2013-11-01,-0.010000000000000009,0.02957534258483885,0.012705242000583317,0.015332772545556539,0.018774752870387212,-0.020000000000000018,0.02286010036879249,0.009258294608927464,0.011931738756783439,0.015426039832736382,-0.020000000000000018,0.026097020997168263,0.00955943673814752,0.013827874948322716,0.017578766460878414,1756.54,1689.5930988162058,1664.9075286032055,1581.4430406263477,1464.9290105035243,45517.559999999976,43905.26244231931,42401.68725069563,40847.107359535075,37370.63082029317
2013-12-01,0.040000000000000036,0.02305886836842652,0.028098393041576575,0.015332772545556539,0.020440991995128943,0.030000000000000027,0.01632407460027885,0.024756203064611793,0.011117300484647874,0.016677426017916108,0.030000000000000027,0.01632407460027885,0.01796712039183146,0.013011910599057153,0.01925954545383224,1805.8100000000006,1747.2165507304685,1693.4463077657617,1613.7998830796907,1487.7071197308412,44975.67000000003,44837.47192677256,42885.40556995684,41415.348259914506,37864.839261165216
2014-01-01,-0.06000000000000005,-0.010842467559185942,0.014197713975904636,0.010110903067784172,0.01656075424656822,-0.010000000000000009,-0.00023138686908708017,0.01801353184126575,0.008605022776626337,0.013787431636177683,-0.06000000000000005,-0.017354088924458,0.007523210288494564,0.007801977344056743,0.015383800168337292,1848.3600000000001,1803.1794058031571,1733.5339247602394,1649.0496593319551,1511.7704311571647,46256.23000000001,45580.13602532915,44014.46216602327,41986.078522474316,38451.36254455484
2014-02-01,0.06000000000000005,0.011942150661131024,0.02072067013604295,0.016737967164624612,0.01777754718552149,0.050000000000000044,0.023027338215592108,0.022943715874543802,0.01356273626307547,0.014600111904773172,0.040000000000000036,0.002304020744767321,0.014130745919721077,0.011948439091671537,0.015792655286953394,1782.5900000000006,1812.049486220359,1749.7509672184678,1673.1157237026334,1531.181826283006,45132.10000000002,45451.107823101986,44671.49908654888,42368.1782724951,38917.756476516726
2014-03-01,0.030000000000000027,0.008688294915232486,0.015848170511939985,0.016737967164624612,0.01819136528176779,0.050000000000000044,0.02960647297347041,0.022943715874543802,0.017692116313104522,0.01666481430246991,0.06000000000000005,0.011942150661131024,0.014130745919721077,0.015197468132346126,0.017839784307425832,1859.4499999999994,1829.8165535359876,1788.0399101872842,1701.95438680078,1550.9996007952611,47328.92,46230.37948759056,45528.59928760949,42992.47224413002,39443.57431667859
2014-04-01,0.010000000000000009,0.033129639581678916,0.01090452812324516,0.017581390060690483,0.016950336776134334,0.010000000000000009,0.0364936775458129,0.01796554289373531,0.02025254092588802,0.015834518410898113,0.020000000000000018,0.03987177906416717,0.010853971521234795,0.016031312589308122,0.01701659652087817,1872.3399999999995,1837.695779870593,1820.355830028746,1727.190906412854,1569.5073405226997,47770.91999999999,46729.58420082068,46151.28179625259,43645.939904685,40028.43597654781
2014-05-01,0.010000000000000009,0.016623140063719788,0.014279944969806113,0.013492287650471502,0.0186640496543935,0.020000000000000018,0.026526774852608126,0.024775562786554906,0.01698733367474259,0.017964152064898098,0.020000000000000018,0.03316274210139336,0.017616416186332806,0.01357992084520232,0.019588854220631946,1883.9500000000007,1871.886595069353,1841.7251772685713,1751.087254093924,1589.1431514653834,48870.10000000002,47985.62362164852,46701.175440955354,44499.53639171047,40618.38585423629
2014-06-01,0.040000000000000036,0.019902592261574314,0.014279944969806113,0.021165795313256908,0.019074225600456796,0.030000000000000027,0.019967319214357238,0.024775562786554906,0.024765882879865808,0.018378046032808237,0.030000000000000027,0.023322499033532118,0.017616416186332806,0.017791753183654224,0.01917847113727089,1923.57,1893.1602462316825,1861.21908857437,1775.3530783281137,1614.7672254741856,49632.70000000004,48751.903719029986,47474.404084182795,45121.604469953214,41307.62327881307
2014-07-01,0.020000000000000018,0.023257559161607988,0.02818175110038812,0.021165795313256908,0.017044215289169662,0.020000000000000018,0.023322499033532118,0.0298870328043932,0.02393307186686866,0.018378046032808237,0.010000000000000009,0.019967319214357238,0.02987146325099377,0.018636050235387502,0.017530441607684688,1960.2300000000007,1922.3309698098667,1879.5373002107174,1805.06083618258,1639.4438327975136,50945.260000000046,49808.67305898858,48244.57099774456,46081.00413316912,42024.62262378081
2014-08-01,0.020000000000000018,0.02662356221645279,0.021611114604716875,0.021165795313256908,0.016630863422987918,0.020000000000000018,0.023322499033532118,0.024923384730294318,0.02393307186686866,0.017964152064898098,0.010000000000000009,0.016623140063719788,0.024859576269823158,0.019481047663704842,0.016290218672740275,1930.6700000000003,1938.0918969236127,1904.7017658479106,1825.5840275739215,1662.5763842268964,51396.069999999956,50652.45892284736,49301.01282366989,46929.20480277509,42723.420649600106
2014-09-01,-0.010000000000000009,0.009900326732237508,0.014889137374137107,0.015368540715122725,0.016205224149724362,-0.030000000000000027,0.003053334327557611,0.011474972722064658,0.017193180821819976,0.015834518410898113,-0.010000000000000009,0.0032888383511067154,0.013256157797180146,0.01369335753698464,0.015864722019368616,2003.3699999999997,1964.530491996096,1928.515410846774,1856.950504541576,1687.2578594298218,50959.019999999975,51099.68867457016,49911.993848570586,47669.94093019713,43377.429886778424
2014-10-01,0.050000000000000044,0.019705797503149602,0.02148013461643683,0.01617857361376096,0.017019842588204437,0.020000000000000018,0.003053334327557611,0.013137228981342508,0.015548516480550445,0.0150129524025715,0.030000000000000027,0.009867969539984145,0.01490508209001673,0.012877501452065232,0.01545583789399374,1972.2899999999997,1968.551076958014,1945.3038259572204,1881.7936213017197,1709.483900152068,49336.30999999996,50555.9818453858,50180.93635729772,48123.950574973205,43963.12419619124
2014-11-01,0.010000000000000009,0.016362475806900978,0.02148013461643683,0.01787367326525824,0.016602429063370172,0.0,-0.0035458918208939316,0.009798944421151923,0.017259692296148543,0.014592218180502492,0.0,0.006524011382251116,0.011560972458386054,0.014584176668976268,0.014205955311100471,2018.0500000000009,1997.8120592908506,1967.7255440116826,1903.683734135956,1735.1029692036273,49722.879999999976,50001.30468652335,50325.828694906944,48479.63926039398,44500.037711130484
2014-12-01,0.010000000000000009,0.023161089135660617,0.01650908417869812,0.015393902858431563,0.015363337241947495,-0.010000000000000009,0.0032560532769589923,0.003154688681541007,0.013907496103859218,0.012511437170801942,0.010000000000000009,0.013256813627894104,0.008260507753861113,0.01292766004423851,0.012969784445738597,2067.5599999999995,2018.925586639202,1991.5424291849974,1925.2789378547068,1762.6765586769725,49911.369999999995,49656.27569647874,50372.81250007844,48902.14001883799,45003.32732553114
2015-01-01,0.06000000000000005,0.026398962266483084,0.023046906243476828,0.025611115150012687,0.017831503599950782,0.040000000000000036,0.009770885520010708,0.006406505159687992,0.018079078163356854,0.01333097841690356,0.050000000000000044,0.019773113703338785,0.014808456669069159,0.02231221756822266,0.015031169141244805,2058.8999999999996,2048.055765624188,2007.9101497907118,1942.664186389546,1789.8496387491045,49770.6,49801.55242455565,50177.34930308221,49201.470607190844,45450.82061132276
2015-02-01,0.0,0.023000265321452718,0.01967596932222948,0.020643083332723133,0.01868865398037456,0.040000000000000036,0.02305886836842652,0.009668862694490521,0.017267530303422207,0.015413443640528879,0.020000000000000018,0.026526774852608126,0.01647619117022714,0.020659276434149998,0.016294525042801267,1994.99,2040.2249764070825,2018.9072004842596,1960.9736794390897,1811.3385407367155,51266.81,50311.76518733525,50156.294728869034,49726.8150326685,45900.27079091377
2015-03-01,0.020000000000000018,0.026365422008885586,0.024762003117696274,0.01981362285366206,0.018274633773729843,0.0,0.02649197754925714,0.014807513825419338,0.013139873050464823,0.015413443640528879,0.0,0.023127654683995136,0.018180272505652795,0.01571523118636131,0.015456316659586689,2104.499999999999,2052.3039762004537,2035.5463998336263,1981.3086700570882,1836.3299229226498,53344.19999999997,51439.74369244435,50540.14355223492,50225.086720173815,46468.27872621929
2015-04-01,0.030000000000000027,0.016589919256557284,0.02148266660550746,0.02148140061018755,0.019529530496324554,0.07000000000000006,0.03626868003399952,0.02293398744717856,0.018023823627458135,0.0191375730385972,0.040000000000000036,0.019869264289775534,0.019821187863400702,0.017360165519391346,0.016695521947816427,2067.89,2055.2867122391895,2051.668054871543,1997.7785491686284,1857.5668975332314,52181.95000000002,52257.41662551926,51014.70869464325,50596.105124078225,46992.7102887363
2015-05-01,-0.06000000000000005,-0.004162636836002154,0.00932744277255515,0.015385607597120599,0.014438505918899835,-0.07000000000000006,-0.001636008397204125,0.010636005428730888,0.010217388226881452,0.013596708797299906,-0.040000000000000036,-0.0005336180308872507,0.012906215627270345,0.012233370566820057,0.0129064219442927,2085.5099999999998,2085.9131336727078,2062.942637779622,2014.771959416935,1878.3106069126377,54440.43000000001,53314.21517046118,51791.237852632585,51053.27584576355,47663.89966659775
2015-06-01,0.010000000000000009,-0.007427700808722237,0.00932744277255515,0.012911898680806999,0.01703047378072564,0.0,-0.001636008397204125,0.012330295928322021,0.007732049135517061,0.01621327635427705,0.020000000000000018,0.006085557531991137,0.014570823988717674,0.011410744528214778,0.014596232430495792,2107.3900000000003,2086.8675263905243,2069.513630410936,2030.1539229707942,1898.4858577066052,52270.859999999964,52954.21086264439,52191.484412649246,51274.08579920729,48099.57604312603
2015-07-01,0.020000000000000018,-0.01065036082830395,0.0028772954863713895,0.012911898680806999,0.01703047378072564,-0.030000000000000027,-0.033760262511882244,0.0006417827390630126,0.0035200045256598145,0.01367515551768994,0.010000000000000009,-0.003682880289513024,0.008024408374342151,0.011410744528214778,0.015016968317206558,2063.1100000000006,2085.258337783512,2070.2183125596525,2038.8263383272315,1918.3880436916668,51806.94999999996,52827.05589722804,52541.46429882755,51345.80249861032,48642.2273288479
2015-08-01,-0.030000000000000027,-0.00023538873684325612,-0.0022009449468388675,0.008678203715207111,0.014902793429985017,-0.030000000000000027,-0.02010135714368122,-0.010911773172788686,-0.0006744348886391638,0.01155449466628844,-0.040000000000000036,-0.003682880289513024,-0.0021094915117552127,0.007140478420489371,0.013291976719763232,2103.8399999999997,2091.349797669158,2088.6296975763908,2053.472699375754,1936.1801717358226,52053.27000000004,52043.34823148412,52674.94920234458,51400.19754699238,49113.85241745357
2015-09-01,0.0,-0.0035458918208939316,-0.005488690263439233,0.009523353810520607,0.012441728978228594,-0.040000000000000036,-0.033344854147082215,-0.017618358316330407,-0.0015370455421299667,0.007784554643378572,0.0,-0.010237787953472077,-0.0021094915117552127,0.007984340088359465,0.010834818379773958,1972.1799999999996,2045.6309796266378,2066.146429469206,2050.7893700047416,1951.4659011653293,49972.32999999999,51269.04351671791,52104.81508204958,51316.5163074761,49459.633726005944
2015-10-01,0.08000000000000007,0.015621368823309334,0.002399438737076043,0.011896067629977747,0.014035059871997158,0.06000000000000005,-0.004328038224054365,-0.019154540729953262,0.0016686861036276923,0.008584725334248366,0.07000000000000006,0.008985682337483203,0.0026313923150429464,0.011189763348038673,0.012033280576220218,1920.0299999999993,1997.2047183090904,2040.7569037891592,2046.205210090438,1962.2791220440145,50088.86000000004,50695.90996169195,51750.51392252215,51381.29421481844,49725.958176796594
2015-11-01,0.0,0.025985568006018145,0.01279023620843911,0.011057357016542424,0.014459790168290354,-0.06000000000000005,-0.014700375449558378,-0.017404577201878935,-0.003482908802238449,0.0068349763291339904,-0.010000000000000009,0.01938832992425632,0.007786705973351626,0.010343218172389257,0.012461476878264932,2079.3600000000006,1989.42789233996,2039.7526547361313,2051.314892328139,1976.1218456995466,53793.73999999996,51254.755601337725,51647.54686614003,51719.34245859134,50073.297450478574
2015-12-01,-0.020000000000000018,0.019099551345086452,0.007713220406130761,0.008520008626807796,0.011951119210010797,-0.050000000000000044,-0.018133503021925623,-0.02576886631331987,-0.006901972679624446,0.0034488199535060993,-0.020000000000000018,0.01254659136309888,0.0010895834378221725,0.00780766198468319,0.010364417835861728,2080.4100000000008,2025.1740998906848,2035.3768518998113,2052.374303070892,1987.8116229390712,51607.83000000003,51807.921062219975,51537.77799690463,51863.60129269703,50361.1073728848
2016-01-01,-0.030000000000000027,-0.016745513679453317,-0.0006931065490773936,0.0010905027343675044,0.013276638867926183,0.0,-0.037020253780715384,-0.020810573449316028,-0.010142508528163341,0.0038691161853423583,-0.020000000000000018,-0.0166779406955061,-0.003928778166518931,0.002029991610731585,0.012120300553958074,2043.9399999999994,2067.8336296058824,2032.2125122758298,2051.127429949496,1996.1596309510298,50693.759999999966,52015.64042950725,51351.53583187921,51943.09283644076,50553.70008814382
2016-02-01,0.0,-0.016745513679453317,0.004392807940226007,0.0010905027343675044,0.010819517721096794,0.020000000000000018,-0.010441988952055836,-0.012573477793703769,-0.011742974742306456,0.002657360910944817,0.0,-0.01337817751091519,0.0028712638688848102,0.00037778636391672116,0.01046764796849975,1940.2400000000007,2020.6492674987967,2004.977838999784,2046.3765811530784,2003.2202883222017,49141.939999999966,50470.871250041906,50861.30330543777,51760.183383221425,50733.313370271106
2016-03-01,0.06000000000000005,0.009312998808356454,0.014194470627975742,0.004304670561581014,0.012029438570963613,0.1100000000000001,0.04225595101577895,0.011610695662325643,-0.0031109510334088597,0.004981614018590319,0.09000000000000008,0.022235262033477143,0.017379393413863742,0.007587832508522574,0.011643370085011151,1932.229999999999,1971.4883302805922,1998.1510115924623,2031.8644508631417,2006.427414876274,49415.30999999998,49745.764487829045,50766.37332628883,51431.24053782789,50824.58581527401
2016-04-01,0.030000000000000027,0.02970865546248902,0.0062135236054972065,0.004304670561581014,0.012856624367238334,0.030000000000000027,0.05257598802913144,0.006781683300210561,-0.006271041711440328,0.005803039250851683,0.0,0.029142466571506542,0.005971415869655772,0.004300015594208784,0.01080899783097089,2059.7400000000007,1976.5553727169238,2021.6796729795262,2031.1959025792623,2014.4179660268537,52250.27999999998,50249.778434539134,51125.086033768166,51436.84942219706,51014.74535936338
2016-05-01,-0.020000000000000018,0.02279765088451935,0.002831181620475798,0.00779840707881152,0.011584894068277896,-0.020000000000000018,0.038632942478571186,0.013798574060926994,-0.001924933428587905,0.004127873831885509,0.020000000000000018,0.03595817822358782,0.010989092830099967,0.009386629413245862,0.01080899783097089,2065.3000000000006,2018.1412481724058,2019.3948686690803,2029.5482490824204,2022.1466142480842,52957.31999999999,51517.96726586756,50991.73166616979,51318.59169062697,51185.761867354224
2016-06-01,-0.030000000000000027,-0.007009687577924861,0.0011183896115241065,0.0044103924209608625,0.008652188636821379,0.0,0.0031235665070756813,0.02250257055724414,-0.001924933428587905,0.0028919343713342816,-0.010000000000000009,0.0032560532769589923,0.012701197050859703,0.006878651825843907,0.009142153956885224,2096.96,2073.9354635596433,2022.0635155517857,2028.7092680954852,2029.431467048896,53905.21000000002,53033.27595323023,51363.225250926196,51450.427601092786,51362.18102237955
2016-07-01,0.050000000000000044,-0.0006237222819361898,0.014429102121076953,0.006839607219949473,0.009871188922724539,0.030000000000000027,0.0031235665070756813,0.027552324279153773,0.00307944409290295,0.0032997001273877835,0.020000000000000018,0.009900326732237508,0.019475999347010164,0.007705663524566031,0.00955650431795041,2098.860000000001,2086.9830720137306,2031.019227813246,2031.6157824770933,2035.2178686958794,52217.719999999994,53022.25769154483,51617.40731885567,51484.29995470617,51415.00459347268
2016-08-01,-0.050000000000000044,-0.010927304385976666,0.005793830577639936,0.0050930751442035405,0.006884043772195758,-0.020000000000000018,0.0031235665070756813,0.02072385175954561,0.003937150959133939,0.0016287040208693426,-0.030000000000000027,-0.006878539149744345,0.01431370854247005,0.008576259310877576,0.007858113191487215,2173.5999999999995,2122.8425107421626,2069.830272635001,2037.1461270565703,2045.293130364306,52797.58000000003,52968.8920413802,52238.392551564,51545.24941205194,51472.67238536052
2016-09-01,0.030000000000000027,0.009059347058657297,0.0009925855310775056,0.0075719058137835304,0.008547157827728302,0.030000000000000027,0.013056128969520575,0.008077614652640452,0.009842610034046517,0.00413666198981133,-0.020000000000000018,-0.010233704792874332,-0.0035116523530952515,0.0068796902674079785,0.0074318637717216696,2170.9499999999994,2147.522218664389,2110.408284949311,2053.513083127268,2052.1507749057764,52733.11999999997,52582.16495862272,52807.23875977903,51776.75170690113,51546.12036169758
2016-10-01,-0.020000000000000018,-0.013881813036144774,-0.0072749005499944674,-0.0005534430049760619,0.005652047593791343,0.0,0.0031235665070756813,0.0031235665070756813,0.00495096041851939,0.00330848103711201,-0.030000000000000027,-0.026678056262214533,-0.008557541257967927,-0.0013194835313873332,0.004915675620692728,2168.2699999999995,2170.93890998581,2128.547294027143,2074.4257453055884,2060.2671828138705,51949.83000000001,52492.09086521069,52756.50831845406,51934.39168251759,51657.10270996166
2016-11-01,-0.010000000000000009,-0.00023138686908708017,-0.005593726297100532,-0.0013901570341432468,0.004814325395375407,-0.010000000000000009,0.006524011382251116,0.004822350504193551,0.009300483565573447,0.0028884195299392346,-0.050000000000000044,-0.03341406408115233,-0.020236132163959808,-0.004745970150701551,0.002770242586495719,2126.15,2155.0252853047236,2138.87339699459,2078.2761314672343,2064.751526653831,50590.08000000001,51750.075694101346,52355.93738695798,51669.332484275794,51694.33142398848
2016-12-01,0.020000000000000018,-0.0034774117087836842,0.002771375873054094,0.0019445418597598962,0.005226898764645993,0.030000000000000027,0.006524011382251116,0.009784788301832714,0.016123782689996258,0.004544933839573551,0.030000000000000027,-0.017247430298734212,-0.013746802277171621,-0.0006102892619183065,0.0035898603465933654,2198.8100000000004,2164.204724612296,2155.8473424854656,2087.8846706309996,2070.0533804690785,50209.429999999964,50910.99640326836,51739.83402155267,51551.18572819019,51707.15756299629
2017-01-01,0.010000000000000009,0.006589154351262394,-0.0036989049959108566,0.005324238863882114,0.003205137394784785,0.020000000000000018,0.01318992757491566,0.008144182990704518,0.017801993729923415,0.00373249839214429,0.010000000000000009,-0.003920349052567107,-0.015364949853088894,0.0019040880945719874,0.0019670378750797912,2238.829999999999,2187.4306152728077,2179.169168921347,2103.7911229226047,2077.292471637156,50653.53999999998,50483.968434543865,51478.23887706392,51547.77613310476,51745.056980826
2017-02-01,-0.010000000000000009,0.006589154351262394,0.0031730871780701886,0.0044826041725303245,0.00278511915514823,-0.020000000000000018,0.009766962540956659,0.008144182990704518,0.014414517636282653,0.0012503550947937647,-0.010000000000000009,0.009867969539984145,-0.012010032190472142,0.0010653166760088428,0.0007214924753236041,2278.869999999999,2238.598172074517,2196.4144551984027,2132.1836243864705,2088.8397536337834,52788.11999999996,51204.77138792913,51476.701493671695,51856.1485523466,51808.14374846368
2017-03-01,0.010000000000000009,0.0032888383511067154,-0.00010001000233395008,0.0004461386103011833,0.0023735479608510968,0.020000000000000018,0.006488475299345486,0.0065062431839670865,0.007291622501589101,0.0020768371675017328,0.010000000000000009,0.0032888383511067154,-0.007032385199724711,-0.00527357643459847,0.0011364747421889199,2363.6400000000003,2293.1935669313234,2227.766194623124,2168.2937580102453,2098.9714674581505,51146.05000000004,51521.20754423612,51215.19319297941,52005.12424034132,51717.386395646536
2017-04-01,0.030000000000000027,0.009867969539984145,0.00822722908364204,0.0004461386103011833,0.0023735479608510968,0.030000000000000027,0.009766962540956659,0.011476997091092844,0.007291622501589101,0.00048730862580015355,0.040000000000000036,0.013125630714254655,0.004566485907106399,-0.002017100969368024,0.0011364747421889199,2362.7199999999993,2334.735788889232,2259.8838337237903,2193.233134882485,2110.6608596107076,52056.05999999996,51992.39979934631,51232.63297361044,51988.98766868358,51712.18165771299
2017-05-01,-0.010000000000000009,0.009867969539984145,0.00822722908364204,0.0012929051575587547,0.004540389848563198,-0.020000000000000018,0.009766962540956659,0.009766962540956659,0.007291622501589101,0.0026727547834832777,0.010000000000000009,0.019902592261574314,0.014872878727066219,-0.0028361333143248624,0.0032566343496229777,2384.2000000000007,2370.1659732115613,2303.4433122318082,2219.634355027171,2122.4653756189896,53817.31000000001,52328.119547901864,51763.398311015524,52058.824829165555,51687.38316022601
2017-06-01,-0.040000000000000036,-0.00707933201022104,-0.001908709805425568,0.00042859631026392897,0.002417517309600603,-0.040000000000000036,-0.010433819293922175,-0.0020085389009297794,0.003870806564749696,0.0009687418152526384,-0.030000000000000027,0.006256771169538267,0.004771708911841088,-0.004530607755449778,0.0011577695833384638,2411.800000000001,2386.155545361915,2339.2130021503867,2245.6602312183327,2134.431360068825,53562.57000000003,53139.59376022879,52324.14405845861,52031.16883700443,51739.983444895646
2017-07-01,0.050000000000000044,-0.0006938146007042789,0.00457319713295834,0.00042859631026392897,0.00362898272251555,0.06000000000000005,-0.0009181761227036178,0.004410184449787691,0.006275451747519423,0.004676177055690012,0.040000000000000036,0.006256771169538267,0.009685359877832367,-0.00291846123001982,0.0023795257357854815,2423.4099999999994,2406.4137158203644,2370.3039397564417,2272.7290382978213,2148.7947642322993,51611.00999999997,52987.72232917435,52487.70187875969,51980.52000820742,51731.81501836257
2017-08-01,0.030000000000000027,0.012587555300005882,0.011226848166262515,0.007191917715933194,0.006141949149072623,0.030000000000000027,0.015791967657673656,0.01277498475978911,0.01045693107825274,0.007191765531078476,0.030000000000000027,0.012855364769065236,0.016372870610984025,0.00208093471406956,0.00532335129582262,2470.2999999999997,2435.039279258212,2402.3837497128675,2297.092729418897,2163.2201357722324,55207.40999999999,53440.07378479953,52881.17411238903,52174.21224962991,51858.77732063811
2017-09-01,-0.010000000000000009,0.023027338215592108,0.007861591704352744,0.003872898062406094,0.005720701335885092,-0.020000000000000018,0.02279765088451935,0.006044713231445842,0.006275451747519423,0.00805745302830041,-0.030000000000000027,0.012855364769065236,0.00955067679352517,0.001224813693543103,0.004048270901253925,2471.65,2455.017145357175,2420.341559558111,2322.0592359169755,2183.663725398272,56522.11,54406.74010350936,53769.4343877999,52476.77582630563,52125.58867473361
2017-10-01,0.06000000000000005,0.02626478808118815,0.012695783829985485,0.010459036297658875,0.004937711906665809,0.050000000000000044,0.019571138432914026,0.00927448821329424,0.010375142498385337,0.007659401701165525,0.040000000000000036,0.012855364769065236,0.00955067679352517,0.007055497840914748,0.0028592646509879582,2519.3600000000006,2486.999172177314,2446.3747837324327,2351.2818886357795,2208.521756374161,55579.92,55767.07752064196,54359.63993895915,52772.981040312065,52352.007325027414
2017-11-01,0.030000000000000027,0.02626478808118815,0.01940323368802832,0.013799831140341778,0.006176172533353341,0.030000000000000027,0.019571138432914026,0.01767979879515358,0.013715659970128913,0.011505662765090685,0.030000000000000027,0.012855364769065236,0.012855364769065236,0.013863619910160274,0.004515730804244056,2575.2599999999993,2521.735035273636,2478.008196252573,2389.1326027695764,2228.2926393769944,58980.110000000044,57009.507543004795,55195.94502519677,53452.125706879975,52553.16993539402
2017-12-01,0.010000000000000009,0.033129639581678916,0.02806608017815626,0.012967818032880496,0.007441103170619634,-0.020000000000000018,0.019571138432914026,0.02118312035542358,0.009520695346666441,0.01281685790644782,0.050000000000000044,0.03996794773012424,0.02632213025264707,0.015489754112759657,0.00740756976520518,2647.58,2580.200782425005,2516.8310859239887,2426.3979987834186,2250.789170677186,59772.83,58082.11759051419,56214.399725220035,54234.40254230596,52875.776990509934
2018-01-01,-0.010000000000000009,0.009867969539984145,0.01803336769967001,0.011280888268976552,0.008298164868209668,0.010000000000000009,0.0064562274227639715,0.012992458795386685,0.00869219407355315,0.013236855916657353,-0.020000000000000018,0.019571138432914026,0.01620770383100334,0.012941282184328884,0.00740756976520518,2673.6100000000006,2631.8194841386953,2558.3852185689793,2462.5503348109273,2276.1163509103003,59504.669999999984,59418.290032833414,57563.74244511614,54967.15991944151,53230.01887185692
2018-02-01,0.0,-3.3334444506150085e-05,0.013030393480156777,0.012128219098532789,0.008298164868209668,-0.010000000000000009,-0.006744722337392428,0.006327190431106855,0.009545939990957208,0.011977301004125529,0.0,0.009574699215185944,0.011213701566200385,0.013790004222766994,0.00740756976520518,2823.8099999999995,2713.9026854571466,2616.055620723647,2506.9451650588244,2311.9867178526374,59506.11999999997,59594.40678365955,58287.63000593045,55518.63148964727,53656.150294533756
2018-03-01,-0.040000000000000036,-0.016814475279225083,0.007848255838495799,0.007854923749366804,0.0041436982546041445,-0.040000000000000036,-0.013548054191624859,0.0028748343622988504,0.004458523356267063,0.005874075482157348,-0.030000000000000027,-0.016745513679453317,0.011213701566200385,0.010381847025689117,0.0025235763448501203,2713.829999999999,2736.3528468341933,2657.130416292952,2535.9749008801086,2344.94198920346,58325.089999999946,59109.32969669965,58593.47269655619,56129.653386700404,54028.045278630234
2018-04-01,0.030000000000000027,-0.003747358487965813,0.003037203812801481,0.007854923749366804,0.0041436982546041445,0.050000000000000044,-0.0006938146007042789,0.0028748343622988504,0.006069572739878293,0.006680412183843298,0.040000000000000036,0.0029247707098551956,0.011213701566200385,0.010381847025689117,0.00416323614371672,2640.8700000000013,2725.1376137184634,2678.07226961897,2559.6042092565326,2369.350733809292,55474.52000000001,57743.5576950158,58574.93892971617,56427.94226586881,54163.01030720849
2018-05-01,-0.050000000000000044,-0.020636259173291926,-0.010388412416043824,0.004396959612198437,0.0028437314066023234,-0.040000000000000036,-0.010891528045946397,-0.008820293816927949,0.004342353960156364,0.005815907245253049,-0.07000000000000006,-0.02104512361917399,-0.005853091908740171,0.003457537332203886,0.000305752248314084,2648.05,2667.382473708766,2690.5420754093198,2582.0901775776942,2394.0154050574047,58236.130000000034,57329.80896163776,58451.14180254702,56800.229367683634,54377.87504318988
2018-06-01,0.0,-0.007218650191927578,-0.012028212779307657,0.007819568481672423,0.004117282109084908,-0.010000000000000009,-0.0006938146007042789,-0.007141736678653587,0.006921098899590694,0.005394795938091335,-0.010000000000000009,-0.014362630900481843,-0.015554793270706302,0.005165609085098,0.000305752248314084,2705.269999999999,2664.5750047605065,2700.22552330072,2606.9167150539615,2419.5583591480054,56157.88999999999,56610.75525071219,57846.5541192405,57024.63790032874,54470.7139373068
2018-07-01,0.010000000000000009,-0.013686464737262094,-0.008729368504959867,0.004562879705732659,0.0024936067872964873,0.010000000000000009,-0.013548054191624859,-0.007141736678653587,0.0028748343622988504,0.004573704112416532,0.020000000000000018,-0.02072175870288362,-0.008969018842467924,0.003540391707021584,0.000305752248314084,2718.3700000000003,2690.389334054969,2707.7077540273585,2631.988147918785,2445.7737143873637,57610.979999999974,57328.36000621269,57535.58433116337,57549.66166600633,54694.2545553733
2018-08-01,0.020000000000000018,0.009966995621177643,-0.005452336515203493,0.00374648735364147,0.005467726731368527,-0.010000000000000009,-0.003377729544640551,-0.007141736678653587,-0.0004299591201832875,0.004998744230649832,0.010000000000000009,0.006589154351262394,-0.007324140938130608,0.0019019063248462142,0.001991416521024858,2816.2899999999995,2746.2003071225054,2706.5045985728298,2660.89596487732,2472.314327649047,57432.46,57063.42326700943,57196.461034795495,57739.46798854183,54886.34984215517
2018-09-01,-0.030000000000000027,-0.00023538873684325612,-0.0037331380296845573,0.0020408271055993854,0.0029564442603420282,-0.010000000000000009,-0.003377729544640551,-0.0020366743348078087,0.0004160659076444251,0.0033414815787748964,-0.040000000000000036,-0.003682880289513024,-0.009037142643452012,0.0010370717921157624,0.0011309383419288999,2901.519999999999,2811.0628668604386,2736.8393834771177,2696.690519712233,2502.3766950787026,58668.48000000005,57901.41445205925,57252.448065468176,57919.079415137014,55130.814258097605
2018-10-01,-0.050000000000000044,-0.020438207855288937,-0.017068133480985792,-0.007066351193731557,0.0016580144342179803,-0.030000000000000027,-0.01671207078679393,-0.015131333089403731,-0.006169027854040832,0.0020689148463204354,-0.030000000000000027,-0.020236069634085863,-0.020478944271700272,-0.004758766667575021,0.0011309383419288999,2913.980000000001,2876.9336997885525,2782.0990035800496,2729.5902959059063,2533.387124798437,55708.47000000003,57256.899961396484,57292.618842647935,57930.23094143073,55291.51019211377
2018-11-01,-0.06000000000000005,-0.046747987006172,-0.01880018771240266,-0.014603275845201047,-0.0005026100312311987,-0.020000000000000018,-0.020034014786046606,-0.011740962524018461,-0.010281705535252317,0.0016451138291655454,0.0,-0.023480344813040177,-0.00855958629778042,-0.0072072613889739845,0.0032728640747223814,2711.7400000000007,2840.883848965473,2793.1410455960226,2741.3617902913343,2559.1969306217193,52388.87000000002,55529.237233325424,56291.103900990616,57360.95637863495,55372.06082473454
2018-12-01,0.030000000000000027,-0.027485180736127712,-0.013954412702432695,-0.012991782626175508,-9.622446273072072e-05,0.040000000000000036,-0.0038064708359603072,-0.003592123250522161,-0.0053685134336451945,0.002048436919171559,0.010000000000000009,-0.006812977922933228,-0.00524916025687161,-0.010415392159385584,0.002453505201032824,2760.1700000000005,2793.9816798191086,2802.509264363957,2750.892218040149,2583.55753716924,50663.940000000024,52879.387232534704,55333.45669674182,56576.05346183688,55392.85587915218
2019-01-01,0.030000000000000027,-0.0009188440157398281,-0.010726666864030232,-0.009728521233244858,0.0007210503805128443,0.050000000000000044,0.02286010036879249,0.0028788510914177223,-0.002144021205298219,0.0032594562822920725,0.0,0.0033222835420891883,-0.008526861711876,-0.008747964930705954,0.002037977010310721,2506.85,2657.281433889698,2764.92800378343,2736.168359989862,2595.7579844272936,52736.86,51921.92129485827,54524.19998316795,56009.65761982358,55485.96049739557
2019-02-01,0.020000000000000018,0.026655820615915093,-0.010726666864030232,-0.00809300737508889,0.0019665952300169653,0.0,0.029771526915537194,0.004560137034643308,-0.0013079388229473299,0.004104335048153329,0.0,0.0033222835420891883,-0.010169746690921744,-0.008747964930705954,0.002457682308198983,2704.1000000000004,2654.783545409976,2746.2583358775855,2726.3090360016217,2614.3281840835025,54156.75000000001,52499.513307489295,53993.128929322025,55571.71889643883,55545.16885085822
2019-03-01,0.020000000000000018,0.023322499033532118,-0.0024047437982427367,-0.0030691621719199924,0.002377999330896996,0.010000000000000009,0.019773113703338785,0.007914369917767727,0.0029265060755310213,0.0036922224105795376,0.0,0.0,-0.0034123108942861746,-0.006228706390370098,0.002042152386019236,2784.4899999999993,2662.5580213298017,2727.4786736846654,2732.1550211781405,2632.2386312188605,56002.08000000005,54282.14601844918,53576.175939534245,55383.81795716747,55755.48858778024
2019-04-01,0.010000000000000009,0.016655713698476626,0.007830127392447483,-0.004696856102647251,0.0015593712806902804,0.050000000000000044,0.019773113703338785,0.02131544071163116,0.0029265060755310213,0.00449681007801539,0.050000000000000044,0.01639635681485352,0.009838162134576223,-0.005435903177283374,0.0024417734378254785,2834.399999999999,2773.808956845709,2714.920310424038,2748.3044774531513,2652.2773352015797,56462.55,55531.45864240107,53696.36938993728,55465.355700369626,55944.578766461134
2019-05-01,-0.040000000000000036,-0.003682880289513024,0.011372715733450667,-0.0038279672514093255,0.00027604237199851944,-0.030000000000000027,0.009471670874924065,0.019571078392697894,0.003792972963407637,0.004067625887187232,-0.040000000000000036,0.002659586992916907,0.002990880535362228,-0.002801076245299461,0.0003233358575696066,2945.830000000001,2854.1154472468897,2752.6464233892,2772.8198385350183,2675.756765059155,58528.39999999997,56987.17135322803,54697.3386265034,55488.499557796495,56140.53357257323
2019-06-01,0.06000000000000005,0.009174242551616585,0.016223748909752755,0.0010209504897751298,0.0044145072447523415,0.020000000000000018,0.012792325286437256,0.016276725647200285,0.00629326460631674,0.0066071328043770805,0.010000000000000009,0.005990706437101423,0.002990880535362228,-0.0011376367750902672,0.002009029761282477,2752.060000000001,2842.99196240948,2751.2967870622615,2776.7850062249604,2690.5110901797034,55650.41000000004,56867.63550963322,55559.85353231517,55446.539565051215,56230.05293074954
2019-07-01,-0.030000000000000027,-0.004328038224054365,0.006109133697178137,-0.0023442797281466587,0.0011033429727371757,-0.050000000000000044,-0.020438207855288937,-0.0005347535605678688,0.0011705938824704276,0.0020223518007405072,-0.040000000000000036,-0.02361459277392708,-0.003809972569606801,-0.006171215536728281,-0.0013272169273937928,2941.76,2878.443321661835,2825.6420218479757,2795.1202271898715,2712.3284759400067,58203.83999999998,57446.321098728746,56480.77567173223,55493.8656535506,56512.41643740861
2019-08-01,0.0,0.009312998808356454,0.0027940066928480167,-0.003989272422325829,-0.00012887371789993551,-0.050000000000000044,-0.027217399399743658,-0.009042646111350194,-0.002264436226777744,-0.0013476189043323261,-0.040000000000000036,-0.02361459277392708,-0.010564711992135711,-0.010367249045503235,-0.00425156804401039,2980.3799999999987,2889.652935360065,2871.8292410750905,2808.3422860335845,2733.6255493489457,56784.61000000001,56870.042469312495,56928.57678815024,55441.42877969112,56578.78246830546
2019-09-01,-0.010000000000000009,-0.01341242213356908,-0.0021829969357159973,-0.002293876527569849,-0.00012887371789993551,0.010000000000000009,-0.030406873444398297,-0.009042646111350194,-0.0006001015809252719,-9.214692307257799e-05,0.030000000000000027,-0.017211882567758297,-0.00567826508033642,-0.0045459327366371705,-0.001758333570037518,2926.46,2949.446308642988,2895.7301543812055,2810.346020974366,2752.932008676552,55259.57000000004,56736.59441734102,56802.077175564715,55165.55200157232,56525.55192907449
2019-10-01,0.07000000000000006,0.01938832992425632,0.007460360643131825,0.007645227056531478,0.00026239157706142713,0.030000000000000027,-0.003920349052567107,-0.01221380450982934,0.004410918686126752,-0.0008930589011758583,0.020000000000000018,0.0028505334052637554,-0.010470502488287181,-0.0003677430448840724,-0.0025656711888821793,2976.74,2961.0907466348535,2919.474690620353,2815.340982256086,2772.1342117017302,54824.969999999994,55616.73859730745,56524.1279342619,55092.109138072,56493.35041452451
2019-11-01,-0.020000000000000018,0.01254659136309888,0.010928502200758361,0.011150584573401012,-0.0018094001314982178,-0.010000000000000009,0.009867969539984145,-0.00884815004359396,0.00526104097939184,-0.002540605854062572,-0.010000000000000009,0.01318992757491566,-0.005382555937917699,-0.0012046125378535333,-0.004210459971282221,3037.5600000000018,2979.9076413958364,2934.4334302855736,2842.0873652427485,2791.270430474415,56425.10999999996,55499.12124001551,56180.40041057097,55433.91015748649,56389.20214813286
2019-12-01,0.050000000000000044,0.03260221146516451,0.00933270763853522,0.012772367343058866,-0.00019269411714106788,0.010000000000000009,0.009867969539984145,-0.01047433484793825,0.0028119977964988774,-0.0012866336556279778,0.020000000000000018,0.009900326732237508,-0.003748003312725401,-0.00038424012399518315,-0.005412462511120153,3140.9799999999973,3051.01035310445,2999.7986737295855,2872.8630009669237,2811.2164262507226,55349.01000000003,55529.04767270505,56129.57386869962,55843.98718241081,56208.82854799374
2020-01-01,0.0,0.009574699215185944,0.01446964792779859,0.010280742486324268,0.00022607686038056407,-0.040000000000000036,-0.013548054191624859,-0.008745890370575937,-0.004648789137787657,-0.003397192077302824,-0.030000000000000027,-0.006878539149744345,-0.0020258586767422093,-0.002918314670438238,-0.0058374128376940115,3230.7799999999993,3135.4449829224423,3047.0214338557184,2934.2453847046418,2833.4771644555244,57084.100000000035,56281.51904836145,55948.14147714641,56213.82774089229,56111.649819381
2020-02-01,-0.08999999999999997,-0.01505896751606628,-0.0013515708041902386,0.0007190712636515606,-0.003696710614923937,-0.10999999999999999,-0.047947558381623345,-0.019465826137235465,-0.014268012932298957,-0.007809136338781775,-0.07999999999999996,-0.030859868545126234,-0.009079710774520633,-0.009822489771329712,-0.009285373029137012,3225.520000000001,3198.8271738412404,3087.4282853337227,2977.678748551132,2849.2241080780805,56079.53999999996,56166.386824030145,55831.7572171438,56377.49979635444,55973.159404011945
2020-03-01,-0.08999999999999997,-0.06093801131530796,-0.015277964997894244,-0.008752104760285428,-0.00591469445693471,-0.25,-0.13786720104861616,-0.06691892144848566,-0.03841612088961477,-0.017962342791919994,-0.09999999999999998,-0.0704615540375827,-0.031113432703486432,-0.018478236341838983,-0.012372462526192951,2954.22,3134.12833070991,3092.290177729489,2992.39722290247,2859.3179281605358,51038.179999999986,54668.639963476104,55097.16433803811,55943.12642204307,55662.76970397902
2020-04-01,0.1299999999999999,-0.021891403167831558,-0.006282891137209035,0.000565138745178162,-0.0020693269233744704,0.15999999999999992,-0.08173135956303201,-0.04825009212826392,-0.030399349961674926,-0.013877192114744252,0.06000000000000005,-0.042558898063957074,-0.024881901597144207,-0.017702630601529656,-0.011588296302031842,2584.5899999999992,2909.4576174011095,3020.3391388763534,2969.4788312440623,2856.752744888736,44490.30999999998,50310.08571076949,53212.10590315256,54843.12109748068,55153.36092338497
2020-05-01,0.020000000000000018,0.016030322322340362,0.00036491077163924857,0.00563283602941711,0.0008912560643912215,0.0,-0.04535972906399599,-0.04665452179608509,-0.02793511823058592,-0.012198452327268683,0.0,-0.015574643543565081,-0.023247155436084577,-0.014355328863119188,-0.00859503467944378,2912.4299999999985,2812.096874484979,2999.2372942193906,2966.65847971783,2868.102641077518,50336.71999999996,48530.547625282925,52209.05850061942,54158.34085716558,54819.38599411932
2020-06-01,0.07000000000000006,0.07239339630811958,0.003515757419600307,0.006420029905138902,0.0037168599398886837,0.07000000000000006,0.0746835196008524,-0.037440957270460706,-0.024050781543896504,-0.008994891471201472,0.030000000000000027,0.02970865546248902,-0.021657634877926712,-0.012743430157785007,-0.006957488089299968,3044.3099999999995,2840.3970069105735,2983.651446175862,2991.7141696509566,2882.247569733372,50482.999999999985,48353.93798894746,51414.43591482985,53720.298603149466,54576.59457674977
2020-07-01,0.08000000000000007,0.0563371857120043,0.01647060090216579,0.015469631562745612,0.006523266840327224,0.010000000000000009,0.026207183681625557,-0.02926117036250364,-0.01905716055672968,-0.008994891471201472,0.0,0.009901634049960917,-0.016678418139922546,-0.009379229320605087,-0.0077765189291414405,3100.2900000000013,3017.974826916296,2963.219675014107,3004.828522071716,2898.0788071435672,54362.36,51694.316261928456,50997.504755524045,53415.500799750575,54444.76692053227
2020-08-01,0.0,0.0493873977605932,0.03257416972714222,0.015469631562745612,0.005693117489546484,-0.030000000000000027,0.01584074580368,-0.015234807275431028,-0.01735259390919297,-0.009837253929281697,-0.020000000000000018,0.0031235665070756813,-0.006269516152101584,-0.007675608247617927,-0.00902234250758327,3271.1200000000003,3137.106679313094,2970.1610678951915,3028.227274796308,2916.2137866621238,55721.80000000004,53475.6664125526,50943.13982826837,53331.464697104835,54376.213753691176
2020-09-01,-0.040000000000000036,0.012119198362099182,0.04182049538304966,0.01286899366132177,0.005258970241628136,0.010000000000000009,-0.0035133290252699068,0.034846753291741805,-0.01735259390919297,-0.009011746876422477,0.040000000000000036,0.006359471391844451,0.01796712039183146,-0.006876307352826072,-0.005711802774849839,3500.310000000001,3286.512315568878,3055.325842190103,3073.7524628150886,2939.1008659255817,55476.10999999996,55183.57264909561,51656.009092606095,53348.84888634587,54249.59642865353
2020-10-01,-0.050000000000000044,-0.030238482832024127,0.012124079279325795,0.002878364444993897,0.005258970241628136,-0.06000000000000005,-0.027087789816729657,-0.0007955668725044829,-0.024811440195218415,-0.01030810994243192,-0.030000000000000027,-0.0038064708359603072,0.0030241636833885366,-0.011027293024190366,-0.005711802774849839,3362.999999999998,3376.8362430567313,3192.368532949773,3105.163120870717,2956.7042608889487,54264.960000000036,55150.59583899616,53394.49783686789,53303.223858384845,54190.285485308545
2020-11-01,0.040000000000000036,-0.01747699941834302,0.015404970846762511,0.007856886198730484,0.009502392095320333,0.15999999999999992,0.03268786142903135,0.024229665327300864,-0.01184782544281604,-0.0033301029722004882,0.1200000000000001,0.04153619130225894,0.022149450357098255,-0.0008066337261148915,-0.0010056429503060293,3269.9600000000005,3376.437036715704,3254.5733325908905,3124.298789956783,2979.855162924655,51684.70000000001,53785.16427510712,53630.19208586224,52914.85467759951,54159.73900861527
2020-12-01,0.06000000000000005,0.015517947690869338,0.013817148769543541,0.008653302147198616,0.010710736385050934,0.050000000000000044,0.04614459112564728,0.021013780988785813,-0.008644338472698632,-0.002932624411437823,0.050000000000000044,0.04486380557577552,0.02543092749131981,0.0016099634444433075,0.0006123648585871777,3621.6300000000015,3415.0042307462204,3350.1424885572396,3161.5926507872846,3013.7732926751746,57091.89,54302.352221896355,54741.18926731618,53051.74285191272,54429.96310517381
2021-01-01,0.010000000000000009,0.036462338920966175,0.002557375056143618,0.009490018505490916,0.0098853031053876,0.040000000000000036,0.08199904104839262,0.026006860816520483,-0.0020096697517202333,-0.0033301029722004882,0.010000000000000009,0.0590331756261846,0.02713290120064249,0.004988531869466906,0.0010273018720767801,3756.07,3543.1832310361197,3459.0101979369565,3201.5349809914883,3064.978803304164,59408.68000000005,55966.58243505787,55557.09109881307,53228.4990875423,54700.80181621226
2021-02-01,0.08000000000000007,0.049583508286138,0.015499846342833745,0.02400142123704696,0.012293312846131998,0.06000000000000005,0.04996825300838603,0.04129221151778828,0.012634349287988345,-0.0009073770181979857,0.020000000000000018,0.026526774852608126,0.034004249193288816,0.013667372885025841,0.0018535998255093666,3714.2400000000025,3696.884821225513,3533.0307232274954,3239.397274656154,3105.783304139716,62472.09999999996,59617.00407343172,56626.058557262266,53709.490494918304,55027.32795415325
2021-03-01,0.06000000000000005,0.049583508286138,0.03241023351423711,0.03710469139732098,0.013917078705565578,0.030000000000000027,0.04325900747685174,0.044700803012527324,0.039762104598349834,-9.07651733287329e-05,0.040000000000000036,0.023257559161607988,0.034004249193288816,0.025954349873428706,0.0034921638560660995,3811.149999999998,3760.2775385988616,3583.486014042242,3308.8877980509096,3146.667222373475,66138.04999999999,62612.70567949642,58309.66895030309,54882.10082495112,55410.074082576684
2021-04-01,0.0,0.04610804075907704,0.04127402094222177,0.026595592102180987,0.01349679873540155,0.020000000000000018,0.03652811681915158,0.05901955997895425,0.028677325063452885,-0.0012977405346429327,0.0,0.019869264289775534,0.039266753862713166,0.02098465543665151,0.0014542132477282088,3972.8900000000012,3831.282935928082,3684.41896100052,3429.5831779444597,3191.252294056028,66485.28999999998,65006.13651161971,60317.25819419139,56750.41782309576,55788.61938876785
2021-05-01,0.020000000000000018,0.026365422008885586,0.037909543464972995,0.026595592102180987,0.01606015409571837,0.040000000000000036,0.029967636523575703,0.039919862285472174,0.03204494694555904,0.001606034992479577,0.050000000000000044,0.029771526915536972,0.028147870862772262,0.025144273304105846,0.0052004726066747775,4181.170000000001,3985.537327067502,3838.499429744953,3534.5016552075886,3238.1606115062023,66936.99999999997,66519.30953674497,62973.662245442814,58114.45583945497,56101.53810549563
2021-06-01,-0.020000000000000018,-0.0001333511150627409,0.024423518450721993,0.01910653545553065,0.012743417598790163,-0.010000000000000009,0.016458304817067893,0.029771470873541706,0.025383276161152324,0.00036093835546968656,-0.010000000000000009,0.012997012504073036,0.018114360203665303,0.021766094894460686,0.004363126576528709,4204.110000000003,4118.061676265491,3935.10647252341,3630.8664126807253,3295.837587068704,67964.03999999996,67125.9326833502,64830.05742005641,59572.43380810749,56570.74406380187
2021-07-01,0.030000000000000027,0.009766962540956659,0.02777689155135432,0.015088815098013297,0.015279205475539959,0.020000000000000018,0.016458304817067893,0.026444159473481665,0.02622548685210435,0.0033287312649608047,0.010000000000000009,0.016362475806900978,0.018114360203665303,0.0226136888141224,0.006490119435031971,4297.499999999997,4227.295439865614,4024.4222712976907,3731.023862422714,3348.301982611067,66248.73999999996,67046.22830655338,66018.30265649459,60562.243236055576,56876.73317172763
2021-08-01,0.040000000000000036,0.01632407460027885,0.021332408045933615,0.01841195173446475,0.016939727519233783,0.040000000000000036,0.016458304817067893,0.023190675210244427,0.032201763704196695,0.00711984672445265,0.050000000000000044,0.016362475806900978,0.023045032543205224,0.028510044076265117,0.010255217209589773,4395.260000000002,4298.2485524028025,4138.941404475993,3824.0072046703062,3402.9412672194676,68970.77999999997,67718.49795497762,67116.22555080822,61648.42060933416,57339.348344287915
2021-09-01,0.0,0.023191337471081264,0.011461760901175566,0.02188231845095756,0.017365674440473544,-0.010000000000000009,0.016458304817067893,0.016458304817067893,0.03048280299631556,0.00628090182886476,-0.030000000000000027,0.009471670874924065,0.011232805442838112,0.022555141667942147,0.007731977377229304,4522.6799999999985,4404.184056235723,4258.721214227092,3906.5454080683467,3465.227757522566,67427.93000000005,67539.96999851147,67332.63310009528,62658.94884230936,57816.80696259035
2021-10-01,-0.030000000000000027,0.0029247707098551956,0.00634005156148687,0.023658024891434204,0.013214925745823392,0.050000000000000044,0.026327449260247437,0.02138095697065756,0.04003000515463451,0.007087564653892375,0.010000000000000009,0.009471670874924065,0.012911213615175221,0.026004361065285364,0.007318375853295533,4307.540000000002,4407.611116689059,4316.512047561326,3987.964873802562,3518.9965314548613,64281.770000000026,66864.80769911373,66955.45655726244,63549.74220171716,58201.43112350924
2021-11-01,0.0,-0.01010170075087069,0.0030241636833885366,0.02031777001724433,0.01406818834968493,-0.010000000000000009,0.009609037322733105,0.01302788244206643,0.026385802707976413,0.007087564653892375,-0.010000000000000009,-0.010134698460793734,0.0030263947612405584,0.015509454506914988,0.007318375853295533,4605.380000000004,4476.757696106181,4386.595388478182,4103.408604417146,3580.550396807661,67464.68999999999,66374.520396254,67043.14156162104,64976.55128025946,58636.38279333829
2021-12-01,0.040000000000000036,0.0029247707098551956,0.013007372888023117,0.01869945378922777,0.013663932454959227,0.050000000000000044,0.02960647297347041,0.023011265894610666,0.026385802707976413,0.008718680517911359,0.07000000000000006,0.022775026995761394,0.01610157731919548,0.017107470867394614,0.00932897348414663,4566.999999999998,4491.333559007364,4447.545399277377,4183.489017718888,3636.833725548466,70475.02000000003,67359.65576012779,67449.75262571087,66126.9337081047,59229.63618048025
2022-01-01,0.040000000000000036,0.026491977549256918,0.014639951519303418,0.021187296932510202,0.015321812667280277,0.050000000000000044,0.02960647297347041,0.027965653681435887,0.027204624873082173,0.012492114937024068,0.020000000000000018,0.026139442762313392,0.017771436932642493,0.017942884127710945,0.011444968669318767,4766.180000000003,4645.391524845435,4524.940049196786,4267.350954712484,3696.2345399791884,73709.38999999997,70503.6371538521,68660.12080227995,67326.25536496994,59863.81502532514
2022-02-01,0.040000000000000036,0.040000000000000036,0.014639951519303418,0.017980680064616728,0.020986612634084967,0.050000000000000044,0.050000000000000044,0.02960647297347041,0.02639356110731872,0.01949074339362733,0.020000000000000018,0.03640151796392965,0.01286618123770733,0.017942884127710945,0.01580287905712452,4515.549999999999,4614.989610794422,4545.348315393447,4337.388598323919,3748.4136328775708,74304.56,72810.02254530133,69517.84285593187,68306.48023454523,60569.85328662091
2022-03-01,0.020000000000000018,0.033290135782351626,0.017994239918021515,0.014722743656973458,0.025852678465191792,0.030000000000000027,0.04329055160674966,0.03642592843211512,0.02639356110731872,0.03305620817220811,0.030000000000000027,0.023322499033532118,0.023048726393025243,0.017123607874255153,0.021529436608435537,4373.940000000001,4549.0219457857975,4520.0857414202455,4387.4581397191705,3810.207689028991,76090.51000000002,74694.66666353711,70932.41306391351,69109.08905929058,61586.14140031496
2022-04-01,-0.040000000000000036,0.006085557531991137,0.016237547788291673,0.011276691237362746,0.01890735281474676,-0.030000000000000027,0.016091346386371663,0.022826587145512667,0.022103516476543295,0.025385152646087095,-0.030000000000000027,0.006320632105875745,0.016181722266909393,0.014545150082012848,0.0177598098183136,4530.41,4472.740207782459,4558.248686549207,4435.734286838052,3900.356944632983,75497.14999999995,75293.73480209669,72859.33184674186,69845.04243651961,62958.20852110982
2022-05-01,0.0,-0.006981967755038232,0.016237547788291673,0.009609239495166788,0.01806698945176155,0.010000000000000009,0.003021196512844382,0.02624181182530605,0.019613441215296623,0.025810362515421126,0.010000000000000009,0.003021196512844382,0.01957475969931166,0.011266728124068592,0.018181857587027173,4131.929999999998,4342.3134205024,4476.576311517541,4431.3575189704,3957.6117951614833,72438.24999999997,74657.99723986027,73728.22033523116,70306.27050158595,63920.35068994976
2022-06-01,-0.09999999999999998,-0.047559368819080294,-0.007957909603850899,0.0024699256269715697,0.010754002121221573,-0.10999999999999999,-0.044653233025524264,-0.0016492322372233525,0.01060579987246002,0.017967723447401385,-0.06000000000000005,-0.027087789816729657,-0.0022009449468388675,0.006908731557691672,0.014310210221132325,4132.149999999996,4260.778346204528,4402.542324459401,4424.98666378436,4008.3131964429094,72094.87000000001,73327.62597950593,74007.99001513507,70652.81856339819,64876.50444858864
2022-07-01,0.030000000000000027,-0.024950692828883292,-0.00955412776546205,0.0024699256269715697,0.008759638851632445,0.030000000000000027,-0.0253480970886526,-0.004844050267883815,0.011427771213221583,0.01879976292156016,0.020000000000000018,-0.01065036082830395,-0.0022009449468388675,0.007735767962757434,0.015147472550824936,3785.3800000000033,4013.096461684398,4236.690967797762,4378.444630004515,4041.7950558166885,66223.30999999998,70193.09698149675,72698.69681432271,70650.55812335154,65412.20585043109
2022-08-01,-0.010000000000000009,-0.02821175165976042,-0.017654208475649358,-0.0016376978834492517,0.008337295073741702,-0.020000000000000018,-0.035095269233111126,-0.016221621718230272,0.006431610319475922,0.01923524429810497,-0.010000000000000009,-0.017224306725091676,-0.007153157948146194,0.0028065563522101655,0.015576986482944699,4130.29,4012.565443000747,4174.18534350869,4355.816137148339,4081.260784665308,68934.00999999995,69042.46160364093,71795.34816128609,70647.41856300988,65994.71252267287
2022-09-01,-0.040000000000000036,-0.00707933201022104,-0.0275299553545284,-0.005028189373230907,0.008337295073741702,-0.010000000000000009,-0.00023138686908708017,-0.02269466783549523,0.006431610319475922,0.018386207107160768,-0.040000000000000036,-0.010303123105292133,-0.018731343662139466,0.001940940932070756,0.01219556450209014,3954.9999999999986,3954.384622024668,4104.724361553648,4307.40247298485,4102.081561390446,67257.14000000003,67462.26864917958,70333.83343358847,70632.48917281572,66526.36894032745
2022-10-01,0.040000000000000036,-0.0038763399292714995,-0.014469845916056823,0.0007660800894899733,0.012147335580522167,0.08000000000000007,0.015691166182392635,-0.005040037041733725,0.008797057519018159,0.02429449326425881,0.050000000000000044,-0.0006938146007042789,-0.005684550081395345,0.005189129654158409,0.015543416462627135,3585.6199999999976,3883.5654533851753,3947.7998735837227,4242.060291473863,4113.051343884237,63726.37000000004,66603.49868720322,68374.7459941281,70581.43084083096,66973.36723356323
2022-11-01,0.07000000000000006,0.022263332380139333,-0.003293677597983935,0.006424557005099807,0.013347353918702565,0.09000000000000008,0.052353902722471535,0.0076811297121284206,0.016919125741052143,0.021641499334685177,0.08000000000000007,0.028714265877607614,0.005482658144661423,0.012504192366465272,0.014005710080586153,3871.98,3800.8557459269473,3905.276595573619,4181.182629988296,4142.113125630037,66671.64999999998,65866.75405945996,67435.9168061707,70511.91582349161,67687.67411791677
2022-12-01,-0.040000000000000036,0.022263332380139333,0.007485181453476875,-0.00026618270048961445,0.009172083253213614,-0.040000000000000036,0.04161484826674644,0.020477257104837054,0.00935338366454519,0.017833966277676527,-0.040000000000000036,0.028714265877607614,0.009016994978826132,0.0033923480485851254,0.010226634677285018,4080.1100000000015,3840.5188946611743,3897.0360133226045,4142.086599014441,4162.736347685121,74828.0,68250.86945366602,67855.42345984194,70864.96761706022,68454.9713154495
2023-01-01,0.050000000000000044,0.025529371606166862,0.010719580870168555,0.0005313772488499957,0.010806575279818098,0.050000000000000044,0.031879560489458614,0.023753365881310717,0.00935338366454519,0.01823988520952935,0.050000000000000044,0.028714265877607614,0.013903609274564577,0.005819100658339016,0.01186283469395688,3839.500000000002,3929.1015729683513,3906.2671777916044,4068.126543633183,4166.548460109678,73048.56999999999,71428.63662534606,68973.88774068622,70811.80552661243,69047.04009383742
2023-02-01,0.0,0.002659586992916907,0.01241401148061616,-0.002733414047041749,0.0075704031848646824,-0.050000000000000044,-0.01433792697122438,0.01846223755098242,0.0009700936587107023,0.013602120653015692,-0.020000000000000018,-0.00406987474278242,0.012189472218206987,0.0024715063531628445,0.010177576682926404,4076.600000000003,3997.1298684822077,3897.7578808450303,4033.604907793716,4182.740423438582,79476.60000000002,75736.46819827314,70629.42494824751,71210.00041681738,69743.13239444546
2023-03-01,-0.050000000000000044,-0.0008340287438943772,0.010648670595823306,-0.00862441132777192,0.0029812347855917576,-0.050000000000000044,-0.017772317440515106,0.011485510787275555,-0.005751448027434991,0.010193205226067592,-0.030000000000000027,-0.0006237222819361898,0.013939166749284748,-0.0025298381583533924,0.007248951232659673,3970.1499999999987,3960.8943836893754,3900.242383343368,4001.177643935675,4189.869725740903,77733.87000000007,76704.42752708992,72354.2957700166,71336.91191240551,70214.16535314995
2023-04-01,0.040000000000000036,-0.004016107527580082,0.010648670595823306,-0.0019896092439547486,0.00462164309967017,0.040000000000000036,-0.020900452264294156,0.005143179349562876,3.8609501350705955e-05,0.011010870062059919,0.030000000000000027,-0.007009687577924861,0.010694464349563448,0.0024715063531628445,0.008490260174093711,4109.309999999998,4051.5821759575347,3989.8720330667347,3968.780218055247,4195.767804472523,76100.17,77757.9972602645,74526.15557870141,71384.22157641708,70610.43827714298
2023-05-01,-0.040000000000000036,-0.01747699941834302,-0.007459771105349233,-0.005378905624034869,0.00208714525173348,-0.07999999999999996,-0.03131719508736186,-0.022864440521418783,-0.007709183526689478,0.005859360979798556,-0.07000000000000006,-0.024192910226744524,-0.014182736433998477,-0.004398592500372445,0.003403497042872461,4169.479999999998,4082.1215075849677,4039.402214646152,3971.7734151063855,4195.278365124574,78218.37000000001,77345.47182055764,76536.74199542408,71842.36670478055,71070.1686737853
2023-06-01,0.030000000000000027,0.009362732328609402,0.004251410154265889,0.005866996269477287,0.004167024424168275,0.030000000000000027,-0.004855538091699696,-0.011335022046347842,0.004445182624595478,0.007520782522310254,0.06000000000000005,0.005098626493264202,0.00223336807570762,0.005619461487921917,0.006263890039055697,4179.830000000001,4152.756587732423,4055.691373046488,3975.572527575768,4194.266019529831,75067.47000000004,76450.80392579317,76577.51072817495,72084.67022574665,71365.15349835563
2023-07-01,0.040000000000000036,0.009362732328609402,0.0026509976363886523,0.006677205508353268,0.004571362988377459,0.050000000000000044,-0.0016761412130212872,-0.011335022046347842,0.0060562106110291225,0.008738415454438986,0.050000000000000044,0.01156246090084867,0.00223336807570762,0.00805160047854847,0.007893671849534378,4450.379999999999,4264.609293294599,4156.731616110462,4029.5543387597218,4200.379482363226,76027.82999999997,76426.5718111944,77089.41021472991,72918.83537038777,71775.73708811375
2023-08-01,-0.020000000000000018,0.01632407460027885,-0.00071936907611303,0.005825885602738667,0.00208714525173348,-0.030000000000000027,0.016091346386371663,-0.007896066198198493,0.0051966933406191185,0.0058139623044670685,-0.050000000000000044,0.018762436020672846,-0.0029465371086436765,0.004592961540811125,0.0036993615114084832,4588.959999999998,4403.081628511371,4239.566049306929,4065.071851797412,4207.934242621952,78977.88999999993,76673.14922983058,77008.57682503088,73750.06193294199,72182.07206613563
2023-09-01,-0.020000000000000018,-0.0003948225309819975,0.0044721067207154075,0.007555655687504492,0.0012439638003507447,0.0,0.006129024974034669,0.0006216703470440788,0.006038926352154972,0.0062352491801687115,-0.020000000000000018,-0.007540042687616211,-0.0012406996957472494,0.006320611303173518,0.004128388289285523,4507.660000000001,4515.309391051605,4330.241148368257,4109.6230112350495,4207.35102470237,74953.73000000004,76634.40537396843,76542.54960037018,74418.9648657651,72501.01226578034
2023-10-01,-0.030000000000000027,-0.02334473591597852,-0.007125674670269477,0.0017220757092344385,0.0012439638003507447,-0.06000000000000005,-0.030309377014392958,-0.016096913020118397,-0.005533571698467132,0.0016061135356721934,-0.030000000000000027,-0.03341406408115233,-0.011181488841243592,-0.00030334827282119114,0.002439128958870551,4288.050000000001,4459.728922255153,4361.078259916896,4171.348994697198,4206.55610082273,72382.88999999994,75389.6225484152,75906.32651536111,75213.07536341588,72860.45944596072
2023-11-01,0.10000000000000009,0.014994054661964906,0.015658846921103864,0.00403299965785453,0.005228067106742618,0.06000000000000005,-0.0012014428869302485,0.007407847232581588,-0.007843746968895227,0.0044613827474448975,0.09000000000000008,0.011908947319426932,0.01532990904545617,0.00046476827118135944,0.006466478423159172,4193.799999999999,4327.857452192664,4365.307545014008,4199.195075791215,4190.179176381796,69653.44000000005,72297.60583143026,74453.24160266353,75487.80403244981,72957.45176781238
2023-12-01,0.010000000000000009,0.02524721381947992,0.012345011900408265,0.008290090085002255,0.00400283899297138,0.040000000000000036,0.011942150661131024,0.009031401580154697,-0.0012037202723539364,0.004060956583144426,0.020000000000000018,0.025493238716755906,0.008841402759110606,0.005531957195535675,0.004461582923069196,4567.799999999999,4347.019720783678,4430.365737270273,4238.891880366535,4190.209757434806,75534.36000000004,72483.810708084,74530.22065328981,75546.9310132445,73168.51026705361
2024-01-01,-0.020000000000000018,0.028758361821159983,0.002368330277393804,0.0025096539942894847,0.0015200271667934473,-0.050000000000000044,0.015517947690869338,-0.007660223839926816,-0.009499327148218994,-0.0001174040593797665,-0.030000000000000027,0.025493238716755906,-0.004395991408488786,-0.0010868111790964807,0.0023601973420506184,4769.830000000004,4504.079397002665,4481.8493130224215,4316.2310940013795,4190.343417044174,76893.15000000004,73959.09658512114,74670.93398656003,75870.53631337082,73297.5425909959
2024-02-01,-0.020000000000000018,-0.01010034006779359,0.002368330277393804,0.0008232898457736226,-0.0009566448813632666,-0.050000000000000044,-0.020900452264294156,-0.011099997194619293,-0.009499327148218994,-0.004278376616504764,-0.010000000000000009,-0.006878539149744345,0.0024711926082034985,-0.00024134210358695007,0.0011141632056923534,4845.650000000002,4726.293668534256,4522.691017934102,4378.841383909474,4202.680475830581,74555.87000000002,75655.0663888176,73957.28636874745,75467.51221510657,73307.85522777273
